#VRML V2.0 utf8
# 3D model generated by easyeda2kicad.py (https://github.com/uPesy/easyeda2kicad.py)

Shape{
    appearance Appearance {
        material  Material 	{
            diffuseColor 1.0 1.0 1.0
            specularColor 0.7529411764705882 0.7529411764705882 0.7529411764705882
            ambientIntensity 1.0
            transparency 1.0
            shininess 0.5
        }
    }
    geometry IndexedFaceSet {
        ccw TRUE
        solid FALSE
        coord DEF co Coordinate {
            point [
                0.0037 -1.0039 -1.3312, 0.0481 -0.8465 -1.3481, 0.0037 -0.8465 -1.3312, 0.0952 -0.8465 -1.3538, 0.0481 -1.0039 -1.3481, 0.0952 -1.0039 -1.3538, -0.0668 -0.8465 -1.2688, -0.0889 -0.8465 -1.2267, -0.0889 -1.0039 -1.2267, -0.0668 -1.0039 -1.2688, -0.0354 -1.0039 -1.3043, -0.0354 -0.8465 -1.3043, -0.0889 -1.0039 -1.0871, -0.1002 -0.8465 -1.1332, -0.0889 -0.8465 -1.0871, -0.1002 -1.0039 -1.1332, -0.1002 -1.0039 -1.1807, -0.1002 -0.8465 -1.1807, 0.0037 -1.0039 -0.9826, -0.0354 -1.0039 -1.0096, -0.0354 -0.8465 -1.0096, -0.0668 -0.8465 -1.0451, -0.0668 -1.0039 -1.0451, 0.0037 -0.8465 -0.9826, 0.0481 -1.0039 -0.9658, 0.0481 -0.8465 -0.9658, 0.0952 -1.0039 -0.9601, 0.0952 -0.8465 -0.9601, 1.25 0.8406 1.0187, 1.1319 0.8816 1.0032, 1.1319 0.8406 1.0187, 1.1319 0.9252 0.9979, 1.25 0.8816 1.0032, 1.25 0.9252 0.9979, 1.1319 0.7753 1.0765, 1.1319 0.7549 1.1154, 1.25 0.7549 1.1154, 1.25 0.7753 1.0765, 1.25 0.8044 1.0437, 1.1319 0.8044 1.0437, 1.25 0.7549 1.2445, 1.1319 0.7444 1.2019, 1.1319 0.7549 1.2445, 1.25 0.7444 1.2019, 1.25 0.7444 1.158, 1.1319 0.7444 1.158, 1.25 0.8406 1.3412, 1.25 0.8044 1.3162, 1.1319 0.8044 1.3162, 1.1319 0.7753 1.2834, 1.25 0.7753 1.2834, 1.1319 0.8406 1.3412, 1.25 0.8816 1.3567, 1.1319 0.8816 1.3567, 1.25 0.9252 1.362, 1.1319 0.9252 1.362, 1.3681 1.4177 2.5591, 1.3628 1.4322 2.6321, 1.3681 1.4127 2.6292, 1.3628 0.9981 2.0522, 1.3628 0.9252 2.047, 1.3484 1.0001 2.038, 1.3484 1.4305 2.7076, 1.3484 1.4042 2.778, 1.3628 1.4166 2.7035, 1.3484 1.3682 2.8439, 1.3287 1.3726 2.8468, 1.3628 1.3561 2.8361, 1.3681 1.3395 2.8254, 1.3681 1.3732 2.7637, 1.3628 1.3911 2.772, 1.3628 1.2021 2.9901, 1.3484 1.1439 3.0382, 1.3628 1.138 3.0251, 1.3484 1.2099 3.0022, 1.3628 1.2606 2.9463, 1.3484 1.3232 2.9041, 1.3484 1.27 2.9572, 1.3628 1.3123 2.8946, 1.3681 1.2478 2.9314, 1.3681 1.2974 2.8817, 1.3287 1.1461 3.043, 1.3484 1.4464 2.6342, 1.3628 1.4374 2.5592, 1.3484 1.4518 2.5592, 1.3681 0.9953 3.0467, 1.3628 0.9252 3.0714, 1.3681 0.9252 3.0517, 1.3628 1.0695 3.0507, 1.3484 1.0735 3.0645, 1.3484 1.0001 3.0804, 1.3628 0.9981 3.0662, 1.3681 1.064 3.0318, 1.3681 1.1298 3.0072, 1.3681 1.1915 2.9735, 1.3484 0.9252 3.0858, 1.3287 1.4516 2.6349, 1.3287 0.9252 3.0911, 1.3628 1.4322 2.4863, 1.3681 1.4127 2.489, 1.3681 1.3977 2.4204, 1.3287 1.4516 2.4835, 1.3484 1.4464 2.4843, 1.3484 1.4305 2.4109, 1.3628 1.4166 2.4149, 1.3681 1.3731 2.3545, 1.3681 1.3394 2.2929, 1.3628 1.3911 2.3464, 1.3484 1.4042 2.3405, 1.3484 1.3682 2.2745, 1.3287 1.409 2.3383, 1.3628 1.3561 2.2823, 1.3681 1.2476 2.187, 1.3628 1.3123 2.2238, 1.3681 1.2973 2.2366, 1.3628 1.2606 2.1721, 1.3484 1.27 2.1612, 1.3484 1.3232 2.2144, 1.3484 1.2099 2.1162, 1.3287 1.2735 2.1573, 1.3287 1.3272 2.2109, 1.3681 1.0639 2.0867, 1.3628 1.138 2.0933, 1.3681 1.1297 2.1112, 1.3628 1.2021 2.1283, 1.3628 1.0695 2.0678, 1.3484 1.1439 2.0802, 1.3681 0.9953 2.0717, 1.3681 0.9252 2.0667, 1.3484 1.0735 2.054, 1.3287 1.0009 2.0328, 1.3484 0.9252 2.0326, 1.3287 0.9252 2.0273, 1.3287 1.075 2.0489, 1.3287 1.1461 2.0754, 1.3287 1.2127 2.1118, 1.3681 1.1914 2.1449, 1.3287 1.3726 2.2717, 1.3287 1.4355 2.4094, 1.3287 1.4571 2.5592, 1.3287 1.4355 2.7091, 1.3287 1.409 2.7802, 1.3681 1.3978 2.6979, 1.3287 1.3272 2.9075, 1.3287 1.2735 2.9612, 1.3287 1.2127 3.0067, 1.3287 1.075 3.0695, 1.3287 1.0009 3.0857, 1.3484 1.2673 2.5592, 1.3628 1.2763 2.6211, 1.3484 1.2621 2.6186, 1.3484 0.9846 2.2223, 1.3628 0.9871 2.2081, 1.3628 1.0471 2.2242, 1.3287 1.2416 2.6745, 1.3484 1.2466 2.6762, 1.3484 1.2214 2.7303, 1.3287 1.2568 2.6178, 1.3287 1.2168 2.7277, 1.3484 1.1872 2.7791, 1.3628 1.2339 2.7375, 1.3628 1.1983 2.7884, 1.3484 1.1451 2.8213, 1.3287 1.1831 2.7758, 1.3628 1.1543 2.8323, 1.3628 1.1034 2.8679, 1.3287 1.0935 2.8509, 1.3484 1.0962 2.8555, 1.3484 1.0422 2.8807, 1.3287 1.1416 2.8173, 1.3484 0.9846 2.8961, 1.3628 0.9871 2.9103, 1.3681 1.2787 2.6879, 1.3628 1.2602 2.6811, 1.3287 1.0403 2.8757, 1.3287 0.9837 2.8909, 1.3287 0.9252 2.896, 1.3484 0.9252 2.9013, 1.3628 1.0471 2.8942, 1.3628 0.9252 2.9157, 1.3287 1.262 2.5593, 1.3681 0.9252 2.9354, 1.3287 1.2569 2.5009, 1.3484 1.2621 2.4998, 1.3287 1.2417 2.4441, 1.3484 1.2466 2.4422, 1.3628 1.2602 2.4373, 1.3628 1.2763 2.4973, 1.3287 1.2169 2.3909, 1.3484 1.2214 2.3882, 1.3681 1.2956 2.4939, 1.3628 1.1983 2.3301, 1.3681 1.251 2.3711, 1.3628 1.2339 2.381, 1.3287 1.1832 2.3428, 1.3484 1.1451 2.2972, 1.3287 1.1417 2.3013, 1.3287 1.0936 2.2676, 1.3484 1.1872 2.3393, 1.3681 1.167 2.2711, 1.3628 1.1543 2.2861, 1.3628 1.1034 2.2505, 1.3484 1.0962 2.263, 1.3287 1.0404 2.2427, 1.3484 1.0422 2.2378, 1.3287 0.9837 2.2275, 1.3287 0.9252 2.2224, 1.3484 0.9252 2.2171, 1.3628 0.9252 2.2027, 1.3681 0.9252 2.183, 1.3681 0.9905 2.1888, 1.3681 1.0538 2.2057, 1.3681 1.1133 2.2334, 1.3681 1.2134 2.3174, 1.3681 1.2787 2.4306, 1.3681 1.3014 2.5592, 1.3681 1.2956 2.6245, 1.3628 1.2817 2.5592, 1.3681 1.251 2.7473, 1.3681 1.2134 2.801, 1.3681 1.167 2.8474, 1.3681 1.1133 2.885, 1.3681 1.0538 2.9127, 1.3681 0.9905 2.9297, 1.25 0.8035 2.8733, 1.3287 0.81 2.8757, 1.3287 0.7567 2.8509, 1.25 0.9252 2.896, 1.3287 0.8667 2.8909, 1.25 0.8633 2.8903, 1.3287 0.6671 2.7756, 1.3287 0.6335 2.7275, 1.25 0.6564 2.7622, 1.25 0.6983 2.8081, 1.25 0.7479 2.8456, 1.3287 0.7086 2.8172, 1.25 0.5898 2.5903, 1.3287 0.5935 2.6176, 1.3287 0.5884 2.5591, 1.25 0.6012 2.6514, 1.25 0.6237 2.7093, 1.3287 0.6087 2.6743, 1.3287 0.6336 2.3907, 1.25 0.6237 2.4091, 1.3287 0.6088 2.4439, 1.3287 0.5935 2.5006, 1.25 0.6012 2.467, 1.25 0.5898 2.5281, 1.3287 0.7088 2.3012, 1.25 0.7479 2.2729, 1.25 0.6983 2.3103, 1.25 0.6564 2.3562, 1.3287 0.6673 2.3426, 1.25 0.8035 2.2452, 1.3287 0.7569 2.2675, 1.3287 0.8101 2.2427, 1.25 0.8633 2.2282, 1.3287 0.8667 2.2275, 1.25 0.9252 2.2224, 1.25 1.4516 2.4835, 1.25 1.4571 2.5592, 1.25 1.4355 2.4094, 1.25 1.409 2.3383, 1.25 1.3726 2.2717, 1.25 1.3272 2.2109, 1.25 1.2735 2.1573, 1.25 1.2127 2.1118, 1.25 1.1461 2.0754, 1.25 1.075 2.0489, 1.25 1.0009 2.0328, 1.25 0.9252 2.0273, 1.25 1.4516 2.6349, 1.25 1.4355 2.7091, 1.25 1.409 2.7802, 1.25 1.3726 2.8468, 1.25 1.3272 2.9075, 1.25 1.2735 2.9612, 1.25 1.2127 3.0067, 1.25 1.1461 3.043, 1.25 1.075 3.0695, 1.25 1.0009 3.0857, 1.25 0.9252 3.0911, 1.1319 0.2767 2.8909, 1.25 0.2767 2.8909, 1.25 0.3219 2.9673, 1.25 0.3761 3.0377, 1.1319 0.3219 2.9673, 1.25 0.4384 3.101, 1.1319 0.3761 3.0377, 1.1319 0.4384 3.101, 1.25 0.5079 3.1562, 1.25 0.5837 3.2025, 1.1319 0.5079 3.1562, 1.25 0.6645 3.2393, 1.1319 0.5837 3.2025, 1.1319 0.6645 3.2393, 1.25 0.7492 3.266, 1.25 0.8366 3.2821, 1.1319 0.7492 3.266, 1.25 0.9252 3.2876, 1.1319 0.8366 3.2821, 1.1319 0.9252 3.2876, 1.1319 0.2412 2.8095, 1.1319 0.2158 2.7244, 1.25 0.2412 2.8095, 1.25 0.2158 2.7244, 1.1319 0.201 2.6368, 1.1319 0.1969 2.5481, 1.25 0.201 2.6368, 1.1319 0.2037 2.4596, 1.25 0.1969 2.5481, 1.25 0.2037 2.4596, 1.1319 0.2212 2.3725, 1.1319 0.2491 2.2882, 1.25 0.2212 2.3725, 1.1319 0.2871 2.2079, 1.25 0.2491 2.2882, 1.25 0.2871 2.2079, 1.1319 0.3346 2.1329, 1.25 0.3346 2.1329, -3.4573 1.0469 2.1899, -3.4534 1.1039 2.2132, -3.3957 1.1039 2.2084, -3.3957 1.2036 2.2808, -3.3957 1.1566 2.2407, -3.4481 1.1566 2.245, -3.6874 1.1566 2.4313, -3.6623 1.1566 2.385, -3.7169 1.1039 2.4183, -3.4415 1.2036 2.2846, -3.3957 1.2437 2.3278, -3.4338 1.2437 2.331, -3.3957 1.276 2.3805, -3.4251 1.276 2.3829, -3.3957 1.2996 2.4376, -3.4708 1.2437 2.3403, -3.4861 1.2036 2.2959, -3.3957 1.0469 2.1848, -3.3957 0.9868 2.1704, -3.4597 0.9868 2.1757, -3.4573 0.9252 2.1704, -3.5659 1.2437 2.4025, -3.5894 1.2437 2.4326, -3.5272 1.276 2.4382, -3.5173 0.9252 2.1848, -3.4157 1.2996 2.4392, -3.5282 1.2036 2.3144, -3.4704 1.2996 2.4632, -3.5055 1.276 2.4182, -3.5667 1.2036 2.3395, -3.5058 1.2437 2.3557, -3.3957 0.9252 2.1655, -3.3957 1.314 2.4976, -3.4352 1.2996 2.4441, -3.4537 1.276 2.3902, -3.4807 1.276 2.402, -3.6076 1.2437 2.4663, -3.5453 1.276 2.4615, -3.4852 1.2996 2.4768, -3.6731 1.2036 2.5362, -3.6655 1.2036 2.4909, -3.7131 1.1566 2.5329, -3.62 1.2437 2.5024, -3.6655 1.2036 2.6276, -3.6731 1.2036 2.5822, -3.7044 1.1566 2.6374, -3.6263 1.2437 2.5401, -3.6263 1.2437 2.5783, -3.7131 1.1566 2.5855, -3.7357 1.1039 2.6453, -3.6874 1.1566 2.6872, -3.6893 1.1039 2.7511, -3.6623 1.1566 2.7334, -3.6538 1.1039 2.7968, -3.5219 0.9868 2.927, -3.5807 0.9868 2.9012, -3.5744 0.9252 2.91, -3.6271 0.9252 2.8777, -3.6345 0.9868 2.8661, -3.4573 1.0469 2.9285, -3.5172 1.0469 2.9134, -3.4597 0.9868 2.9428, -3.3957 1.0469 2.9336, -3.3957 0.9868 2.9481, -3.3957 0.9252 2.9529, -3.5744 0.9252 2.2084, -3.5219 0.9868 2.1914, -3.4573 0.9252 2.9481, -3.5807 0.9868 2.2172, -3.5172 1.0469 2.2051, -3.5096 1.1039 2.2274, -3.4991 1.1566 2.258, -3.4058 1.314 2.4985, -3.3957 1.3189 2.5592, -3.4157 1.314 2.501, -3.6271 0.9252 2.2407, -3.6345 0.9868 2.2524, -3.5739 1.0469 2.2299, -3.5626 1.1039 2.2507, -3.5473 1.1566 2.2791, -3.4536 1.2996 2.4522, -3.425 1.314 2.5051, -3.6741 0.9252 2.2808, -3.6818 0.9868 2.2959, -3.6256 1.0469 2.2637, -3.6111 1.1039 2.2824, -3.5913 1.1566 2.3079, -3.5378 1.2437 2.3766, -3.6005 1.2036 2.3707, -3.4335 1.314 2.5106, -3.7142 0.9252 2.3278, -3.7212 0.9868 2.3465, -3.6711 1.0469 2.3056, -3.6538 1.1039 2.3216, -3.63 1.1566 2.3435, -3.6287 1.2036 2.407, -3.441 1.314 2.5175, -3.7465 0.9252 2.3805, -3.7518 0.9868 2.403, -3.7091 1.0469 2.3544, -3.6893 1.1039 2.3674, -3.6506 1.2036 2.4474, -3.7044 1.1566 2.481, -3.4975 1.2996 2.4927, -3.4472 1.314 2.5255, -3.7701 0.9252 2.4376, -3.7726 0.9868 2.4638, -3.7386 1.0469 2.4088, -3.6741 0.9252 2.8376, -3.6818 0.9868 2.8226, -3.5594 1.276 2.4874, -3.5071 1.2996 2.5103, -3.4521 1.314 2.5345, -3.7845 0.9252 2.4976, -3.7832 0.9868 2.5271, -3.7586 1.0469 2.4673, -3.7357 1.1039 2.4731, -3.5689 1.276 2.5153, -3.5136 1.2996 2.5294, -3.4554 1.314 2.5441, -3.7894 0.9252 2.5592, -3.7832 0.9868 2.5913, -3.7688 1.0469 2.5283, -3.7453 1.1039 2.5302, -3.5738 1.276 2.5445, -3.5169 1.2996 2.5492, -3.457 1.314 2.5541, -3.7845 0.9252 2.6208, -3.7726 0.9868 2.6547, -3.7688 1.0469 2.5901, -3.7453 1.1039 2.5882, -3.5738 1.276 2.574, -3.5169 1.2996 2.5693, -3.5689 1.276 2.6031, -3.62 1.2437 2.616, -3.6076 1.2437 2.6522, -3.457 1.314 2.5643, -3.7701 0.9252 2.6809, -3.7518 0.9868 2.7154, -3.7586 1.0469 2.6511, -3.7169 1.1039 2.7001, -3.5136 1.2996 2.5891, -3.4521 1.314 2.584, -3.4554 1.314 2.5743, -3.5071 1.2996 2.6081, -3.7465 0.9252 2.738, -3.7212 0.9868 2.7719, -3.7386 1.0469 2.7096, -3.6506 1.2036 2.671, -3.5594 1.276 2.631, -3.5894 1.2437 2.6858, -3.7142 0.9252 2.7906, -3.7091 1.0469 2.764, -3.6287 1.2036 2.7115, -3.5453 1.276 2.657, -3.4975 1.2996 2.6258, -3.5272 1.276 2.6803, -3.5659 1.2437 2.7159, -3.4472 1.314 2.5929, -3.5473 1.1566 2.8393, -3.5626 1.1039 2.8677, -3.5096 1.1039 2.891, -3.6711 1.0469 2.8128, -3.63 1.1566 2.7749, -3.6005 1.2036 2.7478, -3.4852 1.2996 2.6416, -3.5055 1.276 2.7003, -3.4704 1.2996 2.6552, -3.6111 1.1039 2.836, -3.6256 1.0469 2.8547, -3.5913 1.1566 2.8106, -3.5667 1.2036 2.7789, -3.5378 1.2437 2.7418, -3.441 1.314 2.6009, -3.4807 1.276 2.7164, -3.4536 1.2996 2.6662, -3.5739 1.0469 2.8885, -3.5282 1.2036 2.8041, -3.5058 1.2437 2.7627, -3.4335 1.314 2.6078, -3.4537 1.276 2.7283, -3.4352 1.2996 2.6743, -3.5173 0.9252 2.9336, -3.4991 1.1566 2.8605, -3.4861 1.2036 2.8225, -3.4708 1.2437 2.7781, -3.425 1.314 2.6134, -3.4157 1.314 2.6175, -3.4534 1.1039 2.9052, -3.4481 1.1566 2.8734, -3.4415 1.2036 2.8338, -3.4338 1.2437 2.7875, -3.4251 1.276 2.7355, -3.4157 1.2996 2.6792, -3.4058 1.314 2.62, -3.3957 1.1039 2.91, -3.3957 1.1566 2.8777, -3.3957 1.2036 2.8376, -3.3957 1.2437 2.7906, -3.3957 1.276 2.738, -3.3957 1.2996 2.6809, -3.3957 1.314 2.6208, -1.0335 1.167 2.8699, -1.0335 1.2148 2.8259, -1.0335 1.3175 2.5267, -1.0335 1.3175 2.5917, -1.0335 1.1126 2.9055, -1.0335 1.053 2.9316, -1.0335 0.99 2.9475, -1.0335 0.9252 2.9529, -1.0335 1.2548 2.7746, -1.0335 1.2857 2.7174, -1.0335 1.3068 2.6559, -1.0335 1.2548 2.3439, -1.0335 1.2857 2.4011, -1.0335 1.3068 2.4626, -1.0335 1.167 2.2485, -1.0335 1.1126 2.213, -1.0335 1.2148 2.2926, -1.0335 1.053 2.1868, -1.0335 0.99 2.1709, -1.0335 0.9252 2.1655, -3.3957 0.8636 2.9481, -3.3957 0.6938 2.8777, -1.0335 0.7378 2.9055, -3.3957 0.7465 2.91, -3.3957 0.8035 2.9336, -1.0335 0.7974 2.9316, -1.0335 0.8604 2.9475, -1.0335 0.5956 2.7746, -3.3957 0.6067 2.7906, -3.3957 0.5744 2.738, -1.0335 0.6834 2.8699, -3.3957 0.6468 2.8376, -1.0335 0.6355 2.8259, -3.3957 0.5363 2.6208, -3.3957 0.5315 2.5592, -1.0335 0.5328 2.5917, -3.3957 0.5508 2.6809, -1.0335 0.5435 2.6559, -1.0335 0.5646 2.7174, -3.3957 0.5744 2.3805, -1.0335 0.5646 2.4011, -3.3957 0.5508 2.4376, -1.0335 0.5435 2.4626, -1.0335 0.5328 2.5267, -3.3957 0.5363 2.4976, -1.0335 0.5956 2.3439, -3.3957 0.6067 2.3278, -1.0335 0.6355 2.2926, -3.3957 0.6938 2.2407, -1.0335 0.6834 2.2485, -3.3957 0.6468 2.2808, -3.3957 0.7465 2.2084, -1.0335 0.7378 2.213, -1.0335 0.7974 2.1868, -3.3957 0.8035 2.1848, -3.3957 0.8636 2.1704, -1.0335 0.8604 2.1709, -3.4338 0.6067 2.331, -3.4058 0.5363 2.62, -3.4537 0.5744 2.3902, -3.4708 0.6067 2.3403, -3.4251 0.5744 2.3829, -3.4415 0.6468 2.2846, -3.4534 0.7465 2.2132, -3.4481 0.6938 2.245, -3.4573 0.8035 2.1899, -3.4597 0.8636 2.1757, -3.4157 0.5508 2.4392, -3.4536 0.5508 2.4522, -3.4157 0.5363 2.501, -3.425 0.5363 2.5051, -3.5058 0.6067 2.3557, -3.4058 0.5363 2.4985, -3.4472 0.5363 2.5255, -3.4521 0.5363 2.5345, -3.5071 0.5508 2.5103, -3.5667 0.6468 2.3395, -3.5378 0.6067 2.3766, -3.6005 0.6468 2.3707, -3.5894 0.6067 2.6858, -3.6076 0.6067 2.6522, -3.5594 0.5744 2.631, -3.6263 0.6067 2.5401, -3.6731 0.6468 2.5822, -3.6731 0.6468 2.5362, -3.5626 0.7465 2.8677, -3.5096 0.7465 2.891, -3.5172 0.8035 2.9134, -3.6711 0.8035 2.8128, -3.6893 0.7465 2.7511, -3.6538 0.7465 2.7968, -3.5219 0.8636 2.927, -3.4597 0.8636 2.9428, -3.5807 0.8636 2.9012, -3.5739 0.8035 2.8885, -3.6111 0.7465 2.836, -3.6256 0.8035 2.8547, -3.6263 0.6067 2.5783, -3.6655 0.6468 2.6276, -3.6287 0.6468 2.7115, -3.6623 0.6938 2.7334, -3.6506 0.6468 2.671, -3.4554 0.5363 2.5441, -3.5136 0.5508 2.5294, -3.62 0.6067 2.5024, -3.5689 0.5744 2.5153, -3.6506 0.6468 2.4474, -3.6287 0.6468 2.407, -3.5894 0.6067 2.4326, -3.5594 0.5744 2.4874, -3.6076 0.6067 2.4663, -3.4975 0.5508 2.4927, -3.441 0.5363 2.5175, -3.5282 0.6468 2.3144, -3.4335 0.5363 2.5106, -3.4704 0.5508 2.4632, -3.4352 0.5508 2.4441, -3.4807 0.5744 2.402, -3.4991 0.6938 2.258, -3.5096 0.7465 2.2274, -3.5172 0.8035 2.2051, -3.4861 0.6468 2.2959, -3.5219 0.8636 2.1914, -3.4852 0.5508 2.4768, -3.5055 0.5744 2.4182, -3.5473 0.6938 2.2791, -3.5626 0.7465 2.2507, -3.5739 0.8035 2.2299, -3.5807 0.8636 2.2172, -3.5659 0.6067 2.4025, -3.5272 0.5744 2.4382, -3.5913 0.6938 2.3079, -3.6111 0.7465 2.2824, -3.6538 0.7465 2.3216, -3.6345 0.8636 2.2524, -3.6256 0.8035 2.2637, -3.5453 0.5744 2.4615, -3.63 0.6938 2.3435, -3.6893 0.7465 2.3674, -3.6818 0.8636 2.2959, -3.6711 0.8035 2.3056, -3.457 0.5363 2.5541, -3.5169 0.5508 2.5492, -3.6623 0.6938 2.385, -3.7169 0.7465 2.4183, -3.7212 0.8636 2.3465, -3.7091 0.8035 2.3544, -3.457 0.5363 2.5643, -3.5169 0.5508 2.5693, -3.6874 0.6938 2.4313, -3.7357 0.7465 2.4731, -3.7518 0.8636 2.403, -3.7386 0.8035 2.4088, -3.7169 0.7465 2.7001, -3.7091 0.8035 2.764, -3.6655 0.6468 2.4909, -3.5738 0.5744 2.5445, -3.7044 0.6938 2.481, -3.7453 0.7465 2.5302, -3.7726 0.8636 2.4638, -3.7586 0.8035 2.4673, -3.4554 0.5363 2.5743, -3.5136 0.5508 2.5891, -3.5738 0.5744 2.574, -3.7688 0.8035 2.5283, -3.7453 0.7465 2.5882, -3.7131 0.6938 2.5329, -3.7832 0.8636 2.5271, -3.4521 0.5363 2.584, -3.5071 0.5508 2.6081, -3.5689 0.5744 2.6031, -3.62 0.6067 2.616, -3.7688 0.8035 2.5901, -3.7131 0.6938 2.5855, -3.7357 0.7465 2.6453, -3.7832 0.8636 2.5913, -3.4472 0.5363 2.5929, -3.4975 0.5508 2.6258, -3.7586 0.8035 2.6511, -3.7044 0.6938 2.6374, -3.7726 0.8636 2.6547, -3.441 0.5363 2.6009, -3.4852 0.5508 2.6416, -3.7386 0.8035 2.7096, -3.6874 0.6938 2.6872, -3.7518 0.8636 2.7154, -3.4335 0.5363 2.6078, -3.4704 0.5508 2.6552, -3.5453 0.5744 2.657, -3.63 0.6938 2.7749, -3.7212 0.8636 2.7719, -3.5378 0.6067 2.7418, -3.5272 0.5744 2.6803, -3.5055 0.5744 2.7003, -3.5659 0.6067 2.7159, -3.6005 0.6468 2.7478, -3.6818 0.8636 2.8226, -3.4536 0.5508 2.6662, -3.425 0.5363 2.6134, -3.5667 0.6468 2.7789, -3.5913 0.6938 2.8106, -3.6345 0.8636 2.8661, -3.4352 0.5508 2.6743, -3.4157 0.5363 2.6175, -3.4807 0.5744 2.7164, -3.5058 0.6067 2.7627, -3.5282 0.6468 2.8041, -3.5473 0.6938 2.8393, -3.4157 0.5508 2.6792, -3.4537 0.5744 2.7283, -3.4708 0.6067 2.7781, -3.4861 0.6468 2.8225, -3.4991 0.6938 2.8605, -3.4251 0.5744 2.7355, -3.4338 0.6067 2.7875, -3.4415 0.6468 2.8338, -3.4481 0.6938 2.8734, -3.4534 0.7465 2.9052, -3.4573 0.8035 2.9285, 1.1319 1.5157 0.0789, 1.1319 1.5157 -0.1749, 1.1319 0.3346 -0.1749, 1.1319 0.3346 0.0789, 0.9934 1.5157 -0.7466, 1.1227 1.5157 -0.2165, 1.2315 1.5157 -0.2363, 0.8942 1.5157 -0.7061, 0.9843 1.5157 -0.7935, 0.9885 1.5157 -0.8172, 0.9087 1.5157 -0.9054, 0.8926 1.5157 -0.8691, 0.9007 1.5159 -0.8873, 0.8757 1.5157 -0.7874, 0.8806 1.5157 -0.7457, 0.8798 1.5157 -0.8292, 0.9859 1.5157 -0.7695, 1.1296 1.5157 -0.1962, 1.25 1.5157 -0.153, 1.25 1.5157 2.1329, 1.1319 1.5157 2.1329, 1.2453 1.5157 -0.1957, 1.25 1.0138 3.2821, 1.25 1.2667 3.2025, 1.1319 1.1859 3.2393, 1.25 1.1859 3.2393, 1.25 1.1012 3.266, 1.1319 1.1012 3.266, 1.1319 1.0138 3.2821, 1.1319 1.412 3.101, 1.25 1.412 3.101, 1.25 1.4743 3.0377, 1.1319 1.2667 3.2025, 1.25 1.3424 3.1562, 1.1319 1.3424 3.1562, 1.25 1.5736 2.8909, 1.25 1.6092 2.8095, 1.1319 1.5736 2.8909, 1.25 1.5285 2.9673, 1.1319 1.5285 2.9673, 1.1319 1.4743 3.0377, 1.25 1.6535 2.5481, 1.1319 1.6494 2.6368, 1.25 1.6494 2.6368, 1.1319 1.6346 2.7244, 1.1319 1.6092 2.8095, 1.25 1.6346 2.7244, 1.25 1.6292 2.3725, 1.1319 1.6467 2.4596, 1.25 1.6467 2.4596, 1.1319 1.6535 2.5481, 1.25 1.6012 2.2882, 1.1319 1.6292 2.3725, 1.1319 1.6012 2.2882, 1.25 1.5632 2.2079, 1.1319 1.5632 2.2079, 0.8798 0.3346 -0.8292, 0.8806 0.3346 -0.7457, 0.8757 0.3346 -0.7874, 1.2315 0.3346 -0.2363, 1.1296 0.3346 -0.1962, 0.8926 0.3346 -0.8691, 0.8942 0.3346 -0.7061, 1.1227 0.3346 -0.2165, 0.9934 0.3346 -0.7466, 1.25 0.3346 -0.153, 0.9087 0.3346 -0.9054, 0.9885 0.3346 -0.8172, 0.9843 0.3346 -0.7935, 1.2453 0.3346 -0.1957, 0.9859 0.3346 -0.7695, 0.9007 0.3345 -0.8873, 1.25 0.4149 2.4094, 1.25 0.3987 2.4835, 1.25 0.4778 2.2717, 1.25 0.4414 2.3383, 1.25 0.7042 3.043, 1.25 0.7753 3.0695, 1.25 0.8495 3.0857, 1.25 0.5232 2.9075, 1.25 0.5769 2.9612, 1.25 0.6376 3.0067, 1.25 0.5769 2.1573, 1.25 0.4778 2.8468, 1.25 0.4414 2.7802, 1.25 0.7753 2.0489, 1.25 0.3933 2.5592, 1.25 0.3987 2.6349, 1.25 0.5232 2.2109, 1.25 1.075 1.2834, 1.25 1.0459 1.3162, 1.25 0.9688 1.3567, 1.25 1.0098 1.3412, 1.25 0.8495 2.0328, 1.25 0.7042 2.0754, 1.25 0.6376 2.1118, 1.25 0.4149 2.7091, 1.25 1.0954 1.2445, 1.25 1.1059 1.2019, 1.25 1.1059 1.158, 1.25 1.0954 1.1154, 1.25 1.0459 1.0437, 1.25 1.075 1.0765, 1.25 0.9688 1.0032, 1.25 1.0098 1.0187, 1.3681 0.7865 2.0867, 1.3681 0.7965 2.2057, 1.3681 0.7207 2.1112, 1.3681 0.637 2.3174, 1.3681 0.5109 2.2929, 1.3681 0.5531 2.2366, 1.3681 0.5547 2.4939, 1.3681 0.4527 2.4204, 1.3681 0.5717 2.4306, 1.3681 0.7965 2.9127, 1.3681 0.8599 2.9297, 1.3681 0.7864 3.0318, 1.3681 0.5108 2.8254, 1.3681 0.637 2.801, 1.3681 0.5529 2.8817, 1.3681 0.5717 2.6879, 1.3681 0.4526 2.6979, 1.3681 0.5547 2.6245, 1.3681 0.4377 2.6292, 1.3681 0.549 2.5592, 1.3681 0.4327 2.5591, 1.3681 0.4772 2.7637, 1.3681 0.5994 2.7473, 1.3681 0.6589 2.9735, 1.3681 0.6026 2.9314, 1.3681 0.6834 2.8474, 1.3681 0.4377 2.489, 1.3681 0.7371 2.885, 1.3681 0.7206 3.0072, 1.3681 0.5994 2.3711, 1.3681 0.4772 2.3545, 1.3681 0.8551 3.0467, 1.3681 0.7371 2.2334, 1.3681 0.6834 2.2711, 1.3681 0.659 2.1449, 1.3681 0.8551 2.0717, 1.3681 0.8599 2.1888, 1.3681 0.6027 2.187, 1.3287 0.8495 2.0328, 1.3287 0.6376 2.1118, 1.3287 0.7042 2.0754, 1.3287 0.7753 2.0489, 1.3287 0.5232 2.2109, 1.3287 0.4778 2.2717, 1.3287 0.5769 2.1573, 1.3287 0.4149 2.4094, 1.3287 0.3987 2.4835, 1.3287 0.4414 2.3383, 1.3287 0.4149 2.7091, 1.3287 0.3987 2.6349, 1.3287 0.3933 2.5592, 1.3287 0.4778 2.8468, 1.3287 0.5232 2.9075, 1.3287 0.4414 2.7802, 1.3287 0.5769 2.9612, 1.3287 0.6376 3.0067, 1.3287 0.7042 3.043, 1.3287 0.7753 3.0695, 1.3287 0.8495 3.0857, 1.25 1.2606 2.5903, 1.25 1.2491 2.6514, 1.25 1.2267 2.7093, 1.25 1.194 2.7622, 1.25 1.1521 2.8081, 1.25 1.1025 2.8456, 1.25 1.0469 2.8733, 1.25 0.9871 2.8903, 1.25 1.2606 2.5281, 1.25 1.2491 2.467, 1.25 1.2267 2.4091, 1.25 1.194 2.3562, 1.25 1.1521 2.3103, 1.25 1.1025 2.2729, 1.25 1.0469 2.2452, 1.25 0.9871 2.2282, 1.3484 0.7542 2.8555, 1.3484 0.8082 2.8807, 1.3628 0.8633 2.9103, 1.3628 0.8033 2.8942, 1.3628 0.7469 2.8679, 1.3484 0.6289 2.7303, 1.3484 0.7053 2.8213, 1.3484 0.5831 2.5592, 1.3484 0.6037 2.6762, 1.3484 0.5883 2.6186, 1.3628 0.6521 2.3301, 1.3484 0.6289 2.3882, 1.3628 0.6165 2.381, 1.3628 0.5902 2.4373, 1.3628 0.5741 2.4973, 1.3628 0.696 2.2861, 1.3628 0.7469 2.2505, 1.3484 0.7053 2.2972, 1.3484 0.6631 2.3393, 1.3484 0.8658 2.2223, 1.3484 0.8082 2.2378, 1.3628 0.8633 2.2081, 1.3484 0.7542 2.263, 1.3628 0.8033 2.2242, 1.3484 0.6037 2.4422, 1.3484 0.5883 2.4998, 1.3628 0.5902 2.6811, 1.3628 0.5741 2.6211, 1.3484 0.6631 2.7791, 1.3628 0.6521 2.7884, 1.3628 0.6165 2.7375, 1.3628 0.696 2.8323, 1.3484 0.8658 2.8961, 1.3628 0.5687 2.5592, 1.3628 0.7809 3.0507, 1.3628 0.7124 3.0251, 1.3484 0.7768 3.0645, 1.3484 0.8502 3.0804, 1.3484 0.7064 3.0382, 1.3484 0.5272 2.9041, 1.3628 0.5898 2.9463, 1.3484 0.5803 2.9572, 1.3484 0.6405 3.0022, 1.3484 0.4199 2.7076, 1.3628 0.4338 2.7035, 1.3628 0.4593 2.772, 1.3484 0.4462 2.778, 1.3484 0.4822 2.8439, 1.3484 0.404 2.4843, 1.3628 0.413 2.5592, 1.3484 0.3986 2.5592, 1.3628 0.4182 2.6321, 1.3628 0.4593 2.3464, 1.3484 0.4822 2.2745, 1.3628 0.4943 2.2823, 1.3484 0.4462 2.3405, 1.3628 0.4338 2.4149, 1.3484 0.4199 2.4109, 1.3628 0.5898 2.1721, 1.3628 0.5381 2.2238, 1.3484 0.5272 2.2144, 1.3484 0.5803 2.1612, 1.3628 0.6483 2.1283, 1.3484 0.7064 2.0802, 1.3628 0.7124 2.0933, 1.3484 0.6405 2.1162, 1.3628 0.7809 2.0678, 1.3484 0.7768 2.054, 1.3484 0.8502 2.038, 1.3628 0.8523 2.0522, 1.3628 0.4182 2.4863, 1.3484 0.404 2.6342, 1.3628 0.4943 2.8361, 1.3628 0.5381 2.8946, 1.3628 0.6483 2.9901, 1.3628 0.8523 3.0662, 0.993 1.5157 -0.828, 0.993 0.3347 -0.828, 1.2495 0.9633 -1.4072, 1.2495 0.8871 -1.4072, 1.25 0.9252 -1.4083, 1.1128 0.406 -1.0991, 1.1266 0.424 -1.1302, 1.1127 1.4445 -1.0989, 1.2478 0.8488 -1.4034, 1.2478 1.0017 -1.4034, 1.2451 1.0393 -1.3973, 1.245 0.8113 -1.3972, 1.2412 1.0767 -1.3886, 1.2412 0.7738 -1.3886, 1.2364 0.7375 -1.3777, 1.2364 1.1131 -1.3777, 1.2305 1.1488 -1.3644, 1.2305 0.7018 -1.3644, 1.2237 1.1832 -1.349, 1.2237 0.6674 -1.349, 1.2159 0.6339 -1.3315, 1.2159 1.2166 -1.3314, 1.2073 1.2485 -1.312, 1.2073 0.6021 -1.3121, 1.1977 1.2791 -1.2906, 1.1978 0.5714 -1.2906, 1.1876 0.5426 -1.2676, 1.1875 1.308 -1.2675, 1.1765 1.3352 -1.2428, 1.1766 0.5152 -1.2428, 1.1649 1.3608 -1.2165, 1.1526 1.3845 -1.1889, 1.1649 0.4897 -1.2166, 1.1398 1.4065 -1.1599, 1.1527 0.4659 -1.189, 1.1399 0.444 -1.1602, 1.1265 1.4264 -1.13, 1.0986 1.4605 -1.0671, 1.084 1.4745 -1.0343, 1.0987 0.3899 -1.0672, 1.0841 0.3758 -1.0345, 1.0692 1.4866 -1.0009, 1.0542 1.4965 -0.9671, 1.0693 0.3638 -1.0011, 1.0389 1.5044 -0.9326, 1.0543 0.3538 -0.9672, 1.039 0.3459 -0.9328, 1.0236 1.5103 -0.8981, 1.008 1.5141 -0.8631, 1.0236 0.3401 -0.8981, 1.0081 0.3363 -0.8632, 1.1618 0.7722 -1.4757, 1.1618 1.0784 -1.4757, 1.1657 1.0407 -1.4845, 1.1685 0.848 -1.4908, 1.1685 1.0025 -1.4909, 1.1707 0.9252 -1.4959, 1.1702 0.9637 -1.4947, 1.1657 0.8098 -1.4845, 1.1702 0.8866 -1.4947, 1.1568 1.1153 -1.4645, 1.1568 0.7352 -1.4645, 1.1508 0.6994 -1.451, 1.1508 1.1512 -1.451, 1.1438 0.6643 -1.4351, 1.1438 1.1861 -1.4351, 1.1359 1.2196 -1.4173, 1.1359 0.6309 -1.4173, 1.127 0.5985 -1.3973, 1.127 1.2519 -1.3973, 1.1174 0.568 -1.3756, 1.1069 0.5388 -1.3519, 1.1173 1.2826 -1.3755, 1.0957 0.5115 -1.3268, 1.1068 1.3117 -1.3519, 1.0956 1.339 -1.3266, 1.0838 0.4858 -1.2999, 1.0713 0.4621 -1.2719, 1.0838 1.3646 -1.2999, 1.0583 0.4403 -1.2424, 1.0713 1.3884 -1.2717, 1.0582 1.4101 -1.2423, 1.0447 0.4204 -1.2119, 1.0307 0.4025 -1.1803, 1.0446 1.43 -1.2117, 1.0163 0.3867 -1.1478, 1.0307 1.4479 -1.1802, 1.0162 1.4637 -1.1476, 1.0016 0.3729 -1.1146, 1.0015 1.4774 -1.1145, 0.9865 0.3612 -1.0806, 0.9864 1.4891 -1.0804, 0.9712 1.4987 -1.0462, 0.9712 0.3517 -1.0463, 0.9557 0.3442 -1.0113, 0.9556 1.5061 -1.0111, 0.9401 0.3389 -0.9762, 0.9401 1.5115 -0.9762, 0.9243 1.5147 -0.9406, 0.9243 0.3356 -0.9406, 1.1319 1.106 1.2019, 1.1319 1.106 1.158, 1.1319 1.0954 1.1154, 1.1319 1.075 1.0765, 1.1319 1.0459 1.0437, 1.1319 1.0098 1.0187, 1.1319 0.9688 1.0032, 1.1319 1.0954 1.2445, 1.1319 1.075 1.2834, 1.1319 1.0459 1.3162, 1.1319 1.0098 1.3412, 1.1319 0.9688 1.3567, -2.5679 -0.8465 0.8715, -2.5679 -0.8465 0.8867, -2.5679 -0.8504 0.8867, -2.5679 -0.8504 0.8715, -2.621 -0.8465 0.8867, -2.621 -0.8504 0.8867, -2.621 -0.8465 1.005, -2.621 -0.8504 1.005, -2.6382 -0.8465 1.005, -2.6382 -0.8504 1.005, -2.6382 -0.8465 0.8715, -2.6382 -0.8504 0.8715, -2.4791 -0.8504 0.8712, -2.4994 -0.8504 0.8693, -2.4994 -0.8465 0.8693, -2.4625 -0.8504 0.877, -2.4791 -0.8465 0.8712, -2.4625 -0.8465 0.877, -2.4625 -0.8465 0.8936, -2.4625 -0.8504 0.8936, -2.4784 -0.8504 0.8869, -2.4969 -0.8504 0.8846, -2.4784 -0.8465 0.8869, -2.4969 -0.8465 0.8846, -2.5161 -0.8504 0.8881, -2.5312 -0.8504 0.8987, -2.5161 -0.8465 0.8881, -2.5312 -0.8465 0.8987, -2.541 -0.8504 0.9152, -2.5443 -0.8504 0.9367, -2.541 -0.8465 0.9152, -2.5443 -0.8465 0.9367, -2.5408 -0.8504 0.9594, -2.5303 -0.8504 0.9769, -2.5408 -0.8465 0.9594, -2.5303 -0.8465 0.9769, -2.5142 -0.8504 0.988, -2.4939 -0.8504 0.9917, -2.5142 -0.8465 0.988, -2.4939 -0.8465 0.9917, -2.4775 -0.8504 0.9897, -2.4625 -0.8504 0.9837, -2.4775 -0.8465 0.9897, -2.4625 -0.8465 0.9837, -2.4625 -0.8465 1.0018, -2.4625 -0.8504 1.0018, -2.4766 -0.8504 1.0058, -2.4941 -0.8504 1.0072, -2.4766 -0.8465 1.0058, -2.4941 -0.8465 1.0072, -2.5212 -0.8504 1.0023, -2.5431 -0.8504 0.9876, -2.5212 -0.8465 1.0023, -2.5431 -0.8465 0.9876, -2.5576 -0.8504 0.9648, -2.5624 -0.8504 0.9357, -2.5576 -0.8465 0.9648, -2.5624 -0.8465 0.9357, -2.5581 -0.8504 0.9087, -2.5453 -0.8504 0.8875, -2.5581 -0.8465 0.9087, -2.5453 -0.8465 0.8875, -2.5252 -0.8504 0.8738, -2.5252 -0.8465 0.8738, -2.364 -0.8465 0.8715, -2.364 -0.8465 0.8867, -2.364 -0.8504 0.8867, -2.364 -0.8504 0.8715, -2.4185 -0.8465 0.8867, -2.4185 -0.8504 0.8867, -2.4185 -0.8465 0.9316, -2.4185 -0.8504 0.9316, -2.3708 -0.8465 0.9316, -2.3708 -0.8504 0.9316, -2.3708 -0.8465 0.9469, -2.3708 -0.8504 0.9469, -2.4185 -0.8465 0.9469, -2.4185 -0.8504 0.9469, -2.4185 -0.8465 0.9896, -2.4185 -0.8504 0.9896, -2.367 -0.8465 0.9896, -2.367 -0.8504 0.9896, -2.367 -0.8465 1.005, -2.367 -0.8504 1.005, -2.4358 -0.8465 1.005, -2.4358 -0.8504 1.005, -2.4358 -0.8465 0.8715, -2.4358 -0.8504 0.8715, -2.3135 -0.8504 1.005, -2.3216 -0.8504 0.9896, -2.3116 -0.8504 0.9896, -2.2352 -0.8504 0.9666, -2.2519 -0.8504 0.9614, -2.2483 -0.8504 0.9395, -2.2324 -0.8504 0.9206, -2.2301 -0.8504 0.9399, -2.2789 -0.8504 1.0024, -2.2809 -0.8504 0.9868, -2.2687 -0.8504 0.9989, -2.2714 -0.8504 0.9829, -2.291 -0.8504 0.9889, -2.2518 -0.8504 0.9173, -2.2625 -0.8504 0.9006, -2.2592 -0.8504 0.8832, -2.2503 -0.8504 0.8902, -2.2894 -0.8504 1.0043, -2.3007 -0.8504 1.005, -2.3014 -0.8504 0.9897, -2.2795 -0.8504 0.8743, -2.2692 -0.8504 0.8778, -2.2808 -0.8504 0.8898, -2.2912 -0.8504 0.8874, -2.2906 -0.8504 0.8723, -2.3121 -0.8504 0.8867, -2.3216 -0.8504 0.8867, -2.3144 -0.8504 0.8715, -2.3261 -0.8504 1.005, -2.3388 -0.8504 1.005, -2.3388 -0.8504 0.8715, -2.3021 -0.8504 0.8714, -2.3022 -0.8504 0.8866, -2.2711 -0.8504 0.8941, -2.2391 -0.8504 0.9041, -2.2503 -0.8504 0.9873, -2.2629 -0.8504 0.9771, -2.2591 -0.8504 0.9939, -2.3266 -0.8504 0.8715, -2.3266 -0.8465 0.8715, -2.3144 -0.8465 0.8715, -2.3021 -0.8465 0.8714, -2.3388 -0.8465 0.8715, -2.2692 -0.8465 0.8778, -2.2906 -0.8465 0.8723, -2.2795 -0.8465 0.8743, -2.2592 -0.8465 0.8832, -2.2503 -0.8465 0.8902, -2.2324 -0.8465 0.9206, -2.2301 -0.8465 0.9399, -2.2391 -0.8465 0.9041, -2.2352 -0.8465 0.9666, -2.2503 -0.8465 0.9873, -2.2789 -0.8465 1.0024, -2.2591 -0.8465 0.9939, -2.2687 -0.8465 0.9989, -2.2894 -0.8465 1.0043, -2.3007 -0.8465 1.005, -2.3135 -0.8465 1.005, -2.3388 -0.8465 1.005, -2.3261 -0.8465 1.005, -2.3216 -0.8465 0.9896, -2.3116 -0.8465 0.9896, -2.3014 -0.8465 0.9897, -2.3216 -0.8465 0.8867, -2.3121 -0.8465 0.8867, -2.3022 -0.8465 0.8866, -2.2808 -0.8465 0.8898, -2.2912 -0.8465 0.8874, -2.2711 -0.8465 0.8941, -2.2625 -0.8465 0.9006, -2.2518 -0.8465 0.9173, -2.2483 -0.8465 0.9395, -2.2519 -0.8465 0.9614, -2.2629 -0.8465 0.9771, -2.2809 -0.8465 0.9868, -2.2714 -0.8465 0.9829, -2.291 -0.8465 0.9889, -2.1474 -0.8504 0.9416, -2.1406 -0.8504 0.9231, -2.1027 -0.8504 0.8715, -2.2227 -0.8504 0.8715, -2.1788 -0.8504 0.9416, -2.1719 -0.8504 1.005, -2.1646 -0.8504 0.9833, -2.1629 -0.8504 0.9879, -2.1353 -0.8504 0.908, -2.1217 -0.8504 0.8715, -2.1909 -0.8504 0.908, -2.2037 -0.8504 0.8715, -2.1854 -0.8504 0.9231, -2.1541 -0.8504 0.9601, -2.1535 -0.8504 1.005, -2.1602 -0.8504 0.9787, -2.1616 -0.8504 0.9833, -2.166 -0.8504 0.9787, -2.172 -0.8504 0.96, -2.1027 -0.8465 0.8715, -2.1535 -0.8465 1.005, -2.1719 -0.8465 1.005, -2.2227 -0.8465 0.8715, -2.2037 -0.8465 0.8715, -2.1909 -0.8465 0.908, -2.1353 -0.8465 0.908, -2.1217 -0.8465 0.8715, -2.1406 -0.8465 0.9231, -2.1854 -0.8465 0.9231, -2.1474 -0.8465 0.9416, -2.1542 -0.8465 0.96, -2.1602 -0.8465 0.9787, -2.1616 -0.8465 0.9833, -2.1629 -0.8465 0.9879, -2.1646 -0.8465 0.9833, -2.166 -0.8465 0.9787, -2.1721 -0.8465 0.9601, -2.1788 -0.8465 0.9416, -2.5665 -0.8465 0.6598, -2.5665 -0.8465 0.675, -2.5665 -0.8504 0.675, -2.5665 -0.8504 0.6598, -2.621 -0.8465 0.675, -2.621 -0.8504 0.675, -2.621 -0.8465 0.7199, -2.621 -0.8504 0.7199, -2.5733 -0.8465 0.7199, -2.5733 -0.8504 0.7199, -2.5733 -0.8465 0.7352, -2.5733 -0.8504 0.7352, -2.621 -0.8465 0.7352, -2.621 -0.8504 0.7352, -2.621 -0.8465 0.7779, -2.621 -0.8504 0.7779, -2.5695 -0.8465 0.7779, -2.5695 -0.8504 0.7779, -2.5695 -0.8465 0.7933, -2.5695 -0.8504 0.7933, -2.6382 -0.8465 0.7933, -2.6382 -0.8504 0.7933, -2.6382 -0.8465 0.6598, -2.6382 -0.8504 0.6598, -2.5411 -0.8504 0.7484, -2.5411 -0.8504 0.7322, -2.5263 -0.8504 0.7408, -2.4892 -0.8504 0.7533, -2.4927 -0.8504 0.7334, -2.4777 -0.8504 0.7413, -2.4906 -0.8504 0.7204, -2.5259 -0.8504 0.7551, -2.5099 -0.8504 0.7437, -2.5327 -0.8504 0.6594, -2.5287 -0.8504 0.6756, -2.5423 -0.8504 0.6651, -2.5083 -0.8504 0.7573, -2.4992 -0.8504 0.7411, -2.4906 -0.8504 0.7076, -2.4905 -0.8504 0.6985, -2.4739 -0.8504 0.7211, -2.5484 -0.8504 0.6739, -2.5323 -0.8504 0.6805, -2.5505 -0.8504 0.6853, -2.5335 -0.8504 0.6867, -2.5231 -0.8504 0.6723, -2.5159 -0.8504 0.6713, -2.5202 -0.8504 0.6576, -2.5364 -0.8504 0.711, -2.5291 -0.8504 0.6988, -2.5214 -0.8504 0.7025, -2.4739 -0.8504 0.6598, -2.513 -0.8504 0.7049, -2.5188 -0.8504 0.7164, -2.4906 -0.8504 0.6745, -2.4906 -0.8504 0.6598, -2.5469 -0.8504 0.7007, -2.5324 -0.8504 0.6936, -2.5033 -0.8504 0.6618, -2.4978 -0.8504 0.6791, -2.5059 -0.8504 0.6732, -2.5015 -0.8504 0.7062, -2.4915 -0.8504 0.6915, -2.4937 -0.8504 0.6849, -2.5083 -0.8465 0.7573, -2.5259 -0.8465 0.7551, -2.5411 -0.8465 0.7484, -2.5411 -0.8465 0.7322, -2.5263 -0.8465 0.7408, -2.5099 -0.8465 0.7437, -2.4927 -0.8465 0.7334, -2.4906 -0.8465 0.7204, -2.4992 -0.8465 0.7411, -2.5188 -0.8465 0.7164, -2.5469 -0.8465 0.7007, -2.5505 -0.8465 0.6853, -2.5364 -0.8465 0.711, -2.5484 -0.8465 0.6739, -2.5423 -0.8465 0.6651, -2.5327 -0.8465 0.6594, -2.5202 -0.8465 0.6576, -2.5033 -0.8465 0.6618, -2.4906 -0.8465 0.6745, -2.4906 -0.8465 0.6598, -2.4739 -0.8465 0.6598, -2.4739 -0.8465 0.7211, -2.4892 -0.8465 0.7533, -2.4777 -0.8465 0.7413, -2.513 -0.8465 0.7049, -2.5214 -0.8465 0.7025, -2.5291 -0.8465 0.6988, -2.5324 -0.8465 0.6936, -2.5335 -0.8465 0.6867, -2.5323 -0.8465 0.6805, -2.5287 -0.8465 0.6756, -2.5231 -0.8465 0.6723, -2.5159 -0.8465 0.6713, -2.5059 -0.8465 0.6732, -2.4978 -0.8465 0.6791, -2.4937 -0.8465 0.6849, -2.4915 -0.8465 0.6915, -2.4905 -0.8465 0.6985, -2.4906 -0.8465 0.7076, -2.5015 -0.8465 0.7062, -2.438 -0.8504 0.6735, -2.4237 -0.8504 0.6712, -2.4237 -0.8465 0.6712, -2.4512 -0.8504 0.6804, -2.438 -0.8465 0.6735, -2.4512 -0.8465 0.6804, -2.4512 -0.8465 0.6632, -2.4512 -0.8504 0.6632, -2.4392 -0.8504 0.659, -2.4254 -0.8504 0.6576, -2.4392 -0.8465 0.659, -2.4254 -0.8465 0.6576, -2.4099 -0.8504 0.6595, -2.3976 -0.8504 0.6651, -2.4099 -0.8465 0.6595, -2.3976 -0.8465 0.6651, -2.3895 -0.8504 0.674, -2.3869 -0.8504 0.6857, -2.3895 -0.8465 0.674, -2.3869 -0.8465 0.6857, -2.3883 -0.8504 0.6944, -2.3925 -0.8504 0.7015, -2.3883 -0.8465 0.6944, -2.3925 -0.8465 0.7015, -2.4022 -0.8504 0.7086, -2.414 -0.8504 0.7138, -2.4022 -0.8465 0.7086, -2.414 -0.8465 0.7138, -2.4223 -0.8504 0.7177, -2.4302 -0.8504 0.722, -2.4223 -0.8465 0.7177, -2.4302 -0.8465 0.722, -2.433 -0.8504 0.7258, -2.4339 -0.8504 0.7309, -2.433 -0.8465 0.7258, -2.4339 -0.8465 0.7309, -2.4326 -0.8504 0.7361, -2.4288 -0.8504 0.7402, -2.4326 -0.8465 0.7361, -2.4288 -0.8465 0.7402, -2.423 -0.8504 0.7428, -2.4156 -0.8504 0.7437, -2.423 -0.8465 0.7428, -2.4156 -0.8465 0.7437, -2.4028 -0.8504 0.742, -2.3914 -0.8504 0.7368, -2.4028 -0.8465 0.742, -2.3914 -0.8465 0.7368, -2.3914 -0.8465 0.7531, -2.3914 -0.8504 0.7531, -2.4023 -0.8504 0.7563, -2.414 -0.8504 0.7573, -2.4023 -0.8465 0.7563, -2.414 -0.8465 0.7573, -2.4284 -0.8504 0.7554, -2.4404 -0.8504 0.7497, -2.4284 -0.8465 0.7554, -2.4404 -0.8465 0.7497, -2.4484 -0.8504 0.7408, -2.4511 -0.8504 0.7294, -2.4484 -0.8465 0.7408, -2.4511 -0.8465 0.7294, -2.4499 -0.8504 0.7212, -2.4464 -0.8504 0.7143, -2.4499 -0.8465 0.7212, -2.4464 -0.8465 0.7143, -2.4372 -0.8504 0.7072, -2.4257 -0.8504 0.7019, -2.4372 -0.8465 0.7072, -2.4257 -0.8465 0.7019, -2.4168 -0.8504 0.6976, -2.4083 -0.8504 0.6932, -2.4168 -0.8465 0.6976, -2.4083 -0.8465 0.6932, -2.4051 -0.8504 0.6891, -2.404 -0.8504 0.6841, -2.4051 -0.8465 0.6891, -2.404 -0.8465 0.6841, -2.4059 -0.8504 0.6776, -2.4171 -0.8504 0.6716, -2.4171 -0.8465 0.6716, -2.4109 -0.8504 0.6736, -2.4109 -0.8465 0.6736, -2.4059 -0.8465 0.6776, -2.2867 -0.8504 0.7551, -2.304 -0.8465 0.7551, -2.304 -0.8504 0.7551, -2.2867 -0.8465 0.7551, -2.3214 -0.8504 0.7073, -2.3127 -0.8465 0.7312, -2.3214 -0.8465 0.7073, -2.3296 -0.8465 0.6832, -2.3296 -0.8504 0.6832, -2.3127 -0.8504 0.7312, -2.3309 -0.8504 0.6794, -2.3321 -0.8504 0.6756, -2.3309 -0.8465 0.6794, -2.3325 -0.8465 0.6756, -2.3349 -0.8465 0.6834, -2.3349 -0.8504 0.6834, -2.3512 -0.8504 0.7312, -2.3428 -0.8465 0.7074, -2.3512 -0.8465 0.7312, -2.3595 -0.8465 0.7551, -2.3595 -0.8504 0.7551, -2.3428 -0.8504 0.7074, -2.3782 -0.8465 0.7551, -2.3782 -0.8504 0.7551, -2.3408 -0.8465 0.66, -2.3408 -0.8504 0.66, -2.3481 -0.8465 0.6427, -2.3481 -0.8504 0.6427, -2.3552 -0.8504 0.6326, -2.3652 -0.8504 0.6292, -2.3552 -0.8465 0.6326, -2.3652 -0.8465 0.6292, -2.3699 -0.8504 0.6297, -2.3747 -0.8504 0.6312, -2.3699 -0.8465 0.6297, -2.3747 -0.8465 0.6312, -2.3747 -0.8465 0.6163, -2.3747 -0.8504 0.6163, -2.3698 -0.8504 0.6153, -2.3639 -0.8504 0.6149, -2.3698 -0.8465 0.6153, -2.3639 -0.8465 0.6149, -2.3504 -0.8504 0.6183, -2.3299 -0.8504 0.6454, -2.3391 -0.8465 0.6285, -2.3299 -0.8465 0.6454, -2.3391 -0.8504 0.6285, -2.3504 -0.8465 0.6183, -2.1969 -0.8465 0.6598, -2.1969 -0.8465 0.675, -2.1969 -0.8504 0.675, -2.1969 -0.8504 0.6598, -2.2514 -0.8465 0.675, -2.2514 -0.8504 0.675, -2.2514 -0.8465 0.7199, -2.2514 -0.8504 0.7199, -2.2037 -0.8465 0.7199, -2.2037 -0.8504 0.7199, -2.2037 -0.8465 0.7352, -2.2037 -0.8504 0.7352, -2.2514 -0.8465 0.7352, -2.2514 -0.8504 0.7352, -2.2514 -0.8465 0.7779, -2.2514 -0.8504 0.7779, -2.1999 -0.8465 0.7779, -2.1999 -0.8504 0.7779, -2.1999 -0.8465 0.7933, -2.1999 -0.8504 0.7933, -2.2687 -0.8465 0.7933, -2.2687 -0.8504 0.7933, -2.2687 -0.8465 0.6598, -2.2687 -0.8504 0.6598, -2.1464 -0.8504 0.7933, -2.1544 -0.8504 0.7779, -2.1445 -0.8504 0.7779, -2.0811 -0.8504 0.7278, -2.0653 -0.8504 0.7089, -2.063 -0.8504 0.7282, -2.0848 -0.8504 0.7497, -2.0681 -0.8504 0.7549, -2.1118 -0.8504 0.7907, -2.1138 -0.8504 0.7751, -2.1016 -0.8504 0.7872, -2.1043 -0.8504 0.7712, -2.1238 -0.8504 0.7772, -2.0847 -0.8504 0.7056, -2.0954 -0.8504 0.6889, -2.0921 -0.8504 0.6715, -2.0832 -0.8504 0.6785, -2.1223 -0.8504 0.7926, -2.1336 -0.8504 0.7933, -2.1343 -0.8504 0.778, -2.1124 -0.8504 0.6626, -2.1021 -0.8504 0.6661, -2.1136 -0.8504 0.6781, -2.1241 -0.8504 0.6757, -2.1235 -0.8504 0.6606, -2.145 -0.8504 0.675, -2.1544 -0.8504 0.675, -2.1473 -0.8504 0.6598, -2.159 -0.8504 0.7933, -2.1717 -0.8504 0.7933, -2.1717 -0.8504 0.6598, -2.135 -0.8504 0.6597, -2.1351 -0.8504 0.6749, -2.1039 -0.8504 0.6824, -2.072 -0.8504 0.6924, -2.0832 -0.8504 0.7756, -2.0958 -0.8504 0.7654, -2.0919 -0.8504 0.7822, -2.1595 -0.8504 0.6598, -2.1595 -0.8465 0.6598, -2.1473 -0.8465 0.6598, -2.135 -0.8465 0.6597, -2.1717 -0.8465 0.6598, -2.1021 -0.8465 0.6661, -2.1235 -0.8465 0.6606, -2.1124 -0.8465 0.6626, -2.0921 -0.8465 0.6715, -2.0832 -0.8465 0.6785, -2.0653 -0.8465 0.7089, -2.063 -0.8465 0.7282, -2.072 -0.8465 0.6924, -2.0681 -0.8465 0.7549, -2.0832 -0.8465 0.7756, -2.1118 -0.8465 0.7907, -2.0919 -0.8465 0.7822, -2.1016 -0.8465 0.7872, -2.1223 -0.8465 0.7926, -2.1336 -0.8465 0.7933, -2.1464 -0.8465 0.7933, -2.1717 -0.8465 0.7933, -2.159 -0.8465 0.7933, -2.1544 -0.8465 0.7779, -2.1445 -0.8465 0.7779, -2.1343 -0.8465 0.778, -2.1544 -0.8465 0.675, -2.145 -0.8465 0.675, -2.1351 -0.8465 0.6749, -2.1136 -0.8465 0.6781, -2.1241 -0.8465 0.6757, -2.1039 -0.8465 0.6824, -2.0954 -0.8465 0.6889, -2.0847 -0.8465 0.7056, -2.0811 -0.8465 0.7278, -2.0848 -0.8465 0.7497, -2.0958 -0.8465 0.7654, -2.1138 -0.8465 0.7751, -2.1043 -0.8465 0.7712, -2.1238 -0.8465 0.7772, -1.9802 -0.8504 0.7299, -1.9735 -0.8504 0.7114, -1.9355 -0.8504 0.6598, -2.0556 -0.8504 0.6598, -2.0116 -0.8504 0.7299, -2.0048 -0.8504 0.7933, -1.9975 -0.8504 0.7716, -1.9958 -0.8504 0.7762, -1.9682 -0.8504 0.6963, -1.9546 -0.8504 0.6598, -2.0238 -0.8504 0.6963, -2.0366 -0.8504 0.6598, -2.0183 -0.8504 0.7114, -1.987 -0.8504 0.7484, -1.9864 -0.8504 0.7933, -1.9931 -0.8504 0.767, -1.9945 -0.8504 0.7716, -1.9988 -0.8504 0.767, -2.0049 -0.8504 0.7483, -1.9355 -0.8465 0.6598, -1.9864 -0.8465 0.7933, -2.0048 -0.8465 0.7933, -2.0556 -0.8465 0.6598, -2.0366 -0.8465 0.6598, -2.0238 -0.8465 0.6963, -1.9682 -0.8465 0.6963, -1.9546 -0.8465 0.6598, -1.9735 -0.8465 0.7114, -2.0183 -0.8465 0.7114, -1.9802 -0.8465 0.7299, -1.9871 -0.8465 0.7483, -1.9931 -0.8465 0.767, -1.9945 -0.8465 0.7716, -1.9958 -0.8465 0.7762, -1.9975 -0.8465 0.7716, -1.9988 -0.8465 0.767, -2.005 -0.8465 0.7484, -2.0116 -0.8465 0.7299, -2.9174 -0.8504 0.7172, -2.9379 -0.8504 0.7141, -2.9484 -0.8504 0.7036, -2.8367 -0.8504 0.8509, -2.8207 -0.8504 0.8349, -2.7654 -0.8504 0.8556, -2.9388 -0.8504 0.664, -2.925 -0.8504 0.6593, -2.9487 -0.8504 0.6746, -2.9231 -0.8504 0.7182, -2.9525 -0.8504 0.6888, -3.3529 -0.8504 0.8102, -3.2931 -0.8504 0.8121, -3.3476 -0.8504 0.8501, -2.869 -0.8504 0.6593, -3.1716 -0.8504 0.9031, -3.1479 -0.8504 0.8928, -3.1335 -0.8504 0.9226, -2.8747 -0.8504 0.7172, -2.8369 -0.8504 0.6662, -3.2019 -0.8504 0.7696, -3.1479 -0.8504 0.7277, -3.1763 -0.8504 0.7827, -3.0955 -0.8504 0.7724, -3.1295 -0.8504 0.7227, -3.0758 -0.8504 0.7552, -3.1197 -0.8504 0.7835, -2.8259 -0.8504 0.7407, -2.7634 -0.8504 0.729, -2.8116 -0.8504 0.7637, -2.7826 -0.8504 0.702, -2.8476 -0.8504 0.7245, -2.7516 -0.8504 0.7595, -2.8078 -0.8504 0.6806, -2.9193 -0.8504 0.7713, -2.9487 -0.8504 0.8216, -2.8064 -0.8504 0.7912, -2.7475 -0.8504 0.7922, -2.811 -0.8504 0.9025, -2.8415 -0.8504 0.9165, -2.857 -0.8504 0.8615, -2.8101 -0.8504 0.8146, -2.8716 -0.8504 0.969, -2.9106 -0.8504 0.9255, -2.8543 -0.8504 0.9439, -2.9316 -0.8504 0.9494, -2.8957 -0.8504 0.8971, -2.888 -0.8504 0.8652, -2.8804 -0.8504 0.8652, -2.9214 -0.8504 1.0123, -2.9878 -0.8504 0.9797, -2.9577 -0.8504 0.9678, -2.8927 -0.8504 0.9914, -2.9866 -0.8504 1.0375, -2.9529 -0.8504 1.0278, -3.1006 -0.8504 1.0239, -3.0552 -0.8504 0.9795, -3.0624 -0.8504 1.0364, -3.0217 -0.8504 1.0408, -3.0208 -0.8504 0.9838, -3.2281 -0.8504 0.9021, -3.2583 -0.8504 0.952, -3.2763 -0.8504 0.943, -3.1982 -0.8504 0.907, -3.1882 -0.8504 0.9634, -3.1992 -0.8504 0.9639, -3.2542 -0.8504 0.8886, -3.2929 -0.8504 0.9319, -3.2392 -0.8504 0.9586, -3.3083 -0.8504 0.9184, -3.2747 -0.8504 0.868, -3.2882 -0.8504 0.842, -3.3325 -0.8504 0.8867, -3.3347 -0.8504 0.7378, -3.2591 -0.8504 0.7394, -3.2771 -0.8504 0.7596, -3.2889 -0.8504 0.7842, -3.3482 -0.8504 0.7729, -3.1798 -0.8504 0.6718, -3.1849 -0.8504 0.6907, -3.2371 -0.8504 0.6612, -3.2362 -0.8504 0.7248, -3.2906 -0.8504 0.6865, -3.2652 -0.8504 0.6714, -3.1479 -0.8504 0.6537, -3.1769 -0.8504 0.6015, -3.147 -0.8504 0.5967, -3.1664 -0.8504 0.6586, -3.2237 -0.8504 0.6352, -3.2031 -0.8504 0.6148, -3.1798 -0.8504 0.7095, -3.1161 -0.8504 0.7095, -3.1109 -0.8504 0.6907, -3.0521 -0.8504 0.7011, -3.147 -0.8504 0.7874, -3.057 -0.8504 0.6617, -3.0521 -0.8504 0.6916, -3.1159 -0.8504 0.6722, -3.091 -0.8504 0.6151, -3.1171 -0.8504 0.6016, -3.1664 -0.8504 0.7227, -3.2224 -0.8504 0.7498, -3.313 -0.8504 0.7068, -3.2195 -0.8504 0.9625, -3.1773 -0.8504 0.962, -3.1356 -0.8504 1.0038, -3.1579 -0.8504 0.9847, -3.0862 -0.8504 0.9671, -3.1126 -0.8504 0.9478, -2.7853 -0.8504 0.8817, -2.7525 -0.8504 0.8253, -3.0705 -0.8504 0.6357, -3.1291 -0.8504 0.6588, -2.7475 -0.8465 0.7922, -2.7853 -0.8465 0.8817, -2.7525 -0.8465 0.8253, -2.7654 -0.8465 0.8556, -2.811 -0.8465 0.9025, -2.8415 -0.8465 0.9165, -2.8716 -0.8465 0.969, -2.8927 -0.8465 0.9914, -2.8543 -0.8465 0.9439, -2.9866 -0.8465 1.0375, -2.9214 -0.8465 1.0123, -2.9529 -0.8465 1.0278, -3.0217 -0.8465 1.0408, -3.1006 -0.8465 1.0239, -3.1356 -0.8465 1.0038, -3.0624 -0.8465 1.0364, -3.1579 -0.8465 0.9847, -3.1773 -0.8465 0.962, -3.1882 -0.8465 0.9634, -3.1992 -0.8465 0.9639, -3.2581 -0.8465 0.9521, -3.2195 -0.8465 0.9625, -3.2391 -0.8465 0.9586, -3.2929 -0.8465 0.9319, -3.2763 -0.8465 0.943, -3.3083 -0.8465 0.9184, -3.3476 -0.8465 0.8501, -3.3529 -0.8465 0.8102, -3.3325 -0.8465 0.8867, -3.3347 -0.8465 0.7378, -3.313 -0.8465 0.7068, -3.3482 -0.8465 0.7729, -3.2652 -0.8465 0.6714, -3.2371 -0.8465 0.6612, -3.2906 -0.8465 0.6865, -3.1769 -0.8465 0.6015, -3.2237 -0.8465 0.6352, -3.2031 -0.8465 0.6148, -3.147 -0.8465 0.5967, -3.0705 -0.8465 0.6357, -3.1171 -0.8465 0.6016, -3.091 -0.8465 0.6151, -3.057 -0.8465 0.6617, -3.0521 -0.8465 0.6916, -3.0521 -0.8465 0.7011, -2.9193 -0.8465 0.7713, -2.9487 -0.8465 0.8216, -3.0758 -0.8465 0.7552, -3.1197 -0.8465 0.7835, -3.147 -0.8465 0.7874, -3.0955 -0.8465 0.7724, -3.2224 -0.8465 0.7498, -3.1763 -0.8465 0.7827, -3.2019 -0.8465 0.7696, -3.2362 -0.8465 0.7248, -3.2889 -0.8465 0.7842, -3.2591 -0.8465 0.7394, -3.2771 -0.8465 0.7596, -3.2931 -0.8465 0.8121, -3.2542 -0.8465 0.8886, -3.2882 -0.8465 0.842, -3.2747 -0.8465 0.868, -3.2281 -0.8465 0.9021, -3.1982 -0.8465 0.907, -3.1716 -0.8465 0.9031, -3.1479 -0.8465 0.8928, -3.0862 -0.8465 0.9671, -3.1335 -0.8465 0.9226, -3.1126 -0.8465 0.9478, -3.0552 -0.8465 0.9795, -3.0208 -0.8465 0.9838, -2.9316 -0.8465 0.9494, -2.9878 -0.8465 0.9797, -2.9577 -0.8465 0.9678, -2.8957 -0.8465 0.8971, -2.9106 -0.8465 0.9255, -2.888 -0.8465 0.8652, -2.8804 -0.8465 0.8652, -2.8207 -0.8465 0.8349, -2.857 -0.8465 0.8615, -2.8367 -0.8465 0.8509, -2.8101 -0.8465 0.8146, -2.8064 -0.8465 0.7912, -2.8476 -0.8465 0.7245, -2.8116 -0.8465 0.7637, -2.8259 -0.8465 0.7407, -2.8747 -0.8465 0.7172, -2.9174 -0.8465 0.7172, -2.9231 -0.8465 0.7182, -2.9484 -0.8465 0.7036, -2.9525 -0.8465 0.6888, -2.9379 -0.8465 0.7141, -2.9388 -0.8465 0.664, -2.925 -0.8465 0.6593, -2.9487 -0.8465 0.6746, -2.869 -0.8465 0.6593, -2.8078 -0.8465 0.6806, -2.7826 -0.8465 0.702, -2.8369 -0.8465 0.6662, -2.7516 -0.8465 0.7595, -2.7634 -0.8465 0.729, -3.1109 -0.8465 0.6907, -3.1159 -0.8465 0.6722, -3.1291 -0.8465 0.6588, -3.1479 -0.8465 0.6537, -3.1161 -0.8465 0.7095, -3.1295 -0.8465 0.7227, -3.1479 -0.8465 0.7277, -3.1849 -0.8465 0.6907, -3.1798 -0.8465 0.7095, -3.1664 -0.8465 0.7227, -3.1798 -0.8465 0.6718, -3.1664 -0.8465 0.6586, -1.25 0.4331 -0.153, -1.25 1.4173 0.0002, -1.25 1.4173 -0.153, -1.25 0.4331 0.0002, -1.1319 1.4173 -0.1749, -1.1319 1.4173 0.0002, -1.1319 0.4331 0.0002, -1.1319 0.4331 -0.1749, -0.8798 1.4173 -0.8292, -0.8926 1.4173 -0.8691, -0.8806 1.4173 -0.7457, -0.8942 1.4173 -0.7061, -0.8757 1.4173 -0.7874, -1.1227 1.4173 -0.2165, -0.9934 1.4173 -0.7466, -1.2315 1.4173 -0.2363, -1.2453 1.4173 -0.1957, -1.1296 1.4173 -0.1962, -1.0245 1.4174 -0.9001, -1.0085 1.4173 -0.8641, -0.9611 1.4174 -1.0235, -0.9853 1.4173 -0.7734, -0.9063 1.4173 -0.9, -0.985 1.4173 -0.8013, -0.9474 1.4173 -0.9926, -0.9926 1.4173 -0.8282, -1.0404 1.4171 -0.9359, -0.9337 1.4173 -0.9618, -0.92 1.4173 -0.9309, -1.0245 0.4331 -0.9, -0.9611 0.433 -1.0235, -1.0085 0.4331 -0.8641, -0.9337 0.4331 -0.9618, -0.92 0.4331 -0.9309, -0.985 0.4331 -0.8013, -0.9474 0.4331 -0.9927, -1.0404 0.4332 -0.9359, -1.2453 0.4331 -0.1957, -1.2315 0.4331 -0.2363, -0.9926 0.4331 -0.8282, -0.9063 0.4331 -0.9, -0.8942 0.4331 -0.7061, -0.8806 0.4331 -0.7457, -0.8926 0.4331 -0.8691, -0.8798 0.4331 -0.8292, -0.8757 0.4331 -0.7874, -0.9853 0.4331 -0.7734, -0.9934 0.4331 -0.7466, -1.1227 0.4331 -0.2165, -1.1296 0.4331 -0.1962, -1.1623 0.7727 -1.4768, -1.166 0.8055 -1.4851, -1.1707 0.9055 -1.4958, -1.1686 0.8383 -1.4911, -1.1703 0.872 -1.4948, -1.1576 0.7411 -1.4663, -1.1708 0.9251 -1.496, -1.152 0.7102 -1.4536, -1.138 0.6521 -1.4221, -1.138 1.1985 -1.422, -1.1298 0.625 -1.4036, -1.1454 0.6806 -1.4389, -1.1111 0.5755 -1.3615, -1.1207 1.2511 -1.3832, -1.1111 1.275 -1.3614, -1.1298 1.2255 -1.4035, -1.1208 0.5995 -1.3834, -1.0784 1.3364 -1.2878, -1.0666 0.4972 -1.2611, -1.0785 0.514 -1.288, -1.1007 1.2973 -1.3381, -1.0899 0.5327 -1.3137, -1.1008 0.5533 -1.3383, -1.0665 1.3533 -1.2609, -1.0542 1.3682 -1.2332, -1.0543 0.4822 -1.2334, -1.0154 0.4492 -1.1458, -1.0153 1.4012 -1.1456, -1.002 0.4421 -1.1155, -1.0286 0.4582 -1.1756, -1.0415 1.3811 -1.2046, -1.0286 1.3922 -1.1754, -0.9747 0.434 -1.0541, -0.9884 1.4133 -1.0849, -0.9747 1.4163 -1.0542, -0.9884 0.4371 -1.0851, -1.0019 1.4082 -1.1154, -1.0416 0.4692 -1.2048, -1.0898 1.3178 -1.3135, -1.1454 1.17 -1.4388, -1.1707 0.9449 -1.4959, -1.152 1.1404 -1.4536, -1.1623 1.0778 -1.4769, -1.1576 1.1095 -1.4663, -1.1686 1.0121 -1.4911, -1.166 1.0451 -1.4852, -1.1703 0.9783 -1.4948, -1.25 0.9252 -1.4083, -1.2499 0.9449 -1.4082, -1.2499 0.9055 -1.4082, -1.0588 0.4349 -0.9774, -1.0954 1.4008 -1.06, -1.1131 0.4625 -1.0999, -1.0953 0.4497 -1.0597, -1.0589 1.4155 -0.9776, -1.0773 1.41 -1.0191, -1.0772 0.4405 -1.019, -1.1471 0.499 -1.1765, -1.1472 1.3513 -1.1767, -1.1631 0.5225 -1.2124, -1.1305 0.479 -1.139, -1.1132 1.3879 -1.1001, -1.1306 1.3714 -1.1391, -1.2049 0.6126 -1.3066, -1.192 0.5794 -1.2777, -1.1921 1.2708 -1.2779, -1.1781 1.301 -1.2463, -1.1781 0.5494 -1.2463, -1.1632 1.3278 -1.2126, -1.2347 1.1221 -1.3738, -1.2049 1.2375 -1.3067, -1.2163 1.2018 -1.3324, -1.2163 0.6485 -1.3323, -1.2413 0.7706 -1.3887, -1.2347 0.728 -1.3737, -1.2461 1.0354 -1.3995, -1.2413 1.0797 -1.3887, -1.2461 0.8147 -1.3995, -1.249 0.86 -1.4062, -1.2263 0.6871 -1.3548, -1.249 0.9903 -1.4061, -1.2263 1.163 -1.3549, 0.5807 -0.8465 0.0789, 0.2572 -0.8465 -1.0451, 0.2257 -0.8465 -1.0096, 0.5807 -0.8465 1.5356, 0.5846 -0.8465 1.5356, -0.4035 -0.8465 -1.1416, -0.3971 -0.8465 -1.2193, -0.4019 -0.8465 -1.1807, -0.3891 -0.8465 -1.2574, -0.3638 -0.8465 -1.3313, -0.378 -0.8465 -1.2949, -0.3466 -0.8465 -1.3664, -0.304 -0.8465 -1.4317, -0.2787 -0.8465 -1.4615, -0.3266 -0.8465 -1.3999, -0.156 -0.8465 -1.5571, -0.1895 -0.8465 -1.5371, -0.2213 -0.8465 -1.5144, -0.2511 -0.8465 -1.4891, -0.1209 -0.8465 -1.5742, -0.0845 -0.8465 -1.5884, -0.0471 -0.8465 -1.5996, 0.0299 -0.8465 -1.6124, -0.0089 -0.8465 -1.6076, 0.0689 -0.8465 -1.6142, 0.0906 -0.8465 -1.614, 0.1122 -0.8465 -1.6142, 0.1423 -0.8465 -1.3481, 0.1512 -0.8465 -1.6123, 0.1899 -0.8465 -1.6076, 0.1866 -0.8465 -1.3312, 0.2572 -0.8465 -1.2688, 0.3018 -0.8465 -1.5743, 0.2655 -0.8465 -1.5885, 0.2257 -0.8465 -1.3043, 0.228 -0.8465 -1.5996, 0.2792 -0.8465 -1.2267, 0.2906 -0.8465 -1.1807, 0.337 -0.8465 -1.5571, 0.3705 -0.8465 -1.5372, 0.4023 -0.8465 -1.5144, 0.432 -0.8465 -1.4893, 0.2906 -0.8465 -1.1332, 0.4597 -0.8465 -1.4616, 0.4849 -0.8465 -1.4319, 0.559 -0.8465 -1.2951, 0.5846 -0.8465 -1.1416, 0.5702 -0.8465 -1.2577, 0.5276 -0.8465 -1.3665, 0.5077 -0.8465 -1.4001, 0.5782 -0.8465 -1.2194, 0.583 -0.8465 -1.1807, 0.5448 -0.8465 -1.3314, 0.2792 -0.8465 -1.0871, -0.4035 -0.8465 0.0789, 0.1866 -0.8465 -0.9826, 0.1423 -0.8465 -0.9658, -0.4035 -0.9252 1.5145, 0.5846 -0.9252 1.5145, 0.5846 -0.8872 1.5302, 0.2526 -0.8465 1.5356, -0.4035 -0.8872 1.5302, -0.0755 -0.8465 1.5356, -0.4035 -0.8465 1.5356, 0.5846 -0.9828 1.4569, -0.4035 -0.9986 1.4189, 0.5846 -0.9986 1.4189, -0.4035 -0.9578 1.4895, -0.4035 -0.9828 1.4569, 0.5846 -0.9578 1.4895, 0.5846 -1.0039 1.3781, -0.4035 -1.0039 1.3781, -0.3675 -1.0039 -1.3225, -0.4035 -1.0039 -1.1416, -0.3804 -1.0039 -1.2876, -0.3977 -1.0039 -1.2155, -0.4021 -1.0039 -1.1788, -0.3905 -1.0039 -1.252, -0.352 -1.0039 -1.3561, -0.3339 -1.0039 -1.3885, -0.3133 -1.0039 -1.4193, -0.2378 -1.0039 -1.5009, -0.2651 -1.0039 -1.4757, -0.2903 -1.0039 -1.4485, -0.2088 -1.0039 -1.5238, -0.1778 -1.0039 -1.5444, -0.1118 -1.0039 -1.5781, -0.1455 -1.0039 -1.5625, -0.077 -1.0039 -1.5909, 0.0317 -1.0039 -1.6125, 0.0689 -1.0039 -1.6139, -0.0413 -1.0039 -1.601, -0.005 -1.0039 -1.6082, 0.0906 -1.0039 -1.6141, 0.5846 -1.0039 -1.1416, 0.2792 -1.0039 -1.0871, 0.2906 -1.0039 -1.1332, 0.5615 -1.0039 -1.2876, 0.5788 -1.0039 -1.2155, 0.1423 -1.0039 -1.3481, 0.1861 -1.0039 -1.6082, 0.1866 -1.0039 -1.3312, 0.4944 -1.0039 -1.4193, 0.5332 -1.0039 -1.3561, 0.2572 -1.0039 -1.2688, 0.2582 -1.0039 -1.5909, 0.3267 -1.0039 -1.5625, 0.2906 -1.0039 -1.1807, 0.2792 -1.0039 -1.2267, 0.3899 -1.0039 -1.5238, 0.2257 -1.0039 -1.0096, 0.2572 -1.0039 -1.0451, 0.2257 -1.0039 -1.3043, 0.1122 -1.0039 -1.614, 0.4463 -1.0039 -1.4756, 0.1423 -1.0039 -0.9658, 0.1866 -1.0039 -0.9826
            ]
        }
        coordIndex [
            0,1,2,-1,3,4,5,-1,6,7,8,-1,9,10,11,-1,12,13,14,-1,15,16,17,-1,18,19,20,-1,21,19,22,-1,18,23,24,-1,23,18,20,-1,25,26,24,-1,24,23,25,-1,21,22,14,-1,25,27,26,-1,19,21,20,-1,15,13,12,-1,12,14,22,-1,7,17,16,-1,17,13,15,-1,6,8,9,-1,7,16,8,-1,11,10,2,-1,6,9,11,-1,0,4,1,-1,10,0,2,-1,3,1,4,-1,28,29,30,-1,31,32,33,-1,34,35,36,-1,37,38,39,-1,40,41,42,-1,43,44,45,-1,46,47,48,-1,49,47,50,-1,46,51,52,-1,51,46,48,-1,53,54,52,-1,52,51,53,-1,49,50,42,-1,53,55,54,-1,47,49,48,-1,43,41,40,-1,40,42,50,-1,35,45,44,-1,45,41,43,-1,34,36,37,-1,35,44,36,-1,39,38,30,-1,34,37,39,-1,28,32,29,-1,38,28,30,-1,31,29,32,-1,56,57,58,-1,59,60,61,-1,62,63,64,-1,64,57,62,-1,65,63,66,-1,67,68,69,-1,70,65,67,-1,71,72,73,-1,67,69,70,-1,74,71,75,-1,76,77,78,-1,75,79,80,-1,74,81,72,-1,76,78,67,-1,75,78,77,-1,82,83,84,-1,85,86,87,-1,88,73,89,-1,88,90,91,-1,91,85,92,-1,93,94,73,-1,86,91,95,-1,96,82,84,-1,97,95,90,-1,83,98,84,-1,99,100,98,-1,101,102,103,-1,104,102,98,-1,105,106,107,-1,104,107,103,-1,108,109,110,-1,108,107,111,-1,112,113,114,-1,113,109,111,-1,112,115,113,-1,116,117,115,-1,116,118,119,-1,116,120,117,-1,121,122,123,-1,122,118,124,-1,121,125,122,-1,122,125,126,-1,59,127,128,-1,129,126,125,-1,59,128,60,-1,130,61,131,-1,131,61,60,-1,132,130,131,-1,130,133,61,-1,129,133,134,-1,61,133,129,-1,127,59,125,-1,129,59,61,-1,134,135,126,-1,127,125,121,-1,59,129,125,-1,134,126,129,-1,124,118,116,-1,126,135,118,-1,123,122,124,-1,126,118,122,-1,135,119,118,-1,136,124,115,-1,124,136,123,-1,119,120,116,-1,137,117,120,-1,136,115,112,-1,124,116,115,-1,137,110,109,-1,115,117,113,-1,111,109,108,-1,114,113,111,-1,113,117,109,-1,137,109,117,-1,106,111,107,-1,111,106,114,-1,110,138,108,-1,101,103,138,-1,104,103,102,-1,105,107,104,-1,107,108,103,-1,138,103,108,-1,100,104,98,-1,104,100,105,-1,101,139,102,-1,96,84,139,-1,82,96,140,-1,99,98,83,-1,98,102,84,-1,139,84,102,-1,56,83,57,-1,83,56,99,-1,140,141,62,-1,83,82,57,-1,82,140,62,-1,58,57,64,-1,82,62,57,-1,141,66,63,-1,142,64,70,-1,64,142,58,-1,141,63,62,-1,70,63,65,-1,142,70,69,-1,64,63,70,-1,66,143,65,-1,76,143,144,-1,65,143,76,-1,68,67,78,-1,76,67,65,-1,144,145,77,-1,80,78,75,-1,78,80,68,-1,144,77,76,-1,71,74,72,-1,77,145,74,-1,79,75,71,-1,77,74,75,-1,145,81,74,-1,94,71,73,-1,71,94,79,-1,81,146,72,-1,89,146,147,-1,72,146,89,-1,93,73,88,-1,89,73,72,-1,90,147,97,-1,92,88,91,-1,88,92,93,-1,89,147,90,-1,88,89,90,-1,86,85,91,-1,95,91,90,-1,148,149,150,-1,151,152,153,-1,154,155,156,-1,155,154,157,-1,158,156,159,-1,156,160,161,-1,162,163,159,-1,159,164,162,-1,162,164,165,-1,159,163,158,-1,166,167,168,-1,167,166,169,-1,170,168,171,-1,149,172,173,-1,174,170,175,-1,176,175,177,-1,168,167,178,-1,177,170,179,-1,150,180,148,-1,181,179,171,-1,182,148,180,-1,183,148,182,-1,183,184,185,-1,185,186,187,-1,188,189,185,-1,190,187,186,-1,191,192,193,-1,188,194,189,-1,195,196,197,-1,195,191,198,-1,199,200,201,-1,202,200,195,-1,202,203,204,-1,202,204,201,-1,204,205,151,-1,204,203,205,-1,151,206,207,-1,207,208,152,-1,209,210,208,-1,208,210,152,-1,210,211,152,-1,212,153,211,-1,206,151,205,-1,207,152,151,-1,211,153,152,-1,202,201,200,-1,153,212,201,-1,151,153,204,-1,153,201,204,-1,212,199,201,-1,197,202,195,-1,202,197,203,-1,199,213,200,-1,198,191,193,-1,200,213,191,-1,196,195,198,-1,200,191,195,-1,213,192,191,-1,196,198,194,-1,194,198,189,-1,192,214,193,-1,186,214,190,-1,193,214,186,-1,198,193,189,-1,186,189,193,-1,190,215,187,-1,188,185,184,-1,189,186,185,-1,215,216,217,-1,187,217,183,-1,184,183,182,-1,185,187,183,-1,215,217,187,-1,150,149,173,-1,217,216,149,-1,183,217,148,-1,217,149,148,-1,216,172,149,-1,180,150,157,-1,157,150,155,-1,172,218,173,-1,160,218,219,-1,173,218,160,-1,150,173,155,-1,160,155,173,-1,219,220,161,-1,154,156,158,-1,155,160,156,-1,219,161,160,-1,164,220,221,-1,161,220,164,-1,156,161,159,-1,164,159,161,-1,221,222,165,-1,169,162,167,-1,162,169,163,-1,221,165,164,-1,178,222,223,-1,165,222,178,-1,162,165,167,-1,178,167,165,-1,181,171,223,-1,166,168,174,-1,174,168,170,-1,178,223,171,-1,168,178,171,-1,177,175,170,-1,179,170,171,-1,224,225,226,-1,227,228,229,-1,230,231,232,-1,233,234,235,-1,236,237,238,-1,239,240,241,-1,242,243,244,-1,245,246,247,-1,248,249,250,-1,251,252,250,-1,253,249,254,-1,248,254,249,-1,253,255,256,-1,255,253,254,-1,257,258,256,-1,256,255,257,-1,252,251,242,-1,257,206,258,-1,248,250,252,-1,243,246,244,-1,251,243,242,-1,246,245,244,-1,245,247,238,-1,236,238,247,-1,241,237,239,-1,239,237,236,-1,231,240,232,-1,231,241,240,-1,230,233,235,-1,230,232,233,-1,226,234,224,-1,235,234,226,-1,227,176,228,-1,224,229,225,-1,229,228,225,-1,101,259,260,-1,101,260,139,-1,261,138,110,-1,261,259,138,-1,262,261,110,-1,263,262,137,-1,110,137,262,-1,120,264,263,-1,263,137,120,-1,264,119,265,-1,119,264,120,-1,266,265,135,-1,119,135,265,-1,134,267,266,-1,266,135,134,-1,267,133,268,-1,133,267,134,-1,269,268,130,-1,133,130,268,-1,132,270,269,-1,269,130,132,-1,259,101,138,-1,139,260,271,-1,96,271,272,-1,271,96,139,-1,273,140,272,-1,96,272,140,-1,273,274,141,-1,141,140,273,-1,66,274,275,-1,274,66,141,-1,276,143,275,-1,66,275,143,-1,276,277,144,-1,144,143,276,-1,145,277,278,-1,277,145,144,-1,279,81,278,-1,145,278,81,-1,279,280,146,-1,146,81,279,-1,147,280,281,-1,280,147,146,-1,147,281,97,-1,282,283,284,-1,285,286,284,-1,282,284,286,-1,285,287,288,-1,288,286,285,-1,289,287,290,-1,287,289,288,-1,291,292,290,-1,289,290,292,-1,291,293,294,-1,294,292,291,-1,295,293,296,-1,293,295,294,-1,297,298,296,-1,295,296,298,-1,297,299,300,-1,300,298,297,-1,299,301,300,-1,302,283,282,-1,302,303,304,-1,304,283,302,-1,305,303,306,-1,303,305,304,-1,307,308,306,-1,305,306,308,-1,307,309,310,-1,310,308,307,-1,311,309,312,-1,309,311,310,-1,313,314,312,-1,311,312,314,-1,313,315,316,-1,316,314,313,-1,317,315,318,-1,315,317,316,-1,317,318,319,-1,320,321,322,-1,323,324,325,-1,326,327,328,-1,325,329,323,-1,325,324,321,-1,322,321,324,-1,330,329,331,-1,332,333,334,-1,329,330,323,-1,335,331,336,-1,332,331,333,-1,322,337,320,-1,332,330,331,-1,338,339,337,-1,339,320,337,-1,338,340,339,-1,341,342,343,-1,340,344,339,-1,345,334,333,-1,346,335,336,-1,347,348,343,-1,349,350,346,-1,338,351,340,-1,345,352,334,-1,353,354,355,-1,356,357,342,-1,343,357,358,-1,359,360,361,-1,360,362,356,-1,363,364,365,-1,366,364,367,-1,368,369,365,-1,370,371,372,-1,373,372,371,-1,374,375,376,-1,377,375,378,-1,379,380,381,-1,382,379,383,-1,383,381,384,-1,385,386,344,-1,381,387,384,-1,339,344,386,-1,385,388,386,-1,320,386,389,-1,325,390,391,-1,389,390,321,-1,391,336,329,-1,390,325,321,-1,335,333,331,-1,329,325,391,-1,345,333,354,-1,329,336,331,-1,392,345,353,-1,393,352,392,-1,345,392,352,-1,333,335,354,-1,393,392,394,-1,339,386,320,-1,395,388,385,-1,395,396,388,-1,320,389,321,-1,389,388,397,-1,391,398,399,-1,397,398,390,-1,399,346,336,-1,398,391,390,-1,350,354,335,-1,336,391,399,-1,348,400,355,-1,394,353,400,-1,354,353,345,-1,346,350,335,-1,355,354,350,-1,394,401,393,-1,392,353,394,-1,386,388,389,-1,402,396,395,-1,402,403,396,-1,389,397,390,-1,397,396,404,-1,399,405,406,-1,404,405,398,-1,406,349,346,-1,405,399,398,-1,407,355,350,-1,399,406,346,-1,407,349,408,-1,401,400,347,-1,355,400,353,-1,349,407,350,-1,355,407,348,-1,401,409,393,-1,394,400,401,-1,388,396,397,-1,410,403,402,-1,410,411,403,-1,397,404,398,-1,404,403,412,-1,406,413,414,-1,412,413,405,-1,414,408,349,-1,413,406,405,-1,341,348,407,-1,406,414,349,-1,341,408,415,-1,409,347,358,-1,348,347,400,-1,341,407,408,-1,348,341,343,-1,409,416,393,-1,401,347,409,-1,396,403,404,-1,417,411,410,-1,417,418,411,-1,404,412,405,-1,412,411,419,-1,414,420,327,-1,419,420,413,-1,327,415,408,-1,420,414,413,-1,421,422,360,-1,414,327,408,-1,415,421,342,-1,416,358,423,-1,343,358,347,-1,341,415,342,-1,343,342,357,-1,416,424,393,-1,409,358,416,-1,403,411,412,-1,425,418,417,-1,425,426,418,-1,412,419,413,-1,419,418,427,-1,428,378,429,-1,427,328,420,-1,326,421,415,-1,327,420,328,-1,423,357,430,-1,327,326,415,-1,360,356,421,-1,424,423,431,-1,357,423,358,-1,342,421,356,-1,357,356,430,-1,424,432,393,-1,416,423,424,-1,411,418,419,-1,433,426,425,-1,433,434,426,-1,419,427,420,-1,426,435,427,-1,436,422,326,-1,435,436,328,-1,364,359,368,-1,328,436,326,-1,362,437,430,-1,326,422,421,-1,437,438,431,-1,362,366,437,-1,430,431,423,-1,430,356,362,-1,431,430,437,-1,432,439,393,-1,424,431,432,-1,418,426,427,-1,440,434,433,-1,440,441,434,-1,427,435,328,-1,434,442,435,-1,443,361,422,-1,443,436,442,-1,366,362,359,-1,436,443,422,-1,444,437,366,-1,361,360,422,-1,445,438,444,-1,362,360,359,-1,366,367,444,-1,439,432,438,-1,431,438,432,-1,444,438,437,-1,439,446,393,-1,426,434,435,-1,447,441,440,-1,447,448,441,-1,435,442,436,-1,441,449,442,-1,450,368,361,-1,443,449,450,-1,444,367,451,-1,443,450,361,-1,445,451,452,-1,359,361,368,-1,453,454,455,-1,366,359,364,-1,367,454,451,-1,446,439,445,-1,438,445,439,-1,451,445,444,-1,446,456,393,-1,434,441,442,-1,457,448,447,-1,457,458,448,-1,442,449,443,-1,448,459,449,-1,365,460,370,-1,369,450,459,-1,363,454,367,-1,450,369,368,-1,454,453,451,-1,365,364,368,-1,453,461,452,-1,363,367,364,-1,462,463,464,-1,456,446,452,-1,445,452,446,-1,453,452,451,-1,441,448,449,-1,465,458,457,-1,465,466,458,-1,449,459,450,-1,467,459,458,-1,370,468,363,-1,460,369,467,-1,468,455,454,-1,460,365,369,-1,455,469,453,-1,370,363,365,-1,469,464,461,-1,468,454,363,-1,469,455,470,-1,463,456,461,-1,452,461,456,-1,469,461,453,-1,393,456,463,-1,448,458,459,-1,471,466,465,-1,471,429,466,-1,459,467,369,-1,466,472,467,-1,372,473,468,-1,460,472,371,-1,473,470,455,-1,371,370,460,-1,470,474,469,-1,372,468,370,-1,474,475,464,-1,473,455,468,-1,476,474,477,-1,475,478,462,-1,461,464,463,-1,474,464,469,-1,393,463,462,-1,458,466,467,-1,428,429,471,-1,479,480,481,-1,467,472,460,-1,482,472,429,-1,473,372,483,-1,482,373,371,-1,470,473,484,-1,373,483,372,-1,474,470,477,-1,483,484,473,-1,475,474,476,-1,484,477,470,-1,478,475,485,-1,486,487,485,-1,464,475,462,-1,476,485,475,-1,393,462,478,-1,466,429,472,-1,377,378,428,-1,373,488,483,-1,472,482,371,-1,489,482,378,-1,483,490,484,-1,489,488,373,-1,484,491,477,-1,488,490,483,-1,477,492,476,-1,490,491,484,-1,476,486,485,-1,491,492,477,-1,485,487,493,-1,492,486,476,-1,494,495,487,-1,393,478,493,-1,478,485,493,-1,429,378,482,-1,376,375,377,-1,488,480,490,-1,482,489,373,-1,375,496,489,-1,490,479,491,-1,496,480,488,-1,491,497,492,-1,480,479,490,-1,492,498,486,-1,479,497,491,-1,486,494,487,-1,497,498,492,-1,487,495,499,-1,498,494,486,-1,500,501,495,-1,393,493,499,-1,493,487,499,-1,378,375,489,-1,502,374,376,-1,503,497,479,-1,489,496,488,-1,374,380,496,-1,504,498,497,-1,380,481,480,-1,505,494,498,-1,481,503,479,-1,500,495,494,-1,503,504,497,-1,501,506,495,-1,504,505,498,-1,506,501,507,-1,505,500,494,-1,506,507,393,-1,393,499,506,-1,499,495,506,-1,375,374,496,-1,387,381,502,-1,379,508,481,-1,496,380,480,-1,379,481,380,-1,508,509,503,-1,508,503,481,-1,509,510,504,-1,509,504,503,-1,510,511,505,-1,510,505,504,-1,511,512,500,-1,511,500,505,-1,512,513,501,-1,512,501,500,-1,513,514,507,-1,514,393,507,-1,513,507,501,-1,502,381,374,-1,380,374,381,-1,508,382,515,-1,383,379,381,-1,509,515,516,-1,382,508,379,-1,510,516,517,-1,515,509,508,-1,511,517,518,-1,516,510,509,-1,512,518,519,-1,517,511,510,-1,513,519,520,-1,518,512,511,-1,514,520,521,-1,519,513,512,-1,521,393,514,-1,520,514,513,-1,517,522,523,-1,524,393,525,-1,522,516,526,-1,516,522,517,-1,527,526,515,-1,516,515,526,-1,382,528,527,-1,527,515,382,-1,528,383,529,-1,383,528,382,-1,383,384,529,-1,523,518,517,-1,519,518,530,-1,523,530,518,-1,531,520,519,-1,519,530,531,-1,520,532,521,-1,532,520,531,-1,393,521,525,-1,532,525,521,-1,533,332,534,-1,535,334,352,-1,324,536,537,-1,330,538,323,-1,337,539,540,-1,539,337,322,-1,541,338,540,-1,337,540,338,-1,351,338,541,-1,537,322,324,-1,537,539,322,-1,323,538,536,-1,323,536,324,-1,330,332,533,-1,330,533,538,-1,534,334,535,-1,332,334,534,-1,524,352,393,-1,535,352,524,-1,542,529,384,-1,543,544,545,-1,546,547,548,-1,549,550,551,-1,552,553,554,-1,555,556,557,-1,558,559,560,-1,561,562,563,-1,564,565,566,-1,567,568,569,-1,570,571,572,-1,569,572,571,-1,570,573,574,-1,574,571,570,-1,575,573,576,-1,573,575,574,-1,577,578,576,-1,575,576,578,-1,577,351,541,-1,541,578,577,-1,568,567,561,-1,569,568,572,-1,562,564,563,-1,567,562,561,-1,566,565,556,-1,563,564,566,-1,555,557,559,-1,556,565,557,-1,551,558,560,-1,558,555,559,-1,554,550,549,-1,549,551,560,-1,552,543,553,-1,554,553,550,-1,544,547,545,-1,552,544,543,-1,546,548,542,-1,545,547,546,-1,529,542,548,-1,579,568,561,-1,558,580,555,-1,581,582,583,-1,584,568,579,-1,585,570,586,-1,572,586,570,-1,585,587,573,-1,573,570,585,-1,576,588,577,-1,587,588,576,-1,351,577,340,-1,583,561,563,-1,561,583,579,-1,583,582,579,-1,583,563,589,-1,590,591,592,-1,566,589,563,-1,582,581,593,-1,589,566,594,-1,556,594,566,-1,556,555,580,-1,595,596,597,-1,598,599,600,-1,601,602,603,-1,604,605,606,-1,607,608,609,-1,610,611,612,-1,502,613,614,-1,613,615,616,-1,612,617,618,-1,384,387,614,-1,619,620,605,-1,621,622,623,-1,624,625,596,-1,626,627,604,-1,628,629,630,-1,631,626,632,-1,633,634,595,-1,635,593,598,-1,636,637,592,-1,594,591,638,-1,639,593,581,-1,594,638,589,-1,584,572,568,-1,589,638,581,-1,640,641,586,-1,642,585,641,-1,584,586,572,-1,579,582,643,-1,588,587,644,-1,586,584,640,-1,585,586,641,-1,588,340,577,-1,573,587,576,-1,587,642,644,-1,344,340,588,-1,556,591,594,-1,636,634,645,-1,646,599,639,-1,581,583,589,-1,591,590,638,-1,643,584,579,-1,638,590,639,-1,647,648,640,-1,649,641,648,-1,643,640,584,-1,582,593,635,-1,644,642,650,-1,640,643,647,-1,641,640,648,-1,644,344,588,-1,585,642,587,-1,642,649,650,-1,385,344,644,-1,556,592,591,-1,651,629,600,-1,652,651,646,-1,639,581,638,-1,592,637,590,-1,635,643,582,-1,590,637,646,-1,653,654,647,-1,655,654,653,-1,635,647,643,-1,593,599,598,-1,650,649,656,-1,647,635,653,-1,648,647,654,-1,650,385,644,-1,641,649,642,-1,649,657,656,-1,395,385,650,-1,556,636,592,-1,658,632,630,-1,599,593,639,-1,646,639,590,-1,637,636,645,-1,630,652,658,-1,637,645,652,-1,659,655,653,-1,660,655,659,-1,598,653,635,-1,599,651,600,-1,654,657,648,-1,659,653,598,-1,657,661,656,-1,656,395,650,-1,648,657,649,-1,657,662,661,-1,402,395,656,-1,556,634,636,-1,624,663,664,-1,651,599,646,-1,652,646,637,-1,634,633,645,-1,632,658,631,-1,645,633,658,-1,665,660,659,-1,666,660,665,-1,600,659,598,-1,651,630,629,-1,655,662,654,-1,665,659,600,-1,662,667,661,-1,661,402,656,-1,654,662,657,-1,662,668,667,-1,410,402,661,-1,556,595,634,-1,669,670,663,-1,630,651,652,-1,658,652,645,-1,595,597,633,-1,626,631,627,-1,633,597,631,-1,671,666,665,-1,672,666,671,-1,629,665,600,-1,630,632,628,-1,660,668,655,-1,671,665,629,-1,668,673,667,-1,667,410,661,-1,655,668,662,-1,668,674,673,-1,417,410,667,-1,556,596,595,-1,675,611,676,-1,628,632,677,-1,631,658,633,-1,596,625,597,-1,604,627,678,-1,625,627,597,-1,679,672,671,-1,680,672,679,-1,628,671,629,-1,632,626,677,-1,666,674,660,-1,679,671,628,-1,425,673,681,-1,673,417,667,-1,660,674,668,-1,674,682,681,-1,425,417,673,-1,556,624,596,-1,683,684,669,-1,677,626,606,-1,627,631,597,-1,624,664,625,-1,678,685,619,-1,664,678,625,-1,686,672,680,-1,687,680,688,-1,677,679,628,-1,626,604,606,-1,672,682,666,-1,688,679,677,-1,433,681,689,-1,674,681,673,-1,666,682,674,-1,682,686,689,-1,425,681,433,-1,556,663,624,-1,690,691,683,-1,619,604,678,-1,678,627,625,-1,663,670,664,-1,685,692,693,-1,670,685,664,-1,694,680,687,-1,688,680,679,-1,606,688,677,-1,605,604,619,-1,687,695,696,-1,695,688,606,-1,440,689,697,-1,682,689,681,-1,672,686,682,-1,686,694,697,-1,433,689,440,-1,556,669,663,-1,698,699,690,-1,693,619,685,-1,685,678,664,-1,670,669,684,-1,692,603,602,-1,684,692,670,-1,700,687,696,-1,695,687,688,-1,605,695,606,-1,620,619,693,-1,696,701,675,-1,701,695,605,-1,447,697,702,-1,686,697,689,-1,680,694,686,-1,694,700,702,-1,440,697,447,-1,669,556,683,-1,698,703,704,-1,602,693,692,-1,692,685,670,-1,691,684,683,-1,623,620,693,-1,691,603,684,-1,705,696,675,-1,701,696,695,-1,620,701,605,-1,693,602,623,-1,675,706,611,-1,706,701,620,-1,457,702,707,-1,694,702,697,-1,687,700,694,-1,700,705,707,-1,447,702,457,-1,683,556,690,-1,703,708,709,-1,603,710,601,-1,603,692,684,-1,699,691,690,-1,602,601,621,-1,710,603,691,-1,612,622,711,-1,706,675,701,-1,623,706,620,-1,623,602,621,-1,611,622,612,-1,622,706,623,-1,465,707,712,-1,700,707,702,-1,696,705,700,-1,705,676,712,-1,457,707,465,-1,690,556,698,-1,713,714,715,-1,714,716,710,-1,699,710,691,-1,704,699,698,-1,716,717,601,-1,714,710,699,-1,717,711,621,-1,710,716,601,-1,622,611,706,-1,621,601,717,-1,612,711,617,-1,622,621,711,-1,471,712,718,-1,705,712,707,-1,675,676,705,-1,676,610,718,-1,465,712,471,-1,698,556,703,-1,719,708,720,-1,721,716,713,-1,704,714,699,-1,709,704,703,-1,722,717,721,-1,715,714,704,-1,617,711,722,-1,713,716,714,-1,613,376,615,-1,721,717,716,-1,722,607,617,-1,722,711,717,-1,428,718,723,-1,676,718,712,-1,611,610,676,-1,610,618,723,-1,471,718,428,-1,703,556,708,-1,724,720,725,-1,715,726,727,-1,709,715,704,-1,708,719,709,-1,713,727,728,-1,709,726,715,-1,721,728,729,-1,715,727,713,-1,722,729,607,-1,713,728,721,-1,617,607,616,-1,722,721,729,-1,377,723,615,-1,610,723,718,-1,612,618,610,-1,618,616,615,-1,428,723,377,-1,708,556,720,-1,580,730,725,-1,731,726,719,-1,719,726,709,-1,719,724,731,-1,732,727,726,-1,726,731,732,-1,733,728,727,-1,727,732,733,-1,734,729,728,-1,728,733,734,-1,608,607,729,-1,729,734,608,-1,616,607,609,-1,618,615,723,-1,617,616,618,-1,616,609,613,-1,377,615,376,-1,720,556,725,-1,731,724,735,-1,732,731,736,-1,720,724,719,-1,724,730,735,-1,733,732,737,-1,731,735,736,-1,734,733,738,-1,732,736,737,-1,608,734,739,-1,733,737,738,-1,609,608,740,-1,734,738,739,-1,542,384,614,-1,608,739,740,-1,613,609,614,-1,740,614,609,-1,376,613,502,-1,725,556,580,-1,725,730,724,-1,558,551,730,-1,580,558,730,-1,551,550,735,-1,730,551,735,-1,550,553,736,-1,735,550,736,-1,553,543,737,-1,736,553,737,-1,543,545,738,-1,737,543,738,-1,545,546,739,-1,738,545,739,-1,546,542,740,-1,739,546,740,-1,542,614,740,-1,502,614,387,-1,741,742,743,-1,743,744,741,-1,745,746,747,-1,745,748,746,-1,749,750,751,-1,749,751,748,-1,752,748,753,-1,754,755,756,-1,756,755,752,-1,748,752,755,-1,753,748,751,-1,757,749,748,-1,757,748,745,-1,741,747,742,-1,742,747,758,-1,747,741,759,-1,741,760,759,-1,741,761,760,-1,746,758,747,-1,762,747,759,-1,763,301,299,-1,764,765,766,-1,767,768,769,-1,770,771,772,-1,773,774,775,-1,776,777,778,-1,779,780,781,-1,782,783,784,-1,785,786,787,-1,788,789,790,-1,791,790,789,-1,788,792,793,-1,793,789,788,-1,794,792,795,-1,792,794,793,-1,760,796,795,-1,794,795,796,-1,761,796,760,-1,791,783,782,-1,791,782,790,-1,784,785,787,-1,783,785,784,-1,777,786,778,-1,787,786,777,-1,779,776,780,-1,776,778,780,-1,770,772,781,-1,772,779,781,-1,775,774,771,-1,775,771,770,-1,773,765,764,-1,773,764,774,-1,766,768,767,-1,765,768,766,-1,763,769,301,-1,767,769,763,-1,797,798,799,-1,800,743,801,-1,798,797,802,-1,798,802,803,-1,804,803,805,-1,744,743,800,-1,801,804,800,-1,744,800,806,-1,806,319,744,-1,744,319,318,-1,807,808,809,-1,810,806,800,-1,800,804,805,-1,811,805,803,-1,809,803,807,-1,811,803,809,-1,802,812,803,-1,812,807,803,-1,317,813,814,-1,263,760,262,-1,760,263,264,-1,319,815,816,-1,260,787,271,-1,776,271,777,-1,777,271,787,-1,260,784,787,-1,776,272,271,-1,272,776,779,-1,272,779,273,-1,274,273,772,-1,275,274,771,-1,772,273,779,-1,277,276,764,-1,275,774,276,-1,279,278,767,-1,277,766,278,-1,299,280,763,-1,279,763,280,-1,281,280,299,-1,296,817,818,-1,297,819,299,-1,290,287,820,-1,821,822,291,-1,40,823,43,-1,824,285,825,-1,47,826,50,-1,314,827,311,-1,828,305,827,-1,827,314,814,-1,316,317,814,-1,317,319,813,-1,814,314,316,-1,319,829,815,-1,813,319,816,-1,763,279,767,-1,293,291,822,-1,278,766,767,-1,277,764,766,-1,795,261,760,-1,276,774,764,-1,275,771,774,-1,274,772,771,-1,259,795,792,-1,259,788,260,-1,782,260,790,-1,784,260,782,-1,260,788,790,-1,259,792,788,-1,259,261,795,-1,265,760,264,-1,760,261,262,-1,830,267,831,-1,268,831,267,-1,269,270,832,-1,269,833,268,-1,834,826,46,-1,270,52,54,-1,826,835,50,-1,823,40,836,-1,50,835,40,-1,285,284,825,-1,823,319,43,-1,284,283,837,-1,829,319,823,-1,319,806,44,-1,820,287,824,-1,283,304,828,-1,827,308,310,-1,310,311,827,-1,827,305,308,-1,828,304,305,-1,828,837,283,-1,837,825,284,-1,824,287,285,-1,821,290,820,-1,821,291,290,-1,296,293,817,-1,822,817,293,-1,296,818,297,-1,299,819,281,-1,297,818,819,-1,806,759,33,-1,838,267,830,-1,28,806,32,-1,806,33,32,-1,37,806,38,-1,806,28,38,-1,806,36,44,-1,806,37,36,-1,319,44,43,-1,836,40,835,-1,52,834,46,-1,46,826,47,-1,832,270,54,-1,52,270,834,-1,833,269,832,-1,831,268,833,-1,760,839,840,-1,266,838,265,-1,266,267,838,-1,265,839,760,-1,838,839,265,-1,841,759,840,-1,760,840,759,-1,842,759,843,-1,759,841,843,-1,844,759,845,-1,759,842,845,-1,33,759,844,-1,68,80,219,-1,215,190,99,-1,100,190,214,-1,56,215,99,-1,105,214,192,-1,216,215,58,-1,106,192,213,-1,216,142,172,-1,112,114,213,-1,69,218,172,-1,112,199,136,-1,219,218,68,-1,212,136,199,-1,222,221,93,-1,209,127,210,-1,846,847,848,-1,849,850,851,-1,223,92,85,-1,852,853,854,-1,855,856,857,-1,858,859,860,-1,861,862,863,-1,863,864,865,-1,866,865,864,-1,867,861,868,-1,869,870,871,-1,872,852,865,-1,869,873,874,-1,849,875,850,-1,875,854,876,-1,181,85,87,-1,87,877,181,-1,878,879,880,-1,93,92,222,-1,222,92,223,-1,881,128,209,-1,881,209,882,-1,79,220,219,-1,220,94,221,-1,123,212,211,-1,210,121,211,-1,883,879,849,-1,85,181,223,-1,868,859,858,-1,221,94,93,-1,220,79,94,-1,219,80,79,-1,218,69,68,-1,172,142,69,-1,216,58,142,-1,215,56,58,-1,190,100,99,-1,214,105,100,-1,192,106,105,-1,213,114,106,-1,213,199,112,-1,212,123,136,-1,211,121,123,-1,210,127,121,-1,209,128,127,-1,882,846,881,-1,847,846,882,-1,878,880,848,-1,878,848,847,-1,879,883,880,-1,849,851,883,-1,875,876,850,-1,854,853,876,-1,852,872,853,-1,865,866,872,-1,863,862,864,-1,861,867,862,-1,868,858,867,-1,859,870,860,-1,871,873,869,-1,859,871,870,-1,873,855,874,-1,857,856,877,-1,874,855,857,-1,181,877,856,-1,884,270,132,-1,885,835,886,-1,887,826,834,-1,829,888,889,-1,836,890,823,-1,891,892,813,-1,893,816,815,-1,894,828,895,-1,827,814,896,-1,824,897,898,-1,837,899,825,-1,821,900,901,-1,900,821,820,-1,902,822,901,-1,821,901,822,-1,902,903,817,-1,817,822,902,-1,818,903,904,-1,903,818,817,-1,97,819,904,-1,818,904,819,-1,281,819,97,-1,820,824,898,-1,898,900,820,-1,825,899,897,-1,825,897,824,-1,837,828,894,-1,837,894,899,-1,895,827,896,-1,828,827,895,-1,892,814,813,-1,896,814,892,-1,893,891,816,-1,891,813,816,-1,829,889,815,-1,889,893,815,-1,823,890,888,-1,823,888,829,-1,836,835,885,-1,836,885,890,-1,886,826,887,-1,835,826,886,-1,884,834,270,-1,887,834,884,-1,180,157,905,-1,154,906,157,-1,905,157,906,-1,907,154,158,-1,154,907,906,-1,158,163,908,-1,908,907,158,-1,169,909,163,-1,908,163,909,-1,910,169,166,-1,169,910,909,-1,166,174,911,-1,911,910,166,-1,175,912,174,-1,911,174,912,-1,227,175,176,-1,175,227,912,-1,905,913,180,-1,913,914,182,-1,182,180,913,-1,915,184,914,-1,182,914,184,-1,188,915,916,-1,915,188,184,-1,916,917,194,-1,194,188,916,-1,918,196,917,-1,194,917,196,-1,197,918,919,-1,918,197,196,-1,919,920,203,-1,203,197,919,-1,258,205,920,-1,203,920,205,-1,258,206,205,-1,258,906,907,-1,915,914,917,-1,917,916,915,-1,918,914,913,-1,914,918,917,-1,905,919,913,-1,918,913,919,-1,905,906,920,-1,920,919,905,-1,256,907,908,-1,906,258,920,-1,253,909,249,-1,243,251,912,-1,250,910,911,-1,247,224,236,-1,227,229,246,-1,233,232,240,-1,233,239,234,-1,236,234,239,-1,239,233,240,-1,236,224,234,-1,246,229,247,-1,247,229,224,-1,243,912,227,-1,246,243,227,-1,251,250,911,-1,912,251,911,-1,910,249,909,-1,910,250,249,-1,908,253,256,-1,908,909,253,-1,256,258,907,-1,921,225,922,-1,856,179,181,-1,856,923,179,-1,873,924,855,-1,922,925,921,-1,230,926,231,-1,235,226,927,-1,928,238,237,-1,929,930,241,-1,931,932,933,-1,934,935,854,-1,936,937,938,-1,938,252,939,-1,940,941,942,-1,941,254,943,-1,206,257,207,-1,943,944,941,-1,207,940,208,-1,940,257,255,-1,208,942,209,-1,936,938,939,-1,254,248,943,-1,932,939,242,-1,242,939,252,-1,244,245,945,-1,945,932,244,-1,238,928,946,-1,935,946,928,-1,929,947,948,-1,930,928,237,-1,929,231,926,-1,948,947,863,-1,949,927,950,-1,950,868,951,-1,952,925,871,-1,921,952,927,-1,228,953,922,-1,228,922,225,-1,177,953,176,-1,923,924,953,-1,179,923,177,-1,856,855,923,-1,176,953,228,-1,177,923,953,-1,855,924,923,-1,921,925,952,-1,924,873,925,-1,953,924,922,-1,924,925,922,-1,873,871,925,-1,226,921,927,-1,921,226,225,-1,871,859,952,-1,949,950,951,-1,952,859,950,-1,235,927,949,-1,952,950,927,-1,859,868,950,-1,235,949,230,-1,230,949,926,-1,868,861,951,-1,947,861,863,-1,951,861,947,-1,949,951,926,-1,947,926,951,-1,863,865,948,-1,231,929,241,-1,926,947,929,-1,865,852,954,-1,948,954,930,-1,241,930,237,-1,929,948,930,-1,865,954,948,-1,946,935,934,-1,954,852,935,-1,930,954,928,-1,954,935,928,-1,852,854,935,-1,238,946,245,-1,245,946,945,-1,854,875,934,-1,933,875,849,-1,934,875,933,-1,946,934,945,-1,933,945,934,-1,849,879,931,-1,244,932,242,-1,945,933,932,-1,849,931,933,-1,936,879,878,-1,931,879,936,-1,932,931,939,-1,936,939,931,-1,878,847,937,-1,248,938,943,-1,938,248,252,-1,878,937,936,-1,944,847,882,-1,937,847,944,-1,938,937,943,-1,944,943,937,-1,209,942,882,-1,254,941,255,-1,255,941,940,-1,944,882,942,-1,941,944,942,-1,207,257,940,-1,208,940,942,-1,857,955,956,-1,904,95,97,-1,903,902,957,-1,904,958,95,-1,959,956,955,-1,960,961,962,-1,963,900,962,-1,964,965,966,-1,899,967,968,-1,969,970,971,-1,972,864,862,-1,973,974,975,-1,976,977,978,-1,883,851,979,-1,980,981,982,-1,983,984,985,-1,986,983,979,-1,987,985,988,-1,848,880,985,-1,989,990,987,-1,881,60,128,-1,60,990,131,-1,881,846,990,-1,131,989,132,-1,982,979,980,-1,986,886,984,-1,975,850,876,-1,975,981,980,-1,974,976,889,-1,876,973,975,-1,991,872,866,-1,977,991,978,-1,970,972,971,-1,969,971,892,-1,895,992,964,-1,972,965,992,-1,967,966,993,-1,858,966,867,-1,860,870,994,-1,968,993,994,-1,960,962,898,-1,870,961,994,-1,956,874,857,-1,956,963,995,-1,958,903,957,-1,996,958,957,-1,86,996,87,-1,86,958,996,-1,95,958,86,-1,904,903,958,-1,877,996,955,-1,996,877,87,-1,902,901,959,-1,957,959,955,-1,877,955,857,-1,996,957,955,-1,902,959,957,-1,995,963,962,-1,959,901,963,-1,874,956,995,-1,959,963,956,-1,901,900,963,-1,869,995,961,-1,995,869,874,-1,900,898,962,-1,897,960,898,-1,869,961,870,-1,995,962,961,-1,897,899,968,-1,961,960,994,-1,993,968,967,-1,860,994,993,-1,994,960,968,-1,897,968,960,-1,858,993,966,-1,993,858,860,-1,899,894,967,-1,895,964,894,-1,965,964,992,-1,867,966,965,-1,966,967,964,-1,894,964,967,-1,862,965,972,-1,965,862,867,-1,895,896,992,-1,892,971,896,-1,969,892,891,-1,864,972,970,-1,972,992,971,-1,896,971,992,-1,866,970,991,-1,970,866,864,-1,891,893,978,-1,970,969,991,-1,969,891,978,-1,872,991,977,-1,969,978,991,-1,893,889,976,-1,853,977,973,-1,977,853,872,-1,893,976,978,-1,973,976,974,-1,853,973,876,-1,977,976,973,-1,889,888,974,-1,981,888,890,-1,974,888,981,-1,850,975,980,-1,981,975,974,-1,890,885,982,-1,851,980,979,-1,980,851,850,-1,890,982,981,-1,983,986,984,-1,982,885,986,-1,883,979,983,-1,982,986,979,-1,885,886,986,-1,880,983,985,-1,983,880,883,-1,886,887,984,-1,988,887,884,-1,984,887,988,-1,848,985,987,-1,988,985,984,-1,989,884,132,-1,846,987,990,-1,987,846,848,-1,988,884,989,-1,987,988,989,-1,60,881,990,-1,131,990,989,-1,747,800,805,-1,747,805,745,-1,757,811,749,-1,811,757,805,-1,809,749,811,-1,757,745,805,-1,750,749,809,-1,750,809,808,-1,750,808,997,-1,808,998,997,-1,999,1000,1001,-1,1002,1003,1004,-1,1005,1000,1006,-1,999,1006,1000,-1,1007,1008,1005,-1,1005,1006,1007,-1,1008,1009,1010,-1,1009,1008,1007,-1,1011,1010,1012,-1,1009,1012,1010,-1,1013,1014,1011,-1,1011,1012,1013,-1,1014,1015,1016,-1,1015,1014,1013,-1,1017,1016,1018,-1,1015,1018,1016,-1,1019,1020,1017,-1,1017,1018,1019,-1,1020,1021,1022,-1,1021,1020,1019,-1,1023,1022,1024,-1,1021,1024,1022,-1,1025,1026,1023,-1,1023,1024,1025,-1,1027,1026,1025,-1,1028,1029,1027,-1,1026,1027,1029,-1,1028,1030,1031,-1,1031,1029,1028,-1,1032,1030,1033,-1,1030,1032,1031,-1,1004,1003,1033,-1,1032,1033,1003,-1,1002,1004,1034,-1,1034,1035,1036,-1,1036,1002,1034,-1,1037,1035,1038,-1,1035,1037,1036,-1,1039,1040,1038,-1,1037,1038,1040,-1,1039,1041,1042,-1,1042,1040,1039,-1,1043,1041,1044,-1,1041,1043,1042,-1,1045,1046,1044,-1,1043,1044,1046,-1,1045,997,1047,-1,1047,1046,1045,-1,997,998,1047,-1,1048,1049,1050,-1,1051,1052,1053,-1,1053,1052,1054,-1,1052,1051,1055,-1,1053,1056,1051,-1,1050,1055,1048,-1,1055,1050,1052,-1,1057,1049,1058,-1,1058,1049,1048,-1,1059,1060,1057,-1,1057,1058,1059,-1,1060,1061,1062,-1,1061,1060,1059,-1,1063,1062,1064,-1,1061,1064,1062,-1,1065,1066,1063,-1,1063,1064,1065,-1,1067,1066,1065,-1,1068,1069,1067,-1,1066,1067,1069,-1,1068,1070,1071,-1,1071,1069,1068,-1,1072,1070,1073,-1,1070,1072,1071,-1,1074,1075,1073,-1,1072,1073,1075,-1,1074,1076,1077,-1,1077,1075,1074,-1,1078,1076,1079,-1,1076,1078,1077,-1,1080,1081,1079,-1,1078,1079,1081,-1,1080,1082,1083,-1,1083,1081,1080,-1,1082,1084,1083,-1,1085,1086,1084,-1,1084,1082,1085,-1,1086,1087,1088,-1,1087,1086,1085,-1,1089,1088,1090,-1,1087,1090,1088,-1,1091,1092,1089,-1,1089,1090,1091,-1,1092,1093,1094,-1,1093,1092,1091,-1,1095,1094,1096,-1,1093,1096,1094,-1,807,751,1095,-1,1095,1096,807,-1,812,751,807,-1,753,812,802,-1,812,753,751,-1,753,802,752,-1,754,799,798,-1,803,755,798,-1,754,798,755,-1,748,755,803,-1,756,799,754,-1,797,756,752,-1,756,797,799,-1,797,752,802,-1,748,804,746,-1,804,748,803,-1,810,800,762,-1,800,747,762,-1,759,810,762,-1,810,759,806,-1,742,801,743,-1,804,758,746,-1,758,804,801,-1,742,758,801,-1,840,1097,1098,-1,1098,1099,841,-1,841,840,1098,-1,1100,843,1099,-1,841,1099,843,-1,842,1100,1101,-1,1100,842,843,-1,1101,1102,845,-1,845,842,1101,-1,1103,844,1102,-1,845,1102,844,-1,33,1103,31,-1,1103,33,844,-1,840,839,1097,-1,1104,839,838,-1,839,1104,1097,-1,838,830,1105,-1,1105,1104,838,-1,831,1106,830,-1,1105,830,1106,-1,1107,831,833,-1,831,1107,1106,-1,833,832,1108,-1,1108,1107,833,-1,1108,832,55,-1,832,54,55,-1,1109,1110,1111,-1,1111,1112,1109,-1,1111,1113,1114,-1,1111,1110,1113,-1,1113,1115,1116,-1,1116,1114,1113,-1,1116,1117,1118,-1,1116,1115,1117,-1,1117,1119,1120,-1,1120,1118,1117,-1,1109,1112,1120,-1,1120,1119,1109,-1,1114,1116,1118,-1,1112,1114,1120,-1,1118,1120,1114,-1,1114,1112,1111,-1,1121,1122,1123,-1,1124,1125,1126,-1,1125,1121,1123,-1,1124,1121,1125,-1,1126,1127,1128,-1,1128,1124,1126,-1,1129,1128,1127,-1,1130,1131,1132,-1,1131,1129,1127,-1,1130,1129,1131,-1,1133,1130,1132,-1,1134,1135,1136,-1,1135,1133,1132,-1,1134,1133,1135,-1,1137,1134,1136,-1,1138,1139,1140,-1,1139,1137,1136,-1,1138,1137,1139,-1,1141,1138,1140,-1,1142,1143,1144,-1,1143,1141,1140,-1,1142,1141,1143,-1,1145,1142,1144,-1,1146,1147,1148,-1,1147,1145,1144,-1,1146,1145,1147,-1,1149,1146,1148,-1,1150,1151,1152,-1,1151,1149,1148,-1,1150,1149,1151,-1,1152,1153,1154,-1,1154,1150,1152,-1,1155,1154,1153,-1,1156,1157,1158,-1,1157,1155,1153,-1,1156,1155,1157,-1,1159,1156,1158,-1,1160,1161,1162,-1,1161,1159,1158,-1,1160,1159,1161,-1,1163,1160,1162,-1,1164,1165,1166,-1,1165,1163,1162,-1,1164,1163,1165,-1,1167,1164,1166,-1,1168,1169,1170,-1,1169,1167,1166,-1,1168,1167,1169,-1,1171,1168,1170,-1,1122,1172,1123,-1,1172,1171,1170,-1,1122,1171,1172,-1,1122,1130,1133,-1,1124,1128,1129,-1,1121,1124,1129,-1,1129,1130,1121,-1,1168,1171,1134,-1,1121,1130,1122,-1,1168,1134,1137,-1,1138,1163,1164,-1,1138,1167,1137,-1,1160,1163,1141,-1,1160,1142,1159,-1,1160,1141,1142,-1,1149,1154,1155,-1,1145,1156,1159,-1,1149,1155,1146,-1,1150,1154,1149,-1,1155,1156,1146,-1,1145,1159,1142,-1,1146,1156,1145,-1,1138,1141,1163,-1,1167,1168,1137,-1,1164,1167,1138,-1,1122,1133,1171,-1,1133,1134,1171,-1,1173,1174,1175,-1,1175,1176,1173,-1,1175,1177,1178,-1,1175,1174,1177,-1,1177,1179,1180,-1,1180,1178,1177,-1,1181,1182,1180,-1,1180,1179,1181,-1,1181,1183,1184,-1,1184,1182,1181,-1,1184,1185,1186,-1,1184,1183,1185,-1,1185,1187,1188,-1,1188,1186,1185,-1,1189,1190,1188,-1,1188,1187,1189,-1,1189,1191,1192,-1,1192,1190,1189,-1,1192,1193,1194,-1,1192,1191,1193,-1,1193,1195,1196,-1,1196,1194,1193,-1,1173,1176,1196,-1,1196,1195,1173,-1,1188,1190,1192,-1,1192,1194,1188,-1,1194,1186,1188,-1,1180,1182,1186,-1,1186,1194,1180,-1,1186,1182,1184,-1,1194,1196,1180,-1,1176,1178,1196,-1,1196,1178,1180,-1,1176,1175,1178,-1,1197,1198,1199,-1,1200,1201,1202,-1,1202,1203,1204,-1,1205,1206,1207,-1,1208,1207,1206,-1,1206,1205,1209,-1,1203,1202,1210,-1,1211,1212,1213,-1,1205,1214,1209,-1,1209,1214,1215,-1,1216,1209,1215,-1,1197,1199,1215,-1,1216,1215,1199,-1,1217,1218,1219,-1,1220,1221,1217,-1,1222,1223,1224,-1,1225,1198,1197,-1,1226,1227,1198,-1,1198,1225,1226,-1,1228,1229,1222,-1,1230,1212,1211,-1,1220,1229,1221,-1,1231,1210,1213,-1,1232,1233,1201,-1,1234,1208,1233,-1,1208,1234,1207,-1,1234,1233,1232,-1,1232,1201,1200,-1,1200,1202,1204,-1,1203,1210,1231,-1,1213,1210,1211,-1,1230,1219,1218,-1,1230,1218,1212,-1,1219,1220,1217,-1,1229,1228,1221,-1,1223,1235,1224,-1,1222,1224,1228,-1,1198,1227,1223,-1,1235,1223,1227,-1,1236,1235,1227,-1,1235,1237,1224,-1,1224,1238,1228,-1,1238,1224,1237,-1,1227,1239,1236,-1,1237,1235,1236,-1,1221,1228,1238,-1,1212,1218,1240,-1,1217,1241,1242,-1,1213,1243,1244,-1,1243,1213,1212,-1,1240,1218,1242,-1,1243,1212,1240,-1,1217,1221,1241,-1,1218,1217,1242,-1,1238,1241,1221,-1,1231,1213,1244,-1,1204,1245,1246,-1,1203,1247,1245,-1,1231,1247,1203,-1,1204,1203,1245,-1,1244,1247,1231,-1,1200,1204,1246,-1,1232,1248,1249,-1,1248,1200,1246,-1,1232,1200,1248,-1,1234,1232,1249,-1,1214,1205,1250,-1,1207,1251,1252,-1,1215,1253,1254,-1,1253,1215,1214,-1,1250,1205,1252,-1,1253,1214,1250,-1,1207,1234,1251,-1,1205,1207,1252,-1,1249,1251,1234,-1,1215,1255,1197,-1,1225,1256,1226,-1,1256,1225,1257,-1,1255,1257,1197,-1,1225,1197,1257,-1,1215,1254,1255,-1,1256,1239,1227,-1,1227,1226,1256,-1,1258,1199,1198,-1,1259,1260,1216,-1,1259,1216,1199,-1,1259,1199,1258,-1,1258,1198,1223,-1,1258,1223,1261,-1,1262,1222,1263,-1,1223,1262,1261,-1,1222,1229,1263,-1,1262,1223,1222,-1,1219,1264,1265,-1,1263,1220,1265,-1,1219,1265,1220,-1,1229,1220,1263,-1,1230,1264,1219,-1,1266,1230,1211,-1,1230,1266,1264,-1,1266,1211,1267,-1,1267,1210,1268,-1,1211,1210,1267,-1,1202,1268,1210,-1,1268,1202,1269,-1,1269,1201,1270,-1,1202,1201,1269,-1,1233,1270,1201,-1,1270,1233,1271,-1,1206,1272,1273,-1,1271,1208,1273,-1,1206,1273,1208,-1,1233,1208,1271,-1,1209,1272,1206,-1,1274,1209,1216,-1,1209,1274,1272,-1,1274,1216,1260,-1,1275,1276,1277,-1,1278,1279,1280,-1,1281,1282,1280,-1,1277,1283,1284,-1,1285,1278,1286,-1,1277,1276,1283,-1,1287,1285,1283,-1,1285,1287,1278,-1,1288,1275,1289,-1,1277,1289,1275,-1,1290,1288,1289,-1,1280,1282,1289,-1,1289,1291,1290,-1,1289,1282,1291,-1,1281,1280,1292,-1,1292,1280,1293,-1,1279,1278,1287,-1,1280,1279,1293,-1,1283,1276,1287,-1,1294,1295,1289,-1,1289,1277,1294,-1,1289,1296,1280,-1,1289,1295,1296,-1,1296,1297,1278,-1,1278,1280,1296,-1,1298,1286,1278,-1,1278,1297,1298,-1,1298,1299,1285,-1,1285,1286,1298,-1,1300,1283,1285,-1,1285,1299,1300,-1,1300,1301,1284,-1,1284,1283,1300,-1,1294,1277,1284,-1,1284,1301,1294,-1,1302,1287,1276,-1,1287,1302,1303,-1,1275,1288,1304,-1,1302,1276,1275,-1,1275,1304,1302,-1,1304,1288,1305,-1,1288,1290,1305,-1,1305,1290,1306,-1,1306,1291,1307,-1,1290,1291,1306,-1,1282,1307,1291,-1,1307,1282,1308,-1,1308,1281,1309,-1,1282,1281,1308,-1,1292,1309,1281,-1,1309,1292,1310,-1,1293,1279,1311,-1,1310,1292,1293,-1,1293,1311,1310,-1,1311,1279,1312,-1,1279,1287,1312,-1,1312,1287,1303,-1,1313,1314,1315,-1,1315,1316,1313,-1,1315,1317,1318,-1,1315,1314,1317,-1,1317,1319,1320,-1,1320,1318,1317,-1,1321,1322,1320,-1,1320,1319,1321,-1,1321,1323,1324,-1,1324,1322,1321,-1,1324,1325,1326,-1,1324,1323,1325,-1,1325,1327,1328,-1,1328,1326,1325,-1,1329,1330,1328,-1,1328,1327,1329,-1,1329,1331,1332,-1,1332,1330,1329,-1,1332,1333,1334,-1,1332,1331,1333,-1,1333,1335,1336,-1,1336,1334,1333,-1,1313,1316,1336,-1,1336,1335,1313,-1,1328,1330,1332,-1,1332,1334,1328,-1,1334,1326,1328,-1,1320,1322,1326,-1,1326,1334,1320,-1,1326,1322,1324,-1,1334,1336,1320,-1,1316,1318,1336,-1,1336,1318,1320,-1,1316,1315,1318,-1,1337,1338,1339,-1,1340,1341,1342,-1,1341,1343,1342,-1,1337,1339,1344,-1,1339,1345,1344,-1,1346,1347,1348,-1,1349,1345,1350,-1,1344,1345,1349,-1,1351,1352,1353,-1,1340,1350,1341,-1,1354,1348,1355,-1,1356,1354,1357,-1,1358,1347,1346,-1,1359,1358,1360,-1,1361,1362,1363,-1,1364,1353,1352,-1,1365,1366,1363,-1,1367,1368,1364,-1,1353,1342,1343,-1,1350,1340,1349,-1,1369,1370,1361,-1,1371,1372,1373,-1,1365,1374,1366,-1,1361,1363,1366,-1,1371,1373,1359,-1,1375,1367,1364,-1,1366,1374,1343,-1,1343,1374,1351,-1,1353,1343,1351,-1,1352,1375,1364,-1,1367,1376,1372,-1,1367,1375,1376,-1,1367,1372,1371,-1,1360,1358,1346,-1,1371,1359,1360,-1,1355,1357,1354,-1,1347,1355,1348,-1,1356,1357,1369,-1,1361,1370,1362,-1,1369,1357,1370,-1,1344,1349,1377,-1,1337,1378,1379,-1,1378,1344,1377,-1,1337,1344,1378,-1,1379,1380,1338,-1,1338,1337,1379,-1,1339,1338,1380,-1,1345,1381,1382,-1,1381,1339,1380,-1,1345,1339,1381,-1,1350,1345,1382,-1,1343,1383,1384,-1,1341,1385,1383,-1,1350,1385,1341,-1,1343,1341,1383,-1,1382,1385,1350,-1,1384,1386,1366,-1,1366,1343,1384,-1,1361,1366,1386,-1,1356,1387,1388,-1,1369,1389,1387,-1,1361,1389,1369,-1,1356,1369,1387,-1,1386,1389,1361,-1,1354,1356,1388,-1,1348,1390,1391,-1,1390,1354,1388,-1,1348,1354,1390,-1,1346,1348,1391,-1,1360,1392,1393,-1,1392,1346,1391,-1,1360,1346,1392,-1,1371,1360,1393,-1,1367,1394,1395,-1,1394,1371,1393,-1,1367,1371,1394,-1,1395,1396,1368,-1,1368,1367,1395,-1,1397,1364,1368,-1,1368,1396,1397,-1,1397,1398,1353,-1,1353,1364,1397,-1,1342,1353,1398,-1,1349,1399,1377,-1,1340,1400,1399,-1,1342,1400,1340,-1,1349,1340,1399,-1,1398,1400,1342,-1,1401,1363,1402,-1,1365,1363,1401,-1,1362,1402,1363,-1,1402,1362,1403,-1,1403,1370,1404,-1,1362,1370,1403,-1,1357,1404,1370,-1,1404,1357,1405,-1,1405,1355,1406,-1,1357,1355,1405,-1,1347,1406,1355,-1,1406,1347,1407,-1,1407,1358,1408,-1,1347,1358,1407,-1,1359,1408,1358,-1,1408,1359,1409,-1,1409,1373,1410,-1,1359,1373,1409,-1,1372,1410,1373,-1,1410,1372,1411,-1,1376,1375,1412,-1,1411,1372,1376,-1,1376,1412,1411,-1,1412,1375,1413,-1,1375,1352,1413,-1,1413,1352,1414,-1,1414,1352,1351,-1,1414,1351,1415,-1,1415,1374,1416,-1,1351,1374,1415,-1,1365,1416,1374,-1,1416,1365,1401,-1,1417,1418,1419,-1,1420,1421,1422,-1,1421,1417,1419,-1,1420,1417,1421,-1,1422,1423,1424,-1,1424,1420,1422,-1,1425,1424,1423,-1,1426,1427,1428,-1,1427,1425,1423,-1,1426,1425,1427,-1,1429,1426,1428,-1,1430,1431,1432,-1,1431,1429,1428,-1,1430,1429,1431,-1,1433,1430,1432,-1,1434,1435,1436,-1,1435,1433,1432,-1,1434,1433,1435,-1,1437,1434,1436,-1,1438,1439,1440,-1,1439,1437,1436,-1,1438,1437,1439,-1,1441,1438,1440,-1,1442,1443,1444,-1,1443,1441,1440,-1,1442,1441,1443,-1,1445,1442,1444,-1,1446,1447,1448,-1,1447,1445,1444,-1,1446,1445,1447,-1,1449,1446,1448,-1,1450,1451,1452,-1,1451,1449,1448,-1,1450,1449,1451,-1,1453,1450,1452,-1,1454,1455,1456,-1,1455,1453,1452,-1,1454,1453,1455,-1,1457,1454,1456,-1,1458,1459,1460,-1,1459,1457,1456,-1,1458,1457,1459,-1,1461,1458,1460,-1,1462,1463,1464,-1,1463,1461,1460,-1,1462,1461,1463,-1,1464,1465,1466,-1,1466,1462,1464,-1,1467,1466,1465,-1,1468,1469,1470,-1,1469,1467,1465,-1,1468,1467,1469,-1,1471,1468,1470,-1,1472,1473,1474,-1,1473,1471,1470,-1,1472,1471,1473,-1,1475,1472,1474,-1,1476,1477,1478,-1,1477,1475,1474,-1,1476,1475,1477,-1,1479,1476,1478,-1,1480,1481,1482,-1,1481,1479,1478,-1,1480,1479,1481,-1,1483,1480,1482,-1,1484,1485,1486,-1,1485,1483,1482,-1,1484,1483,1485,-1,1487,1484,1486,-1,1488,1489,1490,-1,1489,1487,1486,-1,1488,1487,1489,-1,1491,1488,1490,-1,1492,1493,1494,-1,1493,1491,1490,-1,1492,1491,1493,-1,1495,1492,1494,-1,1418,1496,1497,-1,1496,1498,1499,-1,1419,1418,1497,-1,1499,1498,1500,-1,1497,1496,1499,-1,1494,1500,1495,-1,1498,1495,1500,-1,1450,1472,1475,-1,1430,1495,1429,-1,1498,1496,1429,-1,1454,1472,1453,-1,1437,1492,1434,-1,1430,1433,1492,-1,1437,1438,1492,-1,1468,1457,1458,-1,1462,1466,1461,-1,1417,1424,1425,-1,1476,1450,1475,-1,1457,1471,1454,-1,1472,1450,1453,-1,1417,1425,1426,-1,1420,1424,1417,-1,1442,1445,1484,-1,1468,1458,1461,-1,1468,1461,1467,-1,1461,1466,1467,-1,1484,1487,1442,-1,1441,1442,1488,-1,1438,1441,1491,-1,1484,1445,1446,-1,1449,1480,1483,-1,1471,1472,1454,-1,1468,1471,1457,-1,1450,1476,1479,-1,1480,1449,1450,-1,1479,1480,1450,-1,1483,1446,1449,-1,1483,1484,1446,-1,1487,1488,1442,-1,1491,1441,1488,-1,1438,1491,1492,-1,1433,1434,1492,-1,1492,1495,1430,-1,1429,1496,1426,-1,1429,1495,1498,-1,1496,1418,1426,-1,1426,1418,1417,-1,1501,1502,1503,-1,1501,1504,1502,-1,1505,1506,1507,-1,1508,1509,1507,-1,1502,1510,1503,-1,1510,1506,1505,-1,1509,1505,1507,-1,1502,1506,1510,-1,1511,1509,1508,-1,1512,1513,1514,-1,1513,1511,1508,-1,1512,1511,1513,-1,1514,1515,1516,-1,1516,1512,1514,-1,1517,1518,1519,-1,1520,1521,1519,-1,1515,1522,1516,-1,1522,1518,1517,-1,1521,1517,1519,-1,1515,1518,1522,-1,1521,1523,1524,-1,1521,1520,1523,-1,1523,1525,1526,-1,1526,1524,1523,-1,1525,1527,1528,-1,1528,1526,1525,-1,1529,1528,1527,-1,1530,1531,1532,-1,1531,1529,1527,-1,1530,1529,1531,-1,1533,1530,1532,-1,1534,1535,1536,-1,1535,1533,1532,-1,1534,1533,1535,-1,1536,1537,1538,-1,1538,1534,1536,-1,1539,1538,1537,-1,1540,1541,1542,-1,1541,1539,1537,-1,1540,1539,1541,-1,1543,1540,1542,-1,1544,1545,1546,-1,1547,1548,1545,-1,1543,1548,1547,-1,1544,1547,1545,-1,1542,1548,1543,-1,1546,1504,1501,-1,1501,1544,1546,-1,1501,1510,1505,-1,1526,1522,1524,-1,1509,1544,1505,-1,1501,1503,1510,-1,1517,1524,1522,-1,1544,1526,1528,-1,1544,1511,1512,-1,1547,1544,1528,-1,1547,1528,1529,-1,1526,1516,1522,-1,1524,1517,1521,-1,1516,1526,1512,-1,1540,1543,1529,-1,1544,1512,1526,-1,1540,1530,1539,-1,1539,1530,1533,-1,1538,1533,1534,-1,1540,1529,1530,-1,1533,1538,1539,-1,1509,1511,1544,-1,1543,1547,1529,-1,1544,1501,1505,-1,1549,1550,1551,-1,1551,1552,1549,-1,1551,1553,1554,-1,1551,1550,1553,-1,1553,1555,1556,-1,1556,1554,1553,-1,1557,1558,1556,-1,1556,1555,1557,-1,1557,1559,1560,-1,1560,1558,1557,-1,1560,1561,1562,-1,1560,1559,1561,-1,1561,1563,1564,-1,1564,1562,1561,-1,1565,1566,1564,-1,1564,1563,1565,-1,1565,1567,1568,-1,1568,1566,1565,-1,1568,1569,1570,-1,1568,1567,1569,-1,1569,1571,1572,-1,1572,1570,1569,-1,1549,1552,1572,-1,1572,1571,1549,-1,1564,1566,1568,-1,1568,1570,1564,-1,1570,1562,1564,-1,1556,1558,1562,-1,1562,1570,1556,-1,1562,1558,1560,-1,1570,1572,1556,-1,1552,1554,1572,-1,1572,1554,1556,-1,1552,1551,1554,-1,1573,1574,1575,-1,1576,1577,1578,-1,1579,1576,1580,-1,1581,1582,1583,-1,1584,1583,1582,-1,1582,1581,1585,-1,1577,1576,1586,-1,1587,1588,1589,-1,1581,1590,1585,-1,1585,1590,1591,-1,1592,1585,1591,-1,1573,1575,1591,-1,1592,1591,1575,-1,1593,1594,1595,-1,1596,1597,1593,-1,1598,1599,1600,-1,1601,1574,1573,-1,1602,1603,1574,-1,1574,1601,1602,-1,1604,1605,1598,-1,1606,1588,1587,-1,1596,1605,1597,-1,1607,1586,1589,-1,1608,1609,1579,-1,1610,1584,1609,-1,1584,1610,1583,-1,1610,1609,1608,-1,1608,1579,1580,-1,1580,1576,1578,-1,1577,1586,1607,-1,1589,1586,1587,-1,1606,1595,1594,-1,1606,1594,1588,-1,1595,1596,1593,-1,1605,1604,1597,-1,1599,1611,1600,-1,1598,1600,1604,-1,1574,1603,1599,-1,1611,1599,1603,-1,1612,1611,1603,-1,1611,1613,1600,-1,1600,1614,1604,-1,1614,1600,1613,-1,1612,1603,1615,-1,1611,1612,1613,-1,1597,1604,1614,-1,1588,1594,1616,-1,1593,1617,1618,-1,1589,1619,1620,-1,1619,1589,1588,-1,1616,1594,1618,-1,1619,1588,1616,-1,1593,1597,1617,-1,1594,1593,1618,-1,1614,1617,1597,-1,1607,1589,1620,-1,1578,1621,1622,-1,1577,1623,1621,-1,1607,1623,1577,-1,1578,1577,1621,-1,1620,1623,1607,-1,1580,1578,1622,-1,1608,1624,1625,-1,1624,1580,1622,-1,1608,1580,1624,-1,1610,1608,1625,-1,1590,1581,1626,-1,1583,1627,1628,-1,1591,1629,1630,-1,1629,1591,1590,-1,1626,1581,1628,-1,1629,1590,1626,-1,1583,1610,1627,-1,1581,1583,1628,-1,1625,1627,1610,-1,1591,1631,1573,-1,1601,1632,1602,-1,1632,1601,1633,-1,1631,1633,1573,-1,1601,1573,1633,-1,1591,1630,1631,-1,1632,1615,1603,-1,1603,1602,1632,-1,1634,1575,1574,-1,1635,1636,1592,-1,1635,1592,1575,-1,1635,1575,1634,-1,1634,1574,1599,-1,1634,1599,1637,-1,1638,1598,1639,-1,1599,1638,1637,-1,1598,1605,1639,-1,1638,1599,1598,-1,1595,1640,1641,-1,1639,1596,1641,-1,1595,1641,1596,-1,1605,1596,1639,-1,1606,1640,1595,-1,1642,1606,1587,-1,1606,1642,1640,-1,1642,1587,1643,-1,1643,1586,1644,-1,1587,1586,1643,-1,1576,1644,1586,-1,1644,1576,1645,-1,1645,1579,1646,-1,1576,1579,1645,-1,1609,1646,1579,-1,1646,1609,1647,-1,1582,1648,1649,-1,1647,1584,1649,-1,1582,1649,1584,-1,1609,1584,1647,-1,1585,1648,1582,-1,1650,1585,1592,-1,1585,1650,1648,-1,1650,1592,1636,-1,1651,1652,1653,-1,1654,1655,1656,-1,1657,1658,1656,-1,1653,1659,1660,-1,1661,1654,1662,-1,1653,1652,1659,-1,1663,1661,1659,-1,1661,1663,1654,-1,1664,1651,1665,-1,1653,1665,1651,-1,1666,1664,1665,-1,1656,1658,1665,-1,1665,1667,1666,-1,1665,1658,1667,-1,1657,1656,1668,-1,1668,1656,1669,-1,1655,1654,1663,-1,1656,1655,1669,-1,1659,1652,1663,-1,1670,1671,1665,-1,1665,1653,1670,-1,1665,1672,1656,-1,1665,1671,1672,-1,1672,1673,1654,-1,1654,1656,1672,-1,1674,1662,1654,-1,1654,1673,1674,-1,1674,1675,1661,-1,1661,1662,1674,-1,1676,1659,1661,-1,1661,1675,1676,-1,1676,1677,1660,-1,1660,1659,1676,-1,1670,1653,1660,-1,1660,1677,1670,-1,1678,1663,1652,-1,1663,1678,1679,-1,1651,1664,1680,-1,1678,1652,1651,-1,1651,1680,1678,-1,1680,1664,1681,-1,1664,1666,1681,-1,1681,1666,1682,-1,1682,1667,1683,-1,1666,1667,1682,-1,1658,1683,1667,-1,1683,1658,1684,-1,1684,1657,1685,-1,1658,1657,1684,-1,1668,1685,1657,-1,1685,1668,1686,-1,1669,1655,1687,-1,1686,1668,1669,-1,1669,1687,1686,-1,1687,1655,1688,-1,1655,1663,1688,-1,1688,1663,1679,-1,1689,1690,1691,-1,1692,1693,1694,-1,1695,1696,1697,-1,1690,1689,1698,-1,1689,1691,1699,-1,1696,1699,1697,-1,1696,1689,1699,-1,1700,1701,1702,-1,1689,1696,1703,-1,1704,1705,1706,-1,1703,1707,1689,-1,1707,1703,1708,-1,1709,1710,1711,-1,1712,1713,1714,-1,1715,1710,1712,-1,1716,1717,1718,-1,1719,1716,1720,-1,1721,1718,1717,-1,1707,1708,1720,-1,1722,1719,1720,-1,1720,1708,1722,-1,1719,1717,1716,-1,1714,1723,1724,-1,1718,1721,1725,-1,1725,1721,1726,-1,1727,1728,1729,-1,1726,1730,1725,-1,1731,1732,1733,-1,1731,1734,1732,-1,1735,1736,1737,-1,1737,1729,1735,-1,1738,1739,1740,-1,1734,1741,1740,-1,1742,1739,1743,-1,1739,1738,1743,-1,1744,1745,1746,-1,1742,1747,1748,-1,1748,1746,1745,-1,1749,1750,1751,-1,1752,1753,1754,-1,1755,1749,1756,-1,1749,1752,1757,-1,1751,1756,1749,-1,1755,1758,1759,-1,1702,1760,1761,-1,1761,1759,1758,-1,1762,1763,1764,-1,1765,1766,1764,-1,1767,1768,1769,-1,1770,1771,1772,-1,1773,1774,1775,-1,1776,1777,1778,-1,1770,1768,1779,-1,1780,1781,1782,-1,1714,1713,1780,-1,1715,1783,1710,-1,1781,1784,1785,-1,1723,1714,1782,-1,1781,1786,1784,-1,1778,1774,1773,-1,1787,1773,1788,-1,1773,1775,1788,-1,1789,1790,1779,-1,1789,1710,1709,-1,1791,1763,1762,-1,1772,1769,1770,-1,1791,1771,1763,-1,1763,1771,1770,-1,1762,1764,1766,-1,1765,1701,1700,-1,1700,1766,1765,-1,1761,1760,1759,-1,1702,1701,1760,-1,1755,1756,1758,-1,1757,1752,1792,-1,1750,1749,1757,-1,1793,1753,1752,-1,1792,1752,1754,-1,1794,1795,1796,-1,1793,1752,1704,-1,1794,1796,1744,-1,1796,1795,1797,-1,1793,1704,1706,-1,1797,1793,1706,-1,1797,1795,1793,-1,1747,1746,1748,-1,1744,1796,1745,-1,1748,1739,1742,-1,1734,1731,1741,-1,1738,1740,1741,-1,1732,1728,1733,-1,1732,1735,1728,-1,1692,1694,1798,-1,1728,1735,1729,-1,1727,1692,1798,-1,1727,1729,1692,-1,1693,1730,1799,-1,1693,1799,1694,-1,1730,1726,1799,-1,1787,1800,1801,-1,1801,1773,1787,-1,1800,1784,1786,-1,1801,1800,1786,-1,1785,1782,1781,-1,1782,1714,1780,-1,1713,1712,1710,-1,1783,1711,1710,-1,1709,1790,1789,-1,1790,1770,1779,-1,1769,1777,1767,-1,1770,1769,1768,-1,1778,1773,1776,-1,1777,1776,1767,-1,1799,1726,1802,-1,1727,1798,1803,-1,1694,1804,1805,-1,1728,1806,1807,-1,1806,1728,1727,-1,1803,1798,1805,-1,1806,1727,1803,-1,1694,1799,1804,-1,1798,1694,1805,-1,1802,1804,1799,-1,1733,1728,1807,-1,1741,1808,1809,-1,1731,1810,1808,-1,1733,1810,1731,-1,1741,1731,1808,-1,1807,1810,1733,-1,1738,1741,1809,-1,1747,1742,1811,-1,1743,1812,1813,-1,1814,1747,1811,-1,1743,1813,1742,-1,1811,1742,1813,-1,1738,1809,1812,-1,1743,1738,1812,-1,1746,1747,1814,-1,1794,1815,1816,-1,1744,1817,1815,-1,1746,1817,1744,-1,1794,1744,1815,-1,1814,1817,1746,-1,1795,1794,1816,-1,1793,1818,1819,-1,1818,1795,1816,-1,1793,1795,1818,-1,1753,1793,1819,-1,1754,1820,1821,-1,1820,1753,1819,-1,1754,1753,1820,-1,1792,1754,1821,-1,1751,1750,1822,-1,1757,1823,1824,-1,1758,1756,1825,-1,1826,1825,1756,-1,1827,1758,1825,-1,1826,1751,1822,-1,1826,1756,1751,-1,1750,1757,1824,-1,1822,1750,1824,-1,1792,1821,1823,-1,1757,1792,1823,-1,1761,1758,1827,-1,1700,1828,1829,-1,1702,1830,1828,-1,1761,1830,1702,-1,1700,1702,1828,-1,1827,1830,1761,-1,1766,1700,1829,-1,1791,1831,1832,-1,1762,1833,1831,-1,1766,1833,1762,-1,1791,1762,1831,-1,1829,1833,1766,-1,1771,1791,1832,-1,1769,1834,1835,-1,1772,1836,1834,-1,1771,1836,1772,-1,1769,1772,1834,-1,1832,1836,1771,-1,1777,1769,1835,-1,1775,1774,1837,-1,1778,1838,1839,-1,1840,1775,1837,-1,1778,1839,1774,-1,1837,1774,1839,-1,1777,1835,1838,-1,1778,1777,1838,-1,1788,1775,1840,-1,1784,1800,1841,-1,1787,1842,1843,-1,1785,1844,1845,-1,1844,1785,1784,-1,1841,1800,1843,-1,1844,1784,1841,-1,1787,1788,1842,-1,1800,1787,1843,-1,1840,1842,1788,-1,1845,1846,1782,-1,1782,1785,1845,-1,1846,1847,1723,-1,1723,1782,1846,-1,1847,1848,1724,-1,1724,1723,1847,-1,1848,1849,1714,-1,1714,1724,1848,-1,1712,1714,1849,-1,1783,1850,1851,-1,1715,1852,1850,-1,1712,1852,1715,-1,1783,1715,1850,-1,1849,1852,1712,-1,1711,1783,1851,-1,1770,1790,1853,-1,1709,1854,1855,-1,1856,1770,1853,-1,1709,1855,1790,-1,1853,1790,1855,-1,1711,1851,1854,-1,1709,1711,1854,-1,1763,1770,1856,-1,1701,1765,1857,-1,1764,1858,1859,-1,1860,1701,1857,-1,1764,1859,1765,-1,1857,1765,1859,-1,1763,1856,1858,-1,1764,1763,1858,-1,1760,1701,1860,-1,1749,1755,1861,-1,1759,1862,1863,-1,1752,1864,1865,-1,1864,1752,1749,-1,1861,1755,1863,-1,1864,1749,1861,-1,1759,1760,1862,-1,1755,1759,1863,-1,1860,1862,1760,-1,1704,1752,1865,-1,1705,1866,1867,-1,1866,1704,1865,-1,1705,1704,1866,-1,1706,1705,1867,-1,1745,1796,1868,-1,1797,1869,1870,-1,1748,1871,1872,-1,1871,1748,1745,-1,1868,1796,1870,-1,1871,1745,1868,-1,1797,1706,1869,-1,1796,1797,1870,-1,1867,1869,1706,-1,1739,1748,1872,-1,1732,1734,1873,-1,1740,1874,1875,-1,1736,1735,1876,-1,1877,1876,1735,-1,1878,1736,1876,-1,1877,1732,1873,-1,1877,1735,1732,-1,1734,1740,1875,-1,1873,1734,1875,-1,1739,1872,1874,-1,1740,1739,1874,-1,1879,1737,1736,-1,1736,1878,1879,-1,1729,1737,1879,-1,1730,1693,1880,-1,1692,1881,1882,-1,1725,1883,1884,-1,1883,1725,1730,-1,1880,1693,1882,-1,1883,1730,1880,-1,1692,1729,1881,-1,1693,1692,1882,-1,1879,1881,1729,-1,1718,1725,1884,-1,1707,1720,1885,-1,1716,1886,1887,-1,1888,1707,1885,-1,1716,1887,1720,-1,1885,1720,1887,-1,1718,1884,1886,-1,1716,1718,1886,-1,1707,1889,1689,-1,1707,1888,1889,-1,1889,1890,1698,-1,1698,1689,1889,-1,1690,1698,1890,-1,1699,1891,1892,-1,1691,1893,1891,-1,1690,1893,1691,-1,1699,1691,1891,-1,1890,1893,1690,-1,1697,1699,1892,-1,1696,1894,1895,-1,1695,1896,1894,-1,1697,1896,1695,-1,1696,1695,1894,-1,1892,1896,1697,-1,1897,1703,1696,-1,1696,1895,1897,-1,1708,1703,1897,-1,1719,1898,1899,-1,1722,1900,1898,-1,1708,1900,1722,-1,1719,1722,1898,-1,1897,1900,1708,-1,1717,1719,1899,-1,1726,1901,1802,-1,1721,1902,1901,-1,1717,1902,1721,-1,1726,1721,1901,-1,1899,1902,1717,-1,1903,1904,1781,-1,1786,1904,1905,-1,1904,1786,1781,-1,1906,1801,1905,-1,1786,1905,1801,-1,1773,1801,1906,-1,1780,1903,1781,-1,1780,1713,1907,-1,1907,1903,1780,-1,1908,1713,1710,-1,1713,1908,1907,-1,1908,1710,1909,-1,1910,1911,1768,-1,1779,1911,1912,-1,1911,1779,1768,-1,1909,1789,1912,-1,1779,1912,1789,-1,1710,1789,1909,-1,1767,1910,1768,-1,1767,1776,1913,-1,1913,1910,1767,-1,1914,1776,1773,-1,1776,1914,1913,-1,1914,1773,1906,-1,1915,1916,1917,-1,1915,1918,1916,-1,1919,1920,1921,-1,1921,1922,1919,-1,1923,1924,1925,-1,1926,1925,1924,-1,1923,1925,1927,-1,1928,1926,1929,-1,1917,1919,1930,-1,1920,1919,1917,-1,1931,1917,1930,-1,1916,1920,1917,-1,1932,1930,1919,-1,1930,1932,1928,-1,1933,1934,1935,-1,1930,1928,1929,-1,1936,1929,1926,-1,1926,1937,1938,-1,1936,1926,1938,-1,1934,1939,1935,-1,1934,1940,1939,-1,1941,1933,1935,-1,1940,1938,1942,-1,1942,1939,1940,-1,1938,1943,1942,-1,1926,1924,1937,-1,1938,1937,1943,-1,1944,1945,1946,-1,1947,1948,1949,-1,1946,1945,1950,-1,1951,1945,1944,-1,1952,1953,1915,-1,1947,1954,1950,-1,1946,1950,1954,-1,1949,1955,1956,-1,1957,1956,1958,-1,1957,1958,1959,-1,1960,1957,1959,-1,1958,1956,1955,-1,1961,1949,1956,-1,1915,1953,1922,-1,1962,1963,1953,-1,1921,1915,1922,-1,1918,1915,1921,-1,1953,1964,1922,-1,1964,1953,1963,-1,1961,1956,1962,-1,1956,1963,1962,-1,1949,1948,1955,-1,1947,1949,1954,-1,1938,1940,1954,-1,1929,1961,1962,-1,1936,1949,1961,-1,1938,1949,1936,-1,1929,1936,1961,-1,1954,1949,1938,-1,1962,1930,1929,-1,1962,1953,1930,-1,1915,1931,1952,-1,1917,1931,1915,-1,1930,1952,1931,-1,1952,1930,1953,-1,1932,1919,1922,-1,1928,1964,1963,-1,1964,1932,1922,-1,1928,1932,1964,-1,1963,1926,1928,-1,1963,1956,1926,-1,1927,1960,1959,-1,1958,1923,1959,-1,1927,1959,1923,-1,1924,1923,1958,-1,1925,1960,1927,-1,1957,1925,1926,-1,1925,1957,1960,-1,1957,1926,1956,-1,1965,1966,1967,-1,1967,1968,1969,-1,1965,1967,1970,-1,1967,1966,1968,-1,1971,1972,1967,-1,1970,1967,1972,-1,1973,1974,1975,-1,1971,1976,1972,-1,1977,1978,1979,-1,1980,1981,1975,-1,1982,1983,1984,-1,1985,1986,1987,-1,1988,1989,1990,-1,1991,1992,1993,-1,1994,1995,1996,-1,1997,1998,1999,-1,2000,1993,2001,-1,1999,1935,1945,-1,1945,1997,1999,-1,1939,1950,1935,-1,1945,1935,1950,-1,1947,1939,1942,-1,1939,1947,1950,-1,1948,1947,1942,-1,1943,1955,1948,-1,1948,1942,1943,-1,1958,1955,1937,-1,1943,1937,1955,-1,1924,1958,1937,-1,2000,1998,1997,-1,1998,2000,2001,-1,1992,1991,1996,-1,1992,2001,1993,-1,1991,1994,1996,-1,1989,1995,2002,-1,1995,1994,2002,-1,1983,1988,1990,-1,1990,1989,2002,-1,2003,1982,1984,-1,1982,1988,1983,-1,1986,1985,2003,-1,2003,1984,1986,-1,1977,1979,1987,-1,1979,1985,1987,-1,1980,1978,1981,-1,1978,1977,1981,-1,1973,2004,1974,-1,1980,1975,1974,-1,1976,1971,2004,-1,1976,2004,1973,-1,2005,2006,1971,-1,2004,1971,2006,-1,2007,2008,2005,-1,2005,2008,2006,-1,2009,2010,2005,-1,2005,2010,2007,-1,2005,2011,2009,-1,2012,1971,1967,-1,1971,2012,2013,-1,2005,1971,2013,-1,1967,2014,2012,-1,1944,1934,1933,-1,1941,2015,1951,-1,1940,1946,1954,-1,2016,2017,2018,-1,2019,2020,2021,-1,2022,2023,2024,-1,2025,2026,2027,-1,2028,2029,2030,-1,2031,2032,2033,-1,2013,2012,2034,-1,2035,2036,2037,-1,2038,2039,2012,-1,2040,2013,2041,-1,2042,2012,2014,-1,2043,2042,2014,-1,2044,2012,2039,-1,2042,2038,2012,-1,2045,2013,2040,-1,2013,2034,2041,-1,2012,2046,2034,-1,2012,2044,2046,-1,2036,2044,2037,-1,2044,2036,2046,-1,2035,2028,2030,-1,2037,2028,2035,-1,2029,2032,2031,-1,2029,2031,2030,-1,2024,2023,2033,-1,2024,2033,2032,-1,2025,2027,2022,-1,2027,2023,2022,-1,2016,2026,2017,-1,2026,2025,2017,-1,2020,2018,2021,-1,2016,2018,2020,-1,2019,2015,1941,-1,2021,2015,2019,-1,1951,1933,1941,-1,1951,1944,1933,-1,1944,1946,1934,-1,1940,1934,1946,-1,2047,2048,2049,-1,2050,2051,2047,-1,2052,2053,2054,-1,2055,2053,2052,-1,2052,2056,2057,-1,2052,2058,2056,-1,2057,2055,2052,-1,2059,13,2060,-1,2052,2061,2058,-1,17,2062,2063,-1,17,2064,2065,-1,7,2062,17,-1,2066,2062,7,-1,2067,2066,6,-1,7,6,2066,-1,2068,11,2,-1,11,2067,6,-1,2069,2,1,-1,2070,2068,2,-1,2071,3,2072,-1,2071,2069,1,-1,2073,2072,3,-1,2073,2074,2075,-1,2076,2075,2077,-1,2078,2079,2080,-1,2081,2082,2077,-1,2083,2084,2085,-1,2078,2083,2079,-1,2086,2084,2087,-1,2086,2085,2084,-1,2088,2089,2090,-1,2084,2089,2088,-1,2080,2081,2078,-1,2091,2090,2089,-1,2092,2093,2094,-1,2093,2095,2096,-1,2093,2097,2094,-1,2097,2093,2098,-1,2095,2093,2099,-1,2099,2093,2092,-1,2073,3,2074,-1,2100,2093,2089,-1,2047,2051,2093,-1,2047,27,2101,-1,2102,2103,2047,-1,2047,2103,27,-1,2075,2074,2077,-1,2047,2049,2102,-1,2093,2096,2089,-1,2047,2093,2100,-1,2048,2047,2100,-1,2096,2091,2089,-1,2088,2087,2084,-1,2085,2079,2083,-1,2077,2082,2076,-1,2081,2080,2082,-1,1,3,2071,-1,2070,2,2069,-1,2067,11,2068,-1,2064,17,2063,-1,13,2052,14,-1,13,2065,2060,-1,17,2065,13,-1,2061,2052,13,-1,2061,13,2059,-1,21,14,2101,-1,2052,2101,14,-1,23,20,2101,-1,2101,20,21,-1,27,25,2101,-1,2101,25,23,-1,2104,2105,2106,-1,2107,2108,2106,-1,2107,2106,2050,-1,2108,2107,2109,-1,2110,2108,2109,-1,2111,2112,2113,-1,2114,2115,2116,-1,2117,2113,2118,-1,2112,2118,2113,-1,2116,2115,2111,-1,2111,2115,2112,-1,2114,2105,2104,-1,2116,2105,2114,-1,2106,2051,2050,-1,2104,2106,2108,-1,2119,2120,2121,-1,2122,2120,2123,-1,2124,2121,2120,-1,2124,2120,2122,-1,2120,2125,2126,-1,2120,2119,2125,-1,2120,12,22,-1,2120,2126,2127,-1,2127,15,2120,-1,2118,22,19,-1,2128,15,2129,-1,2129,15,2130,-1,2131,2132,16,-1,16,15,2128,-1,16,2132,8,-1,8,2133,9,-1,2134,8,2132,-1,2133,2135,9,-1,2136,2137,4,-1,2138,2139,0,-1,2140,5,2137,-1,2141,2142,2143,-1,2144,2145,2141,-1,2146,2147,2148,-1,2141,2149,2150,-1,2144,2141,2150,-1,2151,2152,2153,-1,2154,2155,2156,-1,2157,2158,2117,-1,2147,2159,2148,-1,2146,5,2160,-1,2146,2160,2147,-1,2153,2156,2155,-1,2140,2160,5,-1,2159,2152,2151,-1,2152,2159,2147,-1,2153,2155,2151,-1,2154,2161,2143,-1,2156,2161,2154,-1,2149,2141,2143,-1,2143,2161,2149,-1,2141,2117,2158,-1,2142,2141,2158,-1,2117,2162,2163,-1,2157,2117,2163,-1,2118,26,2117,-1,2162,2117,26,-1,18,24,2118,-1,2118,24,26,-1,2118,19,18,-1,2135,10,9,-1,15,12,2120,-1,2118,2120,22,-1,2127,2130,15,-1,2128,2131,16,-1,2134,2133,8,-1,2138,0,10,-1,10,2135,2138,-1,2139,2136,0,-1,2137,5,4,-1,2136,4,0,-1,2160,2072,2073,-1,2071,2140,2137,-1,2072,2140,2071,-1,2160,2140,2072,-1,2141,2105,2116,-1,2117,2111,2113,-1,2106,2105,2093,-1,2141,2093,2105,-1,2111,2141,2116,-1,2093,2051,2106,-1,2111,2117,2141,-1,2101,2052,2120,-1,2115,2120,2118,-1,2118,2112,2115,-1,2114,2120,2115,-1,2101,2114,2104,-1,2114,2101,2120,-1,2101,2108,2110,-1,2104,2108,2101,-1,1093,1046,1047,-1,807,1096,998,-1,1042,1087,1040,-1,1090,1043,1091,-1,1080,1002,1036,-1,1082,1037,1085,-1,1031,1032,1074,-1,1003,1079,1076,-1,1068,1067,1023,-1,1073,1070,1029,-1,1061,1017,1064,-1,1020,1022,1065,-1,1058,1014,1059,-1,1016,1059,1014,-1,1058,1048,1011,-1,1011,1014,1058,-1,1010,1048,1055,-1,1048,1010,1011,-1,1051,1008,1055,-1,1010,1055,1008,-1,1051,1056,1005,-1,1005,1008,1051,-1,1000,1056,1053,-1,1056,1000,1005,-1,1016,1061,1059,-1,1000,1053,1001,-1,1064,1017,1020,-1,1061,1016,1017,-1,1067,1065,1022,-1,1065,1064,1020,-1,1026,1068,1023,-1,1023,1067,1022,-1,1070,1026,1029,-1,1026,1070,1068,-1,1029,1031,1073,-1,1074,1032,1076,-1,1073,1031,1074,-1,1079,1003,1002,-1,1076,1032,1003,-1,1082,1080,1036,-1,1080,1079,1002,-1,1040,1085,1037,-1,1037,1082,1036,-1,1042,1090,1087,-1,1040,1087,1085,-1,1043,1046,1091,-1,1042,1043,1090,-1,1093,1047,1096,-1,1091,1046,1093,-1,807,998,808,-1,1096,1047,998,-1,1077,1028,1075,-1,1072,1075,1027,-1,1063,1066,1019,-1,1081,1033,1078,-1,1030,1078,1033,-1,1081,1083,1004,-1,1004,1033,1081,-1,1034,1083,1084,-1,1083,1034,1004,-1,1086,1035,1084,-1,1034,1084,1035,-1,1086,1088,1038,-1,1038,1035,1086,-1,1039,1088,1089,-1,1088,1039,1038,-1,1092,1041,1089,-1,1039,1089,1041,-1,1092,1094,1044,-1,1044,1041,1092,-1,1045,1094,1095,-1,1094,1045,1044,-1,751,997,1095,-1,1045,1095,997,-1,750,997,751,-1,1024,1021,1069,-1,1015,1060,1062,-1,1030,1028,1077,-1,1030,1077,1078,-1,1028,1027,1075,-1,1071,1072,1025,-1,1027,1025,1072,-1,1069,1071,1024,-1,1071,1025,1024,-1,1019,1066,1021,-1,1066,1069,1021,-1,1063,1018,1062,-1,1018,1063,1019,-1,1018,1015,1062,-1,1013,1057,1060,-1,1060,1015,1013,-1,1057,1012,1049,-1,1012,1057,1013,-1,1050,1049,1009,-1,1012,1009,1049,-1,1007,1052,1050,-1,1050,1009,1007,-1,1052,1006,1054,-1,1006,1052,1007,-1,1053,1054,999,-1,1006,999,1054,-1,1053,999,1001,-1,2045,2011,2013,-1,2040,2009,2045,-1,2045,2009,2011,-1,2040,2010,2009,-1,2011,2005,2013,-1,2041,2007,2010,-1,2010,2040,2041,-1,2008,2041,2034,-1,2041,2008,2007,-1,2046,2006,2034,-1,2008,2034,2006,-1,2046,2036,2004,-1,2004,2006,2046,-1,1980,1974,2036,-1,2036,1974,2004,-1,2035,1978,1980,-1,1980,2036,2035,-1,1979,2030,1985,-1,2035,2030,1978,-1,2003,2031,2033,-1,1985,2030,2031,-1,1982,2003,2033,-1,1982,2023,1988,-1,2027,1995,1989,-1,2023,1989,1988,-1,1978,2030,1979,-1,1985,2031,2003,-1,2033,2023,1982,-1,2023,2027,1989,-1,2026,1996,1995,-1,1995,2027,2026,-1,1996,2016,1992,-1,2016,1996,2026,-1,2020,2001,2016,-1,1992,2016,2001,-1,2020,2019,1998,-1,1998,2001,2020,-1,1999,2019,1941,-1,2019,1999,1998,-1,1999,1941,1935,-1,2029,1987,2032,-1,1981,1977,2029,-1,2029,1977,1987,-1,2032,1986,2024,-1,1986,2032,1987,-1,2022,2024,1984,-1,1986,1984,2024,-1,1990,2022,1983,-1,2022,1984,1983,-1,1990,2002,2025,-1,2025,2022,1990,-1,2017,2002,1994,-1,2002,2017,2025,-1,1991,2018,1994,-1,2017,1994,2018,-1,1993,2021,2018,-1,2018,1991,1993,-1,2021,2000,2015,-1,2000,2021,1993,-1,1951,2015,1997,-1,2000,1997,2015,-1,2028,1981,2029,-1,1951,1997,1945,-1,2028,2037,1975,-1,1975,1981,2028,-1,1973,2037,1976,-1,1973,1975,2037,-1,1972,1976,2044,-1,2037,2044,1976,-1,2039,1970,1972,-1,1972,2044,2039,-1,1970,2038,1965,-1,2038,1970,2039,-1,2042,1966,2038,-1,1965,2038,1966,-1,2042,2043,1968,-1,1968,1966,2042,-1,1969,2043,2014,-1,2043,1969,1968,-1,1969,2014,1967,-1,2085,2153,2079,-1,2086,2153,2085,-1,2079,2153,2152,-1,2082,2147,2076,-1,2152,2082,2080,-1,2152,2080,2079,-1,2152,2147,2082,-1,2160,2073,2075,-1,2160,2075,2147,-1,2075,2076,2147,-1,2156,2153,2086,-1,2088,2156,2087,-1,2156,2086,2087,-1,2088,2090,2161,-1,2161,2156,2088,-1,2149,2090,2091,-1,2090,2149,2161,-1,2150,2149,2096,-1,2091,2096,2149,-1,2099,2150,2095,-1,2150,2096,2095,-1,2099,2092,2144,-1,2144,2150,2099,-1,2144,2094,2145,-1,2094,2144,2092,-1,2145,2097,2098,-1,2094,2097,2145,-1,2145,2098,2141,-1,2141,2098,2093,-1,2129,2060,2065,-1,2060,2130,2059,-1,2130,2060,2129,-1,2061,2059,2127,-1,2130,2127,2059,-1,2126,2058,2061,-1,2061,2127,2126,-1,2058,2125,2056,-1,2125,2058,2126,-1,2057,2056,2119,-1,2125,2119,2056,-1,2121,2055,2057,-1,2057,2119,2121,-1,2055,2124,2053,-1,2124,2055,2121,-1,2054,2053,2122,-1,2124,2122,2053,-1,2123,2052,2054,-1,2054,2122,2123,-1,2120,2052,2123,-1,2065,2128,2129,-1,2064,2131,2128,-1,2128,2065,2064,-1,2131,2063,2132,-1,2063,2131,2064,-1,2134,2132,2062,-1,2063,2062,2132,-1,2066,2133,2134,-1,2134,2062,2066,-1,2133,2067,2135,-1,2067,2133,2066,-1,2138,2135,2068,-1,2067,2068,2135,-1,2070,2139,2138,-1,2138,2068,2070,-1,2139,2069,2136,-1,2069,2139,2070,-1,2069,2071,2136,-1,2136,2071,2137,-1,2154,2089,2084,-1,2084,2083,2155,-1,2155,2154,2084,-1,2078,2151,2083,-1,2155,2083,2151,-1,2159,2078,2081,-1,2078,2159,2151,-1,2081,2077,2148,-1,2148,2159,2081,-1,2074,2146,2077,-1,2148,2077,2146,-1,5,2074,3,-1,2074,5,2146,-1,2154,2143,2089,-1,2100,2143,2142,-1,2143,2100,2089,-1,2142,2158,2048,-1,2048,2100,2142,-1,2157,2049,2158,-1,2048,2158,2049,-1,2102,2157,2163,-1,2157,2102,2049,-1,2163,2162,2103,-1,2103,2102,2163,-1,2103,2162,27,-1,2162,26,27,-1,
        ]
    }
}
Shape{
    appearance Appearance {
        material  Material 	{
            diffuseColor 0.2980392156862745 0.2980392156862745 0.2980392156862745
            specularColor 0.7529411764705882 0.7529411764705882 0.7529411764705882
            ambientIntensity 1.0
            transparency 1.0
            shininess 0.5
        }
    }
    geometry IndexedFaceSet {
        ccw TRUE
        solid FALSE
        coord DEF co Coordinate {
            point [
                -4.1831 0.6792 3.875, -4.1043 0.6937 3.7976, -4.1043 0.5804 3.771, -4.1831 0.9252 3.8978, -4.1043 0.8089 3.8137, -4.1831 0.8017 3.8921, -4.1043 0.3637 3.687, -4.1043 0.262 3.6304, -4.1831 0.3285 3.7575, -4.1831 0.4416 3.8074, -4.1831 0.5589 3.8467, -4.1043 0.4701 3.734, -4.1831 0.0234 3.5484, -4.1043 0.0765 3.4903, -4.1043 -0.0058 3.408, -4.1831 0.1185 3.6274, -4.1831 0.2205 3.6973, -4.1043 0.166 3.5646, -4.1043 -0.2025 3.1208, -4.1831 -0.2129 3.2639, -4.1043 -0.1459 3.2225, -4.1043 -0.0801 3.3185, -4.1831 -0.143 3.3659, -4.1831 -0.064 3.461, -4.1043 -0.2865 2.9041, -4.1043 -0.3132 2.7908, -4.1831 -0.3623 2.9255, -4.1831 -0.2731 3.1559, -4.1043 -0.2496 3.0144, -4.1831 -0.323 3.0428, -4.1831 -0.4134 2.5592, -4.1043 -0.3346 2.5593, -4.1043 -0.3293 2.443, -4.1831 -0.4077 2.6827, -4.1831 -0.3906 2.8052, -4.1043 -0.3293 2.6755, -4.1043 -0.2496 2.1042, -4.1831 -0.3623 2.1929, -4.1043 -0.2866 2.2145, -4.1043 -0.3132 2.3278, -4.1831 -0.3906 2.3133, -4.1831 -0.4077 2.4357, -4.1043 -0.146 1.896, -4.1043 -0.0802 1.8, -4.1831 -0.2129 1.8545, -4.1831 -0.323 2.0757, -4.1043 -0.2026 1.9977, -4.1831 -0.2731 1.9626, -4.1831 -0.064 1.6574, -4.1043 0.0764 1.6282, -4.1831 0.0234 1.57, -4.1831 -0.143 1.7525, -4.1043 -0.0059 1.7105, -4.1043 0.1659 1.5539, -4.1831 0.1185 1.491, -4.1831 0.2205 1.4211, -4.1043 0.2619 1.4881, -4.1043 0.3636 1.4315, -4.1831 0.3285 1.361, -4.1043 0.4701 1.3845, -4.1831 0.4416 1.311, -4.1831 0.5589 1.2717, -4.1043 0.5804 1.3475, -4.1043 0.6937 1.3208, -4.1831 0.6792 1.2434, -4.1043 0.8089 1.3047, -4.1831 0.8017 1.2263, -4.1831 0.9252 1.2206, -4.1043 0.9252 1.2994, -4.1043 0.9252 3.8191, -1.0335 0.8054 3.8134, -1.0335 0.6868 3.7963, -1.0335 0.9252 3.8191, -1.0335 0.457 3.7288, -1.0335 0.3479 3.679, -1.0335 0.5703 3.768, -1.0335 0.1464 3.5495, -1.0335 0.0558 3.471, -1.0335 0.2441 3.6191, -1.0335 -0.1659 3.1891, -1.0335 -0.101 3.29, -1.0335 -0.0269 3.3842, -1.0335 -0.2654 2.9713, -1.0335 -0.2991 2.8562, -1.0335 -0.2208 3.0826, -1.0335 -0.3332 2.6192, -1.0335 -0.3332 2.4993, -1.0335 -0.3218 2.7385, -1.0335 -0.2654 2.1472, -1.0335 -0.2991 2.2622, -1.0335 -0.3218 2.3799, -1.0335 -0.1659 1.9293, -1.0335 -0.101 1.8284, -1.0335 -0.2208 2.0359, -1.0335 0.0558 1.6474, -1.0335 -0.0269 1.7342, -1.0335 0.1464 1.5689, -1.0335 0.2441 1.4994, -1.0335 0.3479 1.4394, -1.0335 0.457 1.3896, -1.0335 0.5703 1.3504, -1.0335 0.6868 1.3221, -1.0335 0.8054 1.3051, -1.0335 0.9252 1.2994, -2.3127 -0.8465 0.7312, -2.3595 -0.8465 0.7551, -2.3512 -0.8465 0.7312, 0.2526 -0.8465 1.5356, 0.5807 -0.8465 2.5592, -0.0755 -0.8465 1.5356, -4.1043 -0.8465 4.2521, -2.8839 -0.8465 2.5592, -2.8839 -0.8465 4.2521, -2.4939 -0.8465 0.9917, -2.5303 -0.8465 0.9769, -2.5408 -0.8465 0.9594, -3.1356 -0.8465 1.0038, -3.2195 -0.8465 0.9625, -3.1579 -0.8465 0.9847, -0.4035 -0.8465 1.5356, 0.5807 -0.8465 1.5356, -2.3914 -0.8465 0.7531, -2.3782 -0.8465 0.7551, -2.4023 -0.8465 0.7563, -2.3428 -0.8465 0.7074, -2.3349 -0.8465 0.6834, -2.3214 -0.8465 0.7073, -2.3325 -0.8465 0.6756, -2.3309 -0.8465 0.6794, -2.3296 -0.8465 0.6832, -2.3552 -0.8465 0.6326, -2.3699 -0.8465 0.6297, -2.3652 -0.8465 0.6292, -2.304 -0.8465 0.7551, -2.4358 -0.8465 0.8715, -2.4625 -0.8465 0.8936, -2.4625 -0.8465 0.877, -2.5083 -0.8465 0.7573, -2.4994 -0.8465 0.8693, -2.5695 -0.8465 0.7933, -2.3747 -0.8465 0.6312, -2.3481 -0.8465 0.6427, -2.135 -0.8465 0.6597, -2.3504 -0.8465 0.6183, -2.0556 -0.8465 0.6598, -2.3698 -0.8465 0.6153, -4.1043 -0.8465 0.0789, -2.3639 -0.8465 0.6149, -2.5411 -0.8465 0.7322, -2.5188 -0.8465 0.7164, -2.5263 -0.8465 0.7408, -2.404 -0.8465 0.6841, -2.4171 -0.8465 0.6716, -2.4109 -0.8465 0.6736, -2.3895 -0.8465 0.674, -2.3976 -0.8465 0.6651, -0.4035 -0.8465 0.0789, -2.3299 -0.8465 0.6454, -2.3391 -0.8465 0.6285, -2.2687 -0.8465 0.6598, -2.2037 -0.8465 0.7352, -2.2514 -0.8465 0.7779, -2.2514 -0.8465 0.7352, -2.2503 -0.8465 0.8902, -2.2227 -0.8465 0.8715, -2.2391 -0.8465 0.9041, -2.1217 -0.8465 0.8715, -2.1909 -0.8465 0.908, -2.2037 -0.8465 0.8715, -2.4992 -0.8465 0.7411, -2.5099 -0.8465 0.7437, -2.4927 -0.8465 0.7334, -2.621 -0.8465 0.7779, -2.621 -0.8465 0.7352, -2.5733 -0.8465 0.7352, -2.4906 -0.8465 0.7204, -2.5695 -0.8465 0.7779, -2.5259 -0.8465 0.7551, -2.4739 -0.8465 0.7211, -2.4499 -0.8465 0.7212, -2.4511 -0.8465 0.7294, -2.3747 -0.8465 0.6163, -2.5665 -0.8465 0.6598, -2.6382 -0.8465 0.6598, -2.5733 -0.8465 0.7199, -2.621 -0.8465 0.7199, -2.621 -0.8465 0.675, -2.5364 -0.8465 0.711, -2.5469 -0.8465 0.7007, -2.5423 -0.8465 0.6651, -2.5484 -0.8465 0.6739, -2.5202 -0.8465 0.6576, -2.4906 -0.8465 0.6598, -2.5033 -0.8465 0.6618, -2.4739 -0.8465 0.6598, -2.4906 -0.8465 0.6745, -2.4512 -0.8465 0.6632, -2.4392 -0.8465 0.659, -2.4099 -0.8465 0.6595, -2.438 -0.8465 0.6735, -2.4168 -0.8465 0.6976, -2.4257 -0.8465 0.7019, -2.5252 -0.8465 0.8738, -2.5142 -0.8465 0.988, -2.5411 -0.8465 0.7484, -2.5505 -0.8465 0.6853, -2.5665 -0.8465 0.675, -2.4892 -0.8465 0.7533, -2.4791 -0.8465 0.8712, -2.621 -0.8465 1.005, -2.5624 -0.8465 0.9357, -2.5576 -0.8465 0.9648, -2.5327 -0.8465 0.6594, -2.364 -0.8465 0.8715, -2.5679 -0.8465 0.8867, -2.5453 -0.8465 0.8875, -2.5581 -0.8465 0.9087, -2.541 -0.8465 0.9152, -2.5312 -0.8465 0.8987, -2.4969 -0.8465 0.8846, -2.5161 -0.8465 0.8881, -2.4784 -0.8465 0.8869, -2.5679 -0.8465 0.8715, -2.5431 -0.8465 0.9876, -2.5212 -0.8465 1.0023, -2.5443 -0.8465 0.9367, -2.4775 -0.8465 0.9897, -2.4625 -0.8465 0.9837, -2.4358 -0.8465 1.005, -2.4941 -0.8465 1.0072, -2.4766 -0.8465 1.0058, -2.4625 -0.8465 1.0018, -2.367 -0.8465 1.005, -2.6382 -0.8465 1.005, -2.621 -0.8465 0.8867, -2.6382 -0.8465 0.8715, -2.6382 -0.8465 0.7933, -2.4284 -0.8465 0.7554, -2.9214 -0.8465 1.0123, -2.8927 -0.8465 0.9914, -3.1171 -0.8465 0.6016, -2.3708 -0.8465 0.9316, -2.3388 -0.8465 1.005, -2.3708 -0.8465 0.9469, -2.4185 -0.8465 0.8867, -2.4185 -0.8465 0.9316, -2.3388 -0.8465 0.8715, -2.2687 -0.8465 0.7933, -2.367 -0.8465 0.9896, -2.4185 -0.8465 0.9469, -2.4185 -0.8465 0.9896, -2.3261 -0.8465 1.005, -2.3135 -0.8465 1.005, -2.364 -0.8465 0.8867, -2.2324 -0.8465 0.9206, -2.1719 -0.8465 1.005, -2.1535 -0.8465 1.005, -2.2687 -0.8465 0.9989, -2.2591 -0.8465 0.9939, -2.2301 -0.8465 0.9399, -2.2503 -0.8465 0.9873, -2.2352 -0.8465 0.9666, -2.2789 -0.8465 1.0024, -2.3007 -0.8465 1.005, -2.2894 -0.8465 1.0043, -2.3266 -0.8465 0.8715, -2.3144 -0.8465 0.8715, -2.3021 -0.8465 0.8714, -2.2906 -0.8465 0.8723, -2.2795 -0.8465 0.8743, -2.2692 -0.8465 0.8778, -2.2592 -0.8465 0.8832, -2.1999 -0.8465 0.7933, -2.1464 -0.8465 0.7933, -2.1336 -0.8465 0.7933, -2.1353 -0.8465 0.908, -2.2867 -0.8465 0.7551, -2.0653 -0.8465 0.7089, -2.072 -0.8465 0.6924, -1.9864 -0.8465 0.7933, -2.4464 -0.8465 0.7143, -2.4512 -0.8465 0.6804, -2.4372 -0.8465 0.7072, -2.4254 -0.8465 0.6576, -2.4237 -0.8465 0.6712, -2.4083 -0.8465 0.6932, -2.4051 -0.8465 0.6891, -2.3408 -0.8465 0.66, -2.3883 -0.8465 0.6944, -2.3869 -0.8465 0.6857, -2.4059 -0.8465 0.6776, -2.3914 -0.8465 0.7368, -2.3925 -0.8465 0.7015, -2.4484 -0.8465 0.7408, -2.4777 -0.8465 0.7413, -2.414 -0.8465 0.7138, -2.4022 -0.8465 0.7086, -2.4223 -0.8465 0.7177, -2.4028 -0.8465 0.742, -2.4288 -0.8465 0.7402, -2.4339 -0.8465 0.7309, -2.4302 -0.8465 0.722, -2.433 -0.8465 0.7258, -2.4326 -0.8465 0.7361, -2.423 -0.8465 0.7428, -2.414 -0.8465 0.7573, -2.4156 -0.8465 0.7437, -2.4404 -0.8465 0.7497, -2.2037 -0.8465 0.7199, -2.2514 -0.8465 0.7199, -2.2514 -0.8465 0.675, -2.1717 -0.8465 0.7933, -2.1999 -0.8465 0.7779, -2.159 -0.8465 0.7933, -2.0048 -0.8465 0.7933, -2.1027 -0.8465 0.8715, -2.0919 -0.8465 0.7822, -2.0832 -0.8465 0.7756, -2.1969 -0.8465 0.6598, -2.1717 -0.8465 0.6598, -2.1969 -0.8465 0.675, -2.1595 -0.8465 0.6598, -2.063 -0.8465 0.7282, -2.0681 -0.8465 0.7549, -2.1118 -0.8465 0.7907, -2.1016 -0.8465 0.7872, -2.1223 -0.8465 0.7926, -2.1473 -0.8465 0.6598, -2.0366 -0.8465 0.6598, -2.1235 -0.8465 0.6606, -2.1021 -0.8465 0.6661, -2.1124 -0.8465 0.6626, -2.0832 -0.8465 0.6785, -2.0921 -0.8465 0.6715, -1.9546 -0.8465 0.6598, -2.0238 -0.8465 0.6963, -1.9682 -0.8465 0.6963, -1.9355 -0.8465 0.6598, -2.7654 -0.8465 0.8556, -2.7525 -0.8465 0.8253, -3.057 -0.8465 0.6617, -2.9487 -0.8465 0.6746, -3.0521 -0.8465 0.6916, -2.9866 -0.8465 1.0375, -2.9529 -0.8465 1.0278, -2.9487 -0.8465 0.8216, -3.0208 -0.8465 0.9838, -3.0552 -0.8465 0.9795, -3.0217 -0.8465 1.0408, -3.1126 -0.8465 0.9478, -3.0862 -0.8465 0.9671, -3.1335 -0.8465 0.9226, -3.1006 -0.8465 1.0239, -3.0624 -0.8465 1.0364, -3.2391 -0.8465 0.9586, -3.1479 -0.8465 0.8928, -3.1882 -0.8465 0.9634, -3.1773 -0.8465 0.962, -3.1992 -0.8465 0.9639, -3.3325 -0.8465 0.8867, -3.1716 -0.8465 0.9031, -3.1763 -0.8465 0.7827, -3.2542 -0.8465 0.8886, -3.2747 -0.8465 0.868, -3.2581 -0.8465 0.9521, -3.147 -0.8465 0.7874, -3.2882 -0.8465 0.842, -3.2281 -0.8465 0.9021, -3.2763 -0.8465 0.943, -3.3083 -0.8465 0.9184, -3.2929 -0.8465 0.9319, -3.2019 -0.8465 0.7696, -3.3476 -0.8465 0.8501, -3.3482 -0.8465 0.7729, -3.3529 -0.8465 0.8102, -3.2889 -0.8465 0.7842, -3.2931 -0.8465 0.8121, -3.2771 -0.8465 0.7596, -3.3347 -0.8465 0.7378, -3.2906 -0.8465 0.6865, -3.313 -0.8465 0.7068, -3.2224 -0.8465 0.7498, -3.2237 -0.8465 0.6352, -3.2652 -0.8465 0.6714, -3.2031 -0.8465 0.6148, -3.2371 -0.8465 0.6612, -3.1769 -0.8465 0.6015, -3.147 -0.8465 0.5967, -3.0705 -0.8465 0.6357, -3.091 -0.8465 0.6151, -2.925 -0.8465 0.6593, -2.9193 -0.8465 0.7713, -2.8747 -0.8465 0.7172, -2.8476 -0.8465 0.7245, -2.8259 -0.8465 0.7407, -2.9174 -0.8465 0.7172, -2.8116 -0.8465 0.7637, -2.8957 -0.8465 0.8971, -2.9106 -0.8465 0.9255, -2.8207 -0.8465 0.8349, -2.8367 -0.8465 0.8509, -3.0758 -0.8465 0.7552, -3.0955 -0.8465 0.7724, -3.1197 -0.8465 0.7835, -3.2591 -0.8465 0.7394, -3.2362 -0.8465 0.7248, -3.1982 -0.8465 0.907, -2.9878 -0.8465 0.9797, -2.9316 -0.8465 0.9494, -2.9577 -0.8465 0.9678, -2.888 -0.8465 0.8652, -2.8543 -0.8465 0.9439, -2.811 -0.8465 0.9025, -2.8804 -0.8465 0.8652, -2.857 -0.8465 0.8615, -2.7516 -0.8465 0.7595, -2.7475 -0.8465 0.7922, -2.7634 -0.8465 0.729, -2.7826 -0.8465 0.702, -2.7853 -0.8465 0.8817, -2.8101 -0.8465 0.8146, -2.8064 -0.8465 0.7912, -2.9379 -0.8465 0.7141, -3.0521 -0.8465 0.7011, -2.9388 -0.8465 0.664, -2.9525 -0.8465 0.6888, -2.9484 -0.8465 0.7036, -2.9231 -0.8465 0.7182, -2.869 -0.8465 0.6593, -2.8078 -0.8465 0.6806, -2.8369 -0.8465 0.6662, -2.8716 -0.8465 0.969, -2.8415 -0.8465 0.9165, -1.25 1.4173 0.0002, -1.25 0.4331 0.0002, -4.1043 2.6181 0.0002, -4.1043 -0.7677 0.0002, 0.5807 -0.7677 0.0002, -1.1319 0.4331 0.0002, -1.1319 1.4173 0.0002, 0.5807 2.6181 0.0002, -2.8839 2.6968 2.5592, 0.5807 2.6968 2.5592, 0.5807 2.6968 0.0789, -4.1043 2.6968 4.2521, -2.8839 2.6968 4.2521, -4.1043 2.6968 0.0789, 1.4469 0.2165 1.3387, 1.4469 -0.5906 0.2364, 1.4469 0.2165 0.2364, 1.4469 -0.5906 1.3387, 1.4469 2.4409 1.3387, 1.4469 1.6339 0.2364, 1.4469 2.4409 0.2364, 1.4469 1.6339 1.3387, -2.8839 2.6476 2.5592, -2.8838 2.5984 2.5592, -2.8838 2.5966 2.5592, 0.5807 2.5966 2.5592, -2.8839 -0.7973 2.5592, -2.8838 -0.748 2.5592, 0.5807 -0.7462 2.5592, -2.8838 -0.7462 2.5592, 1.0531 -0.6636 2.6944, 0.5807 -0.6675 2.6343, 1.0531 -0.6693 2.5592, -2.8051 -0.6675 2.6343, 0.5807 -0.6678 2.5592, 1.0531 -0.5782 3.0904, -2.8051 -0.6008 3.0215, 1.0531 -0.6178 2.961, 1.0531 -0.6464 2.8287, -2.8051 -0.656 2.765, -2.8051 -0.4414 3.3807, 1.0531 -0.4668 3.3368, 1.0531 -0.3959 3.4521, -2.8051 -0.5576 3.1455, 1.0531 -0.5277 3.216, -2.8051 -0.5043 3.2655, 1.0531 -0.226 3.6625, 1.0531 -0.1283 3.7562, -2.8051 -0.1989 3.69, 1.0531 -0.3154 3.5609, -2.8051 -0.2882 3.5937, -2.8051 -0.3692 3.4904, 1.0531 0.2073 3.983, -2.8051 0.1118 3.9306, 1.0531 0.0892 3.917, -2.8051 0.0017 3.8591, -2.8051 -0.1021 3.7787, 1.0531 -0.0229 3.8412, -2.8051 0.4719 4.0879, 1.0531 0.4583 4.0838, 1.0531 0.5893 4.1179, -2.8051 0.2274 3.9929, 1.0531 0.3307 4.0387, -2.8051 0.3477 4.0455, 1.0531 0.8575 4.1523, 1.0531 0.9929 4.1523, -2.8051 0.8596 4.1523, 1.0531 0.7227 4.1408, -2.8051 0.7288 4.1416, -2.8051 0.5992 4.12, 1.0531 1.2611 4.1179, -2.8051 1.3786 4.0879, -2.8051 1.2513 4.12, 1.0531 1.1277 4.1408, -2.8051 1.1217 4.1415, -2.8051 1.7387 3.9306, -2.8051 1.6231 3.9929, 1.0531 1.643 3.983, -2.8051 1.5028 4.0454, 1.0531 1.3921 4.0838, 1.0531 1.5197 4.0387, -2.8051 1.9525 3.7786, 1.0531 1.9786 3.7562, -2.8051 2.0494 3.69, 1.0531 1.7612 3.917, 1.0531 1.8733 3.8412, -2.8051 1.8487 3.859, -2.8051 2.1386 3.5937, 1.0531 2.0763 3.6625, 1.0531 2.1658 3.5609, 1.0531 2.2462 3.4521, -2.8051 2.2196 3.4903, 1.0531 2.3172 3.3368, -2.8051 2.2918 3.3807, -2.8051 2.3547 3.2655, 1.0531 2.3781 3.216, -2.8051 2.4512 3.0215, 1.0531 2.4286 3.0904, 1.0531 2.4682 2.961, -2.8051 2.408 3.1455, 1.0531 2.4967 2.8287, -2.8051 2.484 2.8944, 1.0531 2.5139 2.6944, -2.8051 2.5063 2.765, 0.5807 2.5179 2.6343, -2.8051 2.5179 2.6343, 1.0531 2.5197 2.5592, 0.5807 2.5181 2.5592, -2.8051 0.9909 4.1523, -2.8051 -0.6337 2.8944, -2.8839 2.6181 4.3309, -4.1043 2.6181 4.3309, -4.1043 -0.7677 4.3309, -2.8839 -0.7677 4.3309, -4.1831 -0.7677 4.2521, -4.1831 -0.7677 0.0789, -4.1831 2.6181 0.0789, -4.1831 2.6181 4.2521, -4.1831 1.6299 3.6973, -4.1831 1.5218 3.7575, -4.1831 1.1712 3.875, -4.1831 1.0487 3.8921, -4.1831 1.4087 3.8074, -4.1831 1.2915 3.8467, -4.1831 2.2581 2.4357, -4.1831 2.2638 2.5592, -4.1831 1.827 3.5484, -4.1831 1.7319 3.6274, -4.1831 1.9934 3.3659, -4.1831 1.9144 3.461, -4.1831 2.1234 3.1559, -4.1831 2.0633 3.2639, -4.1831 2.2127 2.9255, -4.1831 2.1734 3.0428, -4.1831 2.2581 2.6827, -4.1831 2.241 2.8052, -4.1831 2.241 2.3133, -4.1831 2.1734 2.0757, -4.1831 2.2127 2.1929, -4.1831 2.0633 1.8545, -4.1831 2.1234 1.9626, -4.1831 1.9144 1.6574, -4.1831 1.9934 1.7525, -4.1831 1.7319 1.491, -4.1831 1.827 1.57, -4.1831 1.5218 1.361, -4.1831 1.6299 1.4211, -4.1831 1.2915 1.2717, -4.1831 1.4087 1.311, -4.1831 1.0487 1.2263, -4.1831 1.1712 1.2434, -1.0335 2.1836 2.6192, -4.1043 2.185 2.5593, -1.0335 2.1836 2.4993, -4.1043 2.1796 2.6755, -1.0335 2.1722 2.7385, -1.0335 2.1495 2.8562, -4.1043 2.1636 2.7908, -1.0335 2.1157 2.9713, -4.1043 2.1369 2.9041, -4.1043 2.0999 3.0144, -1.0335 2.0712 3.0826, -1.0335 2.0162 3.1891, -4.1043 2.0529 3.1208, -1.0335 1.9514 3.29, -4.1043 1.9963 3.2225, -4.1043 1.9305 3.3185, -1.0335 1.8773 3.3842, -1.0335 1.7946 3.471, -4.1043 1.8562 3.408, -1.0335 1.704 3.5495, -4.1043 1.7739 3.4903, -4.1043 1.6844 3.5646, -1.0335 1.6063 3.6191, -1.0335 1.5025 3.679, -4.1043 1.5884 3.6304, -1.0335 1.3934 3.7288, -4.1043 1.4867 3.687, -4.1043 1.3803 3.734, -1.0335 1.2801 3.768, -1.0335 1.1636 3.7963, -4.1043 1.2699 3.771, -1.0335 1.0449 3.8134, -4.1043 1.1567 3.7976, -4.1043 1.0414 3.8137, -4.1043 2.1797 2.443, -4.1043 2.1636 2.3278, -1.0335 2.1722 2.3799, -1.0335 2.1495 2.2622, -4.1043 2.137 2.2145, -4.1043 2.1 2.1042, -1.0335 2.1157 2.1472, -4.1043 2.053 1.9977, -1.0335 2.0712 2.0359, -1.0335 2.0162 1.9293, -4.1043 1.9964 1.896, -4.1043 1.9306 1.8, -1.0335 1.9514 1.8284, -4.1043 1.8563 1.7105, -1.0335 1.8773 1.7342, -1.0335 1.7946 1.6474, -4.1043 1.774 1.6282, -4.1043 1.6844 1.5539, -1.0335 1.704 1.5689, -4.1043 1.5884 1.4881, -1.0335 1.6063 1.4994, -1.0335 1.5025 1.4394, -4.1043 1.4868 1.4315, -4.1043 1.3803 1.3845, -1.0335 1.3934 1.3896, -4.1043 1.27 1.3475, -1.0335 1.2801 1.3504, -1.0335 1.1636 1.3221, -4.1043 1.1567 1.3208, -4.1043 1.0414 1.3047, -1.0335 1.0449 1.3051, -1.0335 1.053 2.9316, -1.0335 1.3068 2.6559, -1.0335 1.2857 2.7174, -1.0335 1.3175 2.5917, -1.0335 1.2548 2.7746, -1.0335 1.3175 2.5267, -1.0335 1.2148 2.8259, -1.0335 1.3068 2.4626, -1.0335 1.167 2.8699, -1.0335 1.2857 2.4011, -1.0335 1.2148 2.2926, -1.0335 1.2548 2.3439, -1.0335 0.9252 2.9529, -1.0335 1.167 2.2485, -1.0335 0.8604 2.9475, -1.0335 1.1126 2.213, -1.0335 0.99 2.1709, -1.0335 1.053 2.1868, -1.0335 0.9252 2.1655, -1.0335 0.6834 2.8699, -1.0335 0.8604 2.1709, -1.0335 0.6355 2.8259, -1.0335 0.6834 2.2485, -1.0335 0.7378 2.213, -1.0335 0.5646 2.7174, -1.0335 0.5956 2.3439, -1.0335 0.6355 2.2926, -1.0335 0.5328 2.5917, -1.0335 0.5328 2.5267, -1.0335 0.5646 2.4011, -1.0335 0.5435 2.4626, -1.0335 0.5435 2.6559, -1.0335 0.7974 2.1868, -1.0335 0.5956 2.7746, -1.0335 0.7378 2.9055, -1.0335 0.7974 2.9316, -1.0335 0.99 2.9475, -1.0335 1.1126 2.9055, -2.8839 -0.7423 2.6974, -2.8839 -0.7252 2.8346, -2.8839 1.7216 4.0308, -2.8839 1.8404 3.96, -2.8839 1.9529 3.8796, -2.8839 -0.3952 3.5869, -2.8839 -0.3058 3.6925, -2.8839 -0.6968 2.97, -2.8839 -0.2081 3.7903, -2.8839 -0.4756 3.4744, -2.8839 -0.1025 3.8796, -2.8839 0.01 3.96, -2.8839 -0.8426 4.2765, -2.8839 0.1288 4.0308, -2.8839 -0.7921 4.327, -2.8839 -0.814 4.3158, -2.8839 -0.8314 4.2984, -2.8839 0.2531 4.0915, -2.8839 0.3819 4.1418, -2.8839 0.5144 4.1812, -2.8839 0.6498 4.2096, -2.8839 0.787 4.2267, -2.8839 0.9252 4.2324, -2.8839 1.5973 4.0915, -2.8839 1.0634 4.2267, -2.8839 1.2006 4.2096, -2.8839 2.693 4.2765, -2.8839 2.6818 4.2984, -2.8839 2.6644 4.3158, -2.8839 2.6424 4.327, -2.8839 2.0584 3.7903, -2.8839 2.1562 3.6925, -2.8839 2.2456 3.5869, -2.8839 2.326 3.4744, -2.8839 2.3967 3.3556, -2.8839 2.4575 3.2313, -2.8839 2.5078 3.1025, -2.8839 2.5472 2.97, -2.8839 2.5756 2.8346, -2.8839 2.5927 2.6974, -2.8839 1.4685 4.1418, -2.8839 1.3359 4.1812, -2.8839 -0.5464 3.3556, -2.8839 -0.6071 3.2313, -2.8839 -0.6574 3.1025, 1.1319 1.5285 2.9673, 1.1319 2.1045 3.5115, 1.1319 2.0195 3.6081, 1.1319 2.4409 2.5592, 1.1319 1.6535 2.5481, 1.1319 1.6467 2.4596, 1.1319 1.5157 0.0789, 1.1319 1.5551 1.4175, 1.1319 1.5157 2.1329, 1.1319 2.181 3.408, 1.1319 1.5736 2.8909, 1.1319 1.6092 2.8095, 1.1319 1.9266 3.6971, 1.1319 1.4743 3.0377, 1.1319 1.412 3.101, 1.1319 1.8265 3.7779, 1.1319 1.7199 3.8499, 1.1319 1.6075 3.9127, 1.1319 1.2667 3.2025, 1.1319 1.3424 3.1562, 1.1319 1.4903 3.9657, 1.1319 1.369 4.0085, 1.1319 1.1012 3.266, 1.1319 1.2445 4.041, 1.1319 1.1177 4.0627, 1.1319 1.1859 3.2393, 1.1319 0.9252 3.2876, 1.1319 1.0138 3.2821, 1.1319 0.9895 4.0736, 1.1319 0.8608 4.0736, 1.1319 0.7326 4.0627, 1.1319 0.8366 3.2821, 1.1319 0.4813 4.0085, 1.1319 0.6645 3.2393, 1.1319 0.6058 4.0409, 1.1319 0.7492 3.266, 1.1319 0.5837 3.2025, 1.1319 0.36 3.9656, 1.1319 0.2427 3.9126, 1.1319 0.1304 3.8499, 1.1319 0.0238 3.7778, 1.1319 0.4384 3.101, 1.1319 0.5079 3.1562, 1.1319 0.3346 0.0789, 1.1319 0.3346 2.1329, 1.1319 0.2953 1.4175, 1.1319 0.3761 3.0377, 1.1319 0.2767 2.8909, 1.1319 -0.3306 3.408, 1.1319 0.2412 2.8095, 1.1319 0.3219 2.9673, 1.1319 -0.2541 3.5114, 1.1319 0.2158 2.7244, 1.1319 -0.504 3.0641, 1.1319 -0.5417 2.9411, 1.1319 -0.3981 3.2984, 1.1319 -0.456 3.1835, 1.1319 0.2212 2.3725, 1.1319 -0.5906 2.5592, 1.1319 0.2491 2.2882, 1.1319 -0.5851 2.6878, 1.1319 0.1969 2.5481, 1.1319 -0.5906 1.4175, 1.1319 0.2871 2.2079, 1.1319 0.2037 2.4596, 1.1319 0.201 2.6368, 1.1319 -0.5688 2.8154, 1.1319 2.3064 3.1836, 1.1319 2.2484 3.2985, 1.1319 0.2953 0.1576, 1.1319 -0.6693 0.0789, 1.1319 -0.6693 0.1576, 1.1319 2.5197 0.0789, 1.1319 1.5551 0.1576, 1.1319 -0.0763 3.697, 1.1319 -0.1692 3.608, 1.1319 1.6012 2.2882, 1.1319 2.4409 1.4175, 1.1319 1.6346 2.7244, 1.1319 2.3543 3.0642, 1.1319 1.6494 2.6368, 1.1319 2.392 2.9412, 1.1319 2.4191 2.8154, 1.1319 2.4355 2.6878, 1.1319 1.6292 2.3725, 1.1319 1.5632 2.2079, 1.1319 2.5197 0.1576, 1.3681 0.2953 1.4175, 1.3681 0.2953 0.1576, 1.3681 -0.6693 1.4175, 1.1169 -0.6368 1.4175, 1.128 -0.6149 1.4175, 1.0775 -0.6654 1.4175, 1.0994 -0.6543 1.4175, 1.0531 -0.6693 1.4175, 1.0775 2.5158 1.4175, 1.3681 2.5197 1.4175, 1.0531 2.5197 1.4175, 1.1169 2.4872 1.4175, 1.0994 2.5046 1.4175, 1.128 2.4653 1.4175, 1.3681 1.5551 1.4175, 1.3681 1.5551 0.1576, 0.5807 2.5197 1.7325, 0.5807 2.5197 0.0789, 0.5807 2.5197 0.9057, 1.3681 2.5197 0.1576, 1.3681 -0.6693 0.1576, 0.5807 -0.6693 1.7325, 0.5807 -0.6693 0.0789, 0.5807 -0.6693 0.9057, 0.5807 -0.814 0.0152, 0.5807 -0.7921 0.004, 0.5807 -0.8314 0.0326, 0.5807 -0.8426 0.0546, 0.5807 -0.8465 0.0789, 0.5807 -0.7169 2.5649, 0.5807 -0.6745 2.6053, 0.5807 -0.6918 2.581, 0.5807 2.693 0.0546, 0.5807 2.6818 0.0326, 0.5807 2.5673 2.5649, 0.5807 2.5422 2.581, 0.5807 2.5249 2.6053, 0.5807 2.6424 0.004, 0.5807 2.6644 0.0152, 1.1319 0.9252 0.9979, 1.1319 1.0954 1.2445, 1.1319 1.075 1.2834, 1.1319 1.0459 1.0437, 1.1319 1.0954 1.1154, 1.1319 1.106 1.158, 1.1319 1.075 1.0765, 1.1319 1.106 1.2019, 1.1319 1.0098 1.0187, 1.1319 0.9688 1.0032, 1.1319 0.8816 1.0032, 1.1319 1.0459 1.3162, 1.1319 0.8044 1.0437, 1.1319 0.8406 1.0187, 1.1319 1.0098 1.3412, 1.1319 0.7444 1.158, 1.1319 0.7549 1.1154, 1.1319 0.8816 1.3567, 1.1319 0.7753 1.0765, 1.1319 0.9688 1.3567, 1.1319 0.9252 1.362, 1.1319 0.8044 1.3162, 1.1319 0.7753 1.2834, 1.1319 0.7549 1.2445, 1.1319 0.8406 1.3412, 1.1319 0.7444 1.2019, 1.0994 -0.6543 2.5592, 1.1169 -0.6368 2.5592, 1.128 -0.6149 2.5592, 1.0775 -0.6654 2.5592, 1.0775 -0.1257 3.7533, 1.128 -0.6093 2.6898, 1.128 -0.5269 3.0723, 1.1169 -0.5476 3.0796, 1.1169 -0.5864 2.9528, 1.128 -0.5927 2.8195, 1.128 -0.5652 2.9473, 1.1169 -0.4385 3.321, 1.1169 -0.4982 3.2026, 1.128 -0.4193 3.3103, 1.0775 -0.5746 3.0891, 1.0775 -0.3927 3.4499, 1.0775 -0.4635 3.335, 1.1169 -0.369 3.4339, 1.128 -0.273 3.5267, 1.1169 -0.2901 3.5405, 1.1169 -0.1068 3.7318, 1.128 0.0094 3.7974, 1.1169 -0.0036 3.8151, 1.0775 0.2091 3.9795, 1.128 0.351 3.9883, 1.1169 0.3428 4.0086, 1.1169 0.222 3.954, 1.0775 0.7232 4.137, 1.0775 0.8577 4.1484, 1.128 0.7296 4.0868, 1.1169 0.7268 4.1086, 1.1169 0.5961 4.0862, 1.128 1.1208 4.0868, 1.1169 1.1236 4.1086, 1.1169 0.9915 4.1198, 1.0775 1.5183 4.0352, 1.0775 1.6413 3.9795, 1.1169 1.3826 4.0528, 1.128 1.4994 3.9883, 1.1169 1.5076 4.0086, 1.0775 1.7592 3.9137, 1.1169 1.7442 3.8893, 1.128 1.841 3.7974, 1.1169 1.854 3.8151, 1.1169 2.1405 3.5405, 1.128 2.2012 3.4216, 1.1169 2.2193 3.4339, 1.128 2.1234 3.5267, 1.1169 2.0529 3.64, 1.128 2.3285 3.1936, 1.1169 2.3486 3.2026, 1.1169 2.2889 3.321, 1.128 2.2697 3.3103, 1.0775 2.3746 3.2144, 1.0775 2.425 3.0891, 1.0775 2.243 3.4499, 1.0775 2.4645 2.96, 1.128 2.4156 2.9473, 1.1169 2.4368 2.9528, 1.1169 2.398 3.0796, 1.1169 2.4816 2.6917, 1.1169 2.4648 2.8232, 1.128 2.4597 2.6898, 1.0994 2.499 2.6932, 1.1169 2.4872 2.5592, 1.0994 2.5046 2.5592, 1.0775 2.5158 2.5592, 1.0775 2.5101 2.6941, 1.128 2.4653 2.5592, 1.128 2.4431 2.8195, 1.0775 1.9761 3.7533, 1.128 2.3773 3.0723, 1.0775 2.1628 3.5585, 1.0775 2.0736 3.6598, 1.128 1.9427 3.7153, 1.1169 1.9572 3.7318, 1.128 2.0371 3.6249, 1.0775 1.391 4.0801, 1.0775 1.871 3.8381, 1.0775 1.2603 4.1141, 1.128 1.6185 3.9344, 1.1169 1.6284 3.954, 1.128 1.7327 3.8706, 1.0775 1.1272 4.137, 1.1169 1.2543 4.0862, 1.128 1.3762 4.0318, 1.128 1.2497 4.0647, 1.128 0.9906 4.0979, 1.1169 0.8589 4.1198, 1.0775 0.9927 4.1484, 1.128 0.8598 4.0979, 1.0775 0.3321 4.0352, 1.0775 0.4594 4.0801, 1.1169 0.4678 4.0528, 1.128 0.4742 4.0318, 1.128 0.6007 4.0647, 1.0775 -0.0207 3.8381, 1.128 0.1177 3.8706, 1.1169 0.1062 3.8893, 1.128 0.2318 3.9344, 1.0775 -0.6141 2.96, 1.0775 -0.6426 2.828, 1.0775 -0.2232 3.6598, 1.0775 -0.3124 3.5585, 1.128 -0.1867 3.6249, 1.1169 -0.2025 3.64, 1.128 -0.0923 3.7153, 1.128 -0.3508 3.4216, 1.128 -0.4782 3.1936, 1.0994 -0.6486 2.6932, 1.0994 -0.6315 2.8261, 1.0775 -0.6597 2.6941, 1.0775 2.4929 2.828, 1.1169 -0.6144 2.8232, 1.0994 2.4819 2.8261, 1.0994 2.4537 2.9572, 1.0994 2.4144 3.0854, 1.0994 2.3644 3.2098, 1.0775 2.3138 3.335, 1.0994 2.3041 3.3295, 1.0994 2.2338 3.4437, 1.0994 2.1541 3.5515, 1.0994 2.0655 3.6521, 1.0994 1.9687 3.7449, 1.0994 1.8644 3.8291, 1.0994 1.7533 3.9042, 1.0994 1.6363 3.9696, 1.0994 1.5141 4.0248, 1.0994 1.3877 4.0694, 1.0994 1.2579 4.1032, 1.0994 1.1258 4.1259, 1.0994 0.9922 4.1372, 1.0994 0.8582 4.1372, 1.0994 0.7246 4.1259, 1.0775 0.5901 4.1141, 1.0994 0.5924 4.1032, 1.0994 0.4627 4.0694, 1.0994 0.3363 4.0248, 1.0994 0.2141 3.9696, 1.0775 0.0912 3.9137, 1.0994 0.0971 3.9042, 1.0994 -0.014 3.8291, 1.0994 -0.1183 3.7449, 1.0994 -0.2151 3.6521, 1.0994 -0.3037 3.5515, 1.0994 -0.3834 3.4437, 1.0775 -0.5242 3.2144, 1.0994 -0.4537 3.3295, 1.0994 -0.514 3.2098, 1.0994 -0.564 3.0854, 1.0994 -0.6033 2.9572, 1.1169 -0.6312 2.6917, -4.1043 2.6818 4.2984, -4.1043 2.6644 4.3158, -4.1043 2.693 4.2765, -4.1043 2.6424 4.327, -4.1043 2.6644 0.0152, -4.1043 2.6818 0.0326, -4.1043 2.6424 0.004, -4.1043 2.693 0.0546, -4.168 2.6644 0.0789, -4.1506 2.6818 4.2521, -4.1506 2.6818 0.0789, -4.1287 2.693 0.0789, -4.1287 2.693 4.2521, -4.168 2.6644 4.2521, -4.1792 2.6424 0.0789, -4.1792 2.6424 4.2521, -4.168 2.6181 4.2984, -4.1756 2.6424 4.2753, -4.1792 2.6181 4.2765, -4.1483 2.6818 4.2664, -4.1649 2.6644 4.2718, -4.1275 2.693 4.2596, -4.1506 2.6181 4.3158, -4.1483 2.6424 4.3127, -4.1649 2.6424 4.2961, -4.124 2.6644 4.3127, -4.1418 2.6818 4.2793, -4.1275 2.6424 4.3233, -4.1418 2.6644 4.3037, -4.1287 2.6181 4.327, -4.1559 2.6644 4.2896, -4.1315 2.6818 4.2896, -4.124 2.693 4.2664, -4.1186 2.693 4.2718, -4.1186 2.6818 4.2961, -4.1119 2.693 4.2753, -4.1506 2.6181 0.0152, -4.1275 2.6424 0.0077, -4.1287 2.6181 0.004, -4.1186 2.6818 0.0349, -4.124 2.6644 0.0183, -4.1119 2.693 0.0558, -4.168 2.6181 0.0326, -4.1649 2.6424 0.0349, -4.1483 2.6424 0.0183, -4.1315 2.6818 0.0415, -4.1559 2.6644 0.0415, -4.1756 2.6424 0.0558, -4.1649 2.6644 0.0592, -4.1792 2.6181 0.0546, -4.1418 2.6644 0.0274, -4.1418 2.6818 0.0517, -4.1186 2.693 0.0592, -4.124 2.693 0.0646, -4.1483 2.6818 0.0646, -4.1275 2.693 0.0714, -4.168 -0.7677 4.2984, -4.1506 -0.7677 4.3158, -4.1792 -0.7677 4.2765, -4.1287 -0.7677 4.327, -4.1043 -0.814 4.3158, -4.1043 -0.8314 4.2984, -4.1043 -0.7921 4.327, -4.1043 -0.8426 4.2765, -4.1043 -0.8314 0.0326, -4.1043 -0.8426 0.0546, -4.1043 -0.814 0.0152, -4.1043 -0.7921 0.004, -4.168 -0.7677 0.0326, -4.1506 -0.7677 0.0152, -4.1287 -0.7677 0.004, -4.1792 -0.7677 0.0546, -4.1119 -0.8426 4.2753, -4.1649 -0.7921 4.2961, -4.1756 -0.7921 4.2753, -4.1559 -0.814 4.2896, -4.1275 -0.7921 4.3233, -4.1275 -0.8426 4.2596, -4.1483 -0.8314 4.2664, -4.1506 -0.8314 4.2521, -4.1483 -0.7921 4.3127, -4.1649 -0.814 4.2718, -4.1792 -0.7921 4.2521, -4.168 -0.814 4.2521, -4.1186 -0.8314 4.2961, -4.1315 -0.8314 4.2896, -4.1287 -0.8426 4.2521, -4.124 -0.8426 4.2664, -4.1418 -0.8314 4.2793, -4.1418 -0.814 4.3037, -4.1186 -0.8426 4.2718, -4.124 -0.814 4.3127, -4.1649 -0.7921 0.0349, -4.1186 -0.8314 0.0349, -4.124 -0.814 0.0183, -4.1119 -0.8426 0.0558, -4.1275 -0.7921 0.0077, -4.1418 -0.814 0.0274, -4.1483 -0.7921 0.0183, -4.1756 -0.7921 0.0558, -4.1792 -0.7921 0.0789, -4.1483 -0.8314 0.0646, -4.1418 -0.8314 0.0517, -4.1275 -0.8426 0.0714, -4.1287 -0.8426 0.0789, -4.1506 -0.8314 0.0789, -4.1186 -0.8426 0.0592, -4.1315 -0.8314 0.0415, -4.1559 -0.814 0.0415, -4.124 -0.8426 0.0646, -4.1649 -0.814 0.0592, -4.168 -0.814 0.0789, -2.8226 2.5206 2.6173, -2.8555 2.5376 2.5857, -2.8395 2.527 2.601, -2.8797 2.5731 2.5629, -2.8695 2.5531 2.5724, -2.88 2.4847 3.0946, -2.8688 2.5024 2.9586, -2.88 2.5236 2.964, -2.8294 2.5181 2.6912, -2.8514 2.5292 2.6921, -2.8294 2.4746 2.9516, -2.8294 2.5017 2.8223, -2.88 2.4352 3.2216, -2.88 2.3753 3.344, -2.8688 2.4151 3.2128, -2.8294 2.2633 3.4334, -2.8294 2.3309 3.3199, -2.8294 2.3889 3.2013, -2.8294 2.1011 3.6417, -2.8294 2.0077 3.7352, -2.88 2.1383 3.676, -2.88 2.2264 3.572, -2.8294 1.6859 3.9649, -2.8294 1.7994 3.8973, -2.88 1.8271 3.9396, -2.88 1.938 3.8604, -2.8294 1.4442 4.071, -2.8294 1.3176 4.1087, -2.8688 1.5787 4.0491, -2.88 1.5875 4.0692, -2.88 1.4606 4.1188, -2.8294 1.0572 4.1521, -2.8294 0.9252 4.1575, -2.88 1.0614 4.2025, -2.8688 1.193 4.164, -2.88 1.1966 4.1856, -2.8294 0.5328 4.1087, -2.8294 0.6621 4.1358, -2.88 0.6538 4.1856, -2.88 0.789 4.2025, -2.8294 0.2831 4.0229, -2.8294 0.1645 3.9649, -2.88 0.3898 4.1188, -2.88 0.2628 4.0692, -2.88 -0.2879 3.676, -2.88 -0.1916 3.7723, -2.88 -0.0876 3.8604, -2.88 0.0233 3.9396, -2.8294 -0.2508 3.6417, -2.8294 -0.3361 3.5409, -2.88 -0.376 3.572, -2.8294 -0.4129 3.4334, -2.8294 -0.4805 3.3199, -2.8688 -0.5647 3.2128, -2.88 -0.5848 3.2216, -2.88 -0.6344 3.0946, -2.88 -0.525 3.344, -2.88 -0.7012 2.8306, -2.8294 -0.5385 3.2013, -2.8294 -0.5865 3.0782, -2.88 -0.7181 2.6954, -2.8688 -0.6796 2.827, -2.8688 -0.6136 3.0875, -2.8688 -0.652 2.9586, -2.8514 -0.5971 3.0818, -2.88 -0.6733 2.964, -2.8514 -0.6624 2.8241, -2.8514 -0.6788 2.6921, -2.8294 -0.6514 2.8223, -2.8294 -0.6242 2.9516, -2.8294 -0.6677 2.6912, -2.8226 -0.6702 2.6173, -2.8395 -0.6767 2.601, -2.8688 -0.3587 3.5585, -2.88 -0.4552 3.4611, -2.8294 -0.1573 3.7352, -2.8294 -0.0565 3.8205, -2.8294 0.051 3.8973, -2.8688 -0.0741 3.8431, -2.88 0.1404 4.0094, -2.8294 0.4062 4.071, -2.8688 0.2717 4.0491, -2.88 0.5204 4.1577, -2.8294 0.7932 4.1521, -2.8688 0.6574 4.164, -2.88 0.9252 4.2081, -2.8294 1.1883 4.1358, -2.8688 1.0595 4.1806, -2.88 1.33 4.1577, -2.8294 1.5672 4.0229, -2.8688 1.4535 4.098, -2.88 1.71 4.0094, -2.8688 1.6995 3.9901, -2.8294 1.9069 3.8205, -2.8688 1.815 3.9212, -2.8688 2.0271 3.7562, -2.88 2.042 3.7723, -2.8294 2.1865 3.5409, -2.8688 2.1222 3.6611, -2.8688 2.2872 3.4491, -2.88 2.3056 3.4611, -2.8294 2.4369 3.0782, -2.8688 2.356 3.3336, -2.88 2.5516 2.8306, -2.88 2.5685 2.6954, -2.8688 2.5466 2.6936, -2.8514 2.5128 2.8241, -2.8688 2.53 2.827, -2.8514 2.4855 2.9543, -2.8514 2.4475 3.0818, -2.8688 2.464 3.0875, -2.8514 2.3991 3.2058, -2.8514 2.3407 3.3253, -2.8514 2.2726 3.4395, -2.8514 2.1953 3.5478, -2.8688 2.2091 3.5585, -2.8514 2.1094 3.6493, -2.8514 2.0153 3.7434, -2.8514 1.9138 3.8294, -2.8688 1.9245 3.8431, -2.8514 1.8055 3.9067, -2.8514 1.6912 3.9748, -2.8514 1.5717 4.0332, -2.8514 1.4478 4.0815, -2.8514 1.3203 4.1195, -2.8688 1.3246 4.1364, -2.8514 1.1901 4.1468, -2.8514 1.0581 4.1632, -2.8514 0.9252 4.1687, -2.8688 0.9252 4.1862, -2.8514 0.7923 4.1632, -2.8688 0.7908 4.1806, -2.8514 0.6603 4.1468, -2.8514 0.5301 4.1195, -2.8688 0.5258 4.1364, -2.8514 0.4026 4.0815, -2.8688 0.3969 4.098, -2.8514 0.2787 4.0332, -2.8514 0.1591 3.9748, -2.8688 0.1509 3.9901, -2.8514 0.0449 3.9067, -2.8688 0.0353 3.9212, -2.8514 -0.0634 3.8294, -2.8514 -0.1649 3.7434, -2.8688 -0.1767 3.7562, -2.8514 -0.259 3.6493, -2.8688 -0.2718 3.6611, -2.8514 -0.345 3.5478, -2.8514 -0.4223 3.4395, -2.8688 -0.4368 3.4491, -2.8514 -0.4903 3.3253, -2.8688 -0.5057 3.3336, -2.8514 -0.5488 3.2058, -2.8514 -0.6351 2.9543, -2.8688 -0.6962 2.6936, -2.8694 -0.7027 2.5723, -2.8555 -0.6873 2.5857, -2.8796 -0.7227 2.5628, 1.3926 2.5157 1.4135, 1.4127 2.5059 0.1714, 1.3925 2.5157 0.1617, 1.4129 2.5055 1.4033, 1.4283 2.4919 0.1854, 1.4281 2.4916 1.3894, 1.4388 2.4758 0.2015, 1.4387 2.4756 1.3734, 1.4449 2.4586 0.2187, 1.4449 2.4586 1.3564, 1.3926 1.5591 1.4135, 1.4129 1.5693 1.4033, 1.4281 1.5832 1.3894, 1.4387 1.5992 1.3734, 1.4449 1.6162 1.3564, 1.4449 1.6162 0.2187, 1.4388 1.599 0.2015, 1.4283 1.5829 0.1854, 1.4127 1.5688 0.1714, 1.3925 1.5591 0.1617, 1.4449 0.2342 0.2187, 1.4388 0.2514 0.2015, 1.4387 0.2512 1.3734, 1.4449 0.2342 1.3564, 1.4281 0.2672 1.3894, 1.4283 0.2675 0.1854, 1.4129 0.2811 1.4033, 1.4127 0.2815 0.1714, 1.3926 0.2913 1.4135, 1.3925 0.2913 0.1617, 1.4449 -0.6082 0.2187, 1.4388 -0.6254 0.2015, 1.4283 -0.6415 0.1854, 1.4127 -0.6556 0.1714, 1.3925 -0.6653 0.1617, 1.3926 -0.6653 1.4135, 1.4129 -0.6551 1.4033, 1.4281 -0.6412 1.3894, 1.4387 -0.6252 1.3734, 1.4449 -0.6082 1.3564, -2.2483 -0.8465 0.9395, -2.2625 -0.8465 0.9006, -2.2518 -0.8465 0.9173, -2.2629 -0.8465 0.9771, -2.2519 -0.8465 0.9614, -2.2711 -0.8465 0.8941, -2.2714 -0.8465 0.9829, -2.3022 -0.8465 0.8866, -2.2912 -0.8465 0.8874, -2.3014 -0.8465 0.9897, -2.291 -0.8465 0.9889, -2.2808 -0.8465 0.8898, -2.2809 -0.8465 0.9868, -2.3116 -0.8465 0.9896, -2.3121 -0.8465 0.8867, -2.3216 -0.8465 0.9896, -2.3216 -0.8465 0.8867, -2.166 -0.8465 0.9787, -2.1721 -0.8465 0.9601, -2.1542 -0.8465 0.96, -2.1474 -0.8465 0.9416, -2.1788 -0.8465 0.9416, -2.1406 -0.8465 0.9231, -2.1602 -0.8465 0.9787, -2.1616 -0.8465 0.9833, -2.1629 -0.8465 0.9879, -2.1646 -0.8465 0.9833, -2.1854 -0.8465 0.9231, -2.5231 -0.8465 0.6723, -2.5323 -0.8465 0.6805, -2.5287 -0.8465 0.6756, -2.5159 -0.8465 0.6713, -2.5059 -0.8465 0.6732, -2.5335 -0.8465 0.6867, -2.5214 -0.8465 0.7025, -2.5324 -0.8465 0.6936, -2.5291 -0.8465 0.6988, -2.4978 -0.8465 0.6791, -2.4937 -0.8465 0.6849, -2.513 -0.8465 0.7049, -2.4915 -0.8465 0.6915, -2.5015 -0.8465 0.7062, -2.4905 -0.8465 0.6985, -2.4906 -0.8465 0.7076, -2.0811 -0.8465 0.7278, -2.0954 -0.8465 0.6889, -2.0847 -0.8465 0.7056, -2.0958 -0.8465 0.7654, -2.0848 -0.8465 0.7497, -2.1039 -0.8465 0.6824, -2.1043 -0.8465 0.7712, -2.1351 -0.8465 0.6749, -2.1241 -0.8465 0.6757, -2.1343 -0.8465 0.778, -2.1238 -0.8465 0.7772, -2.1136 -0.8465 0.6781, -2.1138 -0.8465 0.7751, -2.1445 -0.8465 0.7779, -2.145 -0.8465 0.675, -2.1544 -0.8465 0.7779, -2.1544 -0.8465 0.675, -1.9988 -0.8465 0.767, -1.9871 -0.8465 0.7483, -1.9931 -0.8465 0.767, -1.9802 -0.8465 0.7299, -2.0116 -0.8465 0.7299, -1.9735 -0.8465 0.7114, -2.005 -0.8465 0.7484, -1.9945 -0.8465 0.7716, -1.9958 -0.8465 0.7762, -1.9975 -0.8465 0.7716, -2.0183 -0.8465 0.7114, -3.1479 -0.8465 0.6537, -3.1291 -0.8465 0.6588, -3.1798 -0.8465 0.7095, -3.1295 -0.8465 0.7227, -3.1479 -0.8465 0.7277, -3.1109 -0.8465 0.6907, -3.1161 -0.8465 0.7095, -3.1159 -0.8465 0.6722, -3.1798 -0.8465 0.6718, -3.1664 -0.8465 0.6586, -3.1849 -0.8465 0.6907, -3.1664 -0.8465 0.7227
            ]
        }
        coordIndex [
            0,1,2,-1,3,4,5,-1,6,7,8,-1,9,10,11,-1,12,13,14,-1,15,16,17,-1,18,19,20,-1,21,22,23,-1,24,25,26,-1,27,28,29,-1,30,31,32,-1,33,34,35,-1,36,37,38,-1,39,40,41,-1,42,43,44,-1,45,46,47,-1,48,49,50,-1,48,51,52,-1,53,54,50,-1,50,49,53,-1,55,54,56,-1,53,56,54,-1,55,57,58,-1,57,55,56,-1,59,60,58,-1,58,57,59,-1,61,60,62,-1,59,62,60,-1,61,63,64,-1,63,61,62,-1,65,66,64,-1,64,63,65,-1,67,66,68,-1,65,68,66,-1,47,42,44,-1,46,45,36,-1,43,52,51,-1,52,49,48,-1,43,51,44,-1,46,42,47,-1,38,40,39,-1,45,37,36,-1,38,37,40,-1,30,32,41,-1,32,39,41,-1,35,31,33,-1,31,30,33,-1,25,34,26,-1,35,34,25,-1,26,29,24,-1,14,23,12,-1,28,27,18,-1,24,29,28,-1,20,22,21,-1,20,19,22,-1,27,19,18,-1,14,21,23,-1,17,13,15,-1,13,12,15,-1,7,16,8,-1,17,16,7,-1,6,9,11,-1,8,9,6,-1,10,0,2,-1,10,2,11,-1,5,4,1,-1,5,1,0,-1,4,3,69,-1,1,70,71,-1,72,4,69,-1,73,74,6,-1,11,2,75,-1,13,76,77,-1,17,7,78,-1,79,20,80,-1,81,21,14,-1,82,83,24,-1,18,84,28,-1,31,85,86,-1,35,25,87,-1,88,38,89,-1,90,39,32,-1,91,92,42,-1,36,93,46,-1,52,94,49,-1,52,43,95,-1,96,53,49,-1,49,94,96,-1,56,53,97,-1,96,97,53,-1,56,98,57,-1,98,56,97,-1,99,59,57,-1,57,98,99,-1,62,59,100,-1,99,100,59,-1,62,101,63,-1,101,62,100,-1,102,65,63,-1,63,101,102,-1,68,65,103,-1,102,103,65,-1,43,92,95,-1,95,94,52,-1,91,42,46,-1,92,43,42,-1,93,36,88,-1,91,46,93,-1,38,39,89,-1,36,38,88,-1,32,86,90,-1,39,90,89,-1,35,85,31,-1,31,86,32,-1,83,87,25,-1,87,85,35,-1,82,24,28,-1,83,25,24,-1,84,18,79,-1,82,28,84,-1,20,21,80,-1,18,20,79,-1,14,77,81,-1,21,81,80,-1,17,76,13,-1,13,77,14,-1,74,78,7,-1,78,76,17,-1,73,6,11,-1,74,7,6,-1,75,2,71,-1,73,11,75,-1,1,4,70,-1,2,1,71,-1,72,70,4,-1,104,105,106,-1,107,108,109,-1,110,111,112,-1,113,114,115,-1,116,117,118,-1,111,119,108,-1,108,107,120,-1,119,109,108,-1,121,122,123,-1,124,125,126,-1,124,126,106,-1,125,127,128,-1,128,129,125,-1,130,131,132,-1,129,126,125,-1,105,104,133,-1,106,126,104,-1,134,135,136,-1,137,138,139,-1,140,131,141,-1,130,141,131,-1,142,143,144,-1,145,146,147,-1,148,149,150,-1,151,152,153,-1,154,155,140,-1,146,156,147,-1,157,158,159,-1,160,161,162,-1,163,164,165,-1,166,167,168,-1,169,170,171,-1,172,173,174,-1,175,171,149,-1,139,176,177,-1,178,179,180,-1,170,149,171,-1,181,182,183,-1,149,170,150,-1,184,185,186,-1,187,184,188,-1,148,187,149,-1,189,190,182,-1,182,181,191,-1,191,181,192,-1,193,191,192,-1,192,181,194,-1,193,192,195,-1,196,194,197,-1,198,140,155,-1,199,200,201,-1,139,138,202,-1,113,203,114,-1,204,177,176,-1,205,184,206,-1,206,182,190,-1,174,184,148,-1,187,148,184,-1,205,188,184,-1,148,204,174,-1,176,172,174,-1,176,174,204,-1,139,177,137,-1,138,207,208,-1,209,210,211,-1,186,206,184,-1,189,182,212,-1,191,212,182,-1,190,205,206,-1,122,105,213,-1,214,215,216,-1,217,218,219,-1,219,218,220,-1,221,135,217,-1,221,217,219,-1,202,222,139,-1,209,223,224,-1,135,225,217,-1,115,226,113,-1,115,227,226,-1,225,135,227,-1,225,227,115,-1,228,229,230,-1,228,231,227,-1,232,111,228,-1,228,111,229,-1,229,209,224,-1,229,111,209,-1,111,233,209,-1,215,214,222,-1,210,234,216,-1,139,235,236,-1,137,207,138,-1,134,228,135,-1,136,208,134,-1,237,134,208,-1,234,210,209,-1,211,223,209,-1,238,239,233,-1,181,183,240,-1,202,215,222,-1,235,139,222,-1,234,214,216,-1,241,242,243,-1,228,227,135,-1,244,241,245,-1,241,246,242,-1,246,105,247,-1,242,248,243,-1,249,243,250,-1,251,252,111,-1,243,248,250,-1,231,228,230,-1,213,105,246,-1,241,244,253,-1,241,253,246,-1,165,164,254,-1,253,213,246,-1,255,256,111,-1,255,254,164,-1,255,257,258,-1,254,255,259,-1,255,258,260,-1,259,255,261,-1,256,119,111,-1,255,262,257,-1,255,263,264,-1,262,255,264,-1,111,263,255,-1,111,252,263,-1,232,248,242,-1,111,242,251,-1,232,242,111,-1,265,247,266,-1,265,246,247,-1,267,266,247,-1,268,247,269,-1,268,267,247,-1,247,164,270,-1,247,270,269,-1,164,163,271,-1,270,164,271,-1,261,255,260,-1,164,247,272,-1,166,273,274,-1,167,166,275,-1,159,247,276,-1,168,164,272,-1,144,277,278,-1,157,159,276,-1,256,279,119,-1,197,194,181,-1,280,178,281,-1,201,282,281,-1,197,181,283,-1,140,198,283,-1,181,140,283,-1,199,284,200,-1,285,151,286,-1,141,154,140,-1,285,200,152,-1,287,288,289,-1,141,287,154,-1,287,289,154,-1,153,290,151,-1,291,292,288,-1,287,122,288,-1,293,294,180,-1,295,296,291,-1,297,295,298,-1,299,300,301,-1,301,300,302,-1,237,208,207,-1,299,303,300,-1,299,301,304,-1,134,305,123,-1,297,304,301,-1,306,304,297,-1,294,307,207,-1,213,123,122,-1,298,295,291,-1,306,297,298,-1,288,122,291,-1,296,292,291,-1,121,291,122,-1,213,134,123,-1,134,237,305,-1,207,307,237,-1,294,293,307,-1,294,178,180,-1,178,280,179,-1,281,282,280,-1,151,285,152,-1,284,152,200,-1,199,201,281,-1,196,281,194,-1,178,194,281,-1,308,309,310,-1,158,143,159,-1,160,311,312,-1,311,160,308,-1,168,313,166,-1,247,133,276,-1,314,315,316,-1,161,160,312,-1,317,314,316,-1,105,133,247,-1,143,318,159,-1,319,320,318,-1,308,310,320,-1,311,308,319,-1,321,319,143,-1,319,308,320,-1,277,314,322,-1,314,277,144,-1,314,279,315,-1,279,256,315,-1,322,314,323,-1,315,324,325,-1,316,315,325,-1,166,326,315,-1,324,315,326,-1,274,326,166,-1,313,273,166,-1,272,311,168,-1,313,168,311,-1,312,311,272,-1,321,143,327,-1,143,319,318,-1,327,143,142,-1,328,144,143,-1,329,142,144,-1,144,330,331,-1,329,144,331,-1,278,332,144,-1,330,144,333,-1,317,323,314,-1,328,143,147,-1,333,144,332,-1,328,147,334,-1,335,334,336,-1,334,147,337,-1,335,328,334,-1,119,337,156,-1,147,156,337,-1,119,279,337,-1,338,339,235,-1,340,341,342,-1,233,343,344,-1,238,233,344,-1,345,346,347,-1,348,343,111,-1,233,111,343,-1,349,345,350,-1,349,351,345,-1,352,353,111,-1,111,353,348,-1,345,347,350,-1,354,117,116,-1,345,351,355,-1,118,356,357,-1,118,358,356,-1,359,110,146,-1,116,352,354,-1,118,117,358,-1,360,361,355,-1,361,362,363,-1,352,111,364,-1,364,354,352,-1,365,355,361,-1,361,363,366,-1,361,367,362,-1,364,111,368,-1,111,369,370,-1,368,111,370,-1,110,369,111,-1,110,359,369,-1,361,366,371,-1,146,372,359,-1,373,374,146,-1,146,374,372,-1,375,371,376,-1,377,371,375,-1,146,378,373,-1,379,380,146,-1,146,380,378,-1,371,377,381,-1,379,382,383,-1,382,379,384,-1,383,382,385,-1,145,181,240,-1,379,146,384,-1,145,240,146,-1,146,386,384,-1,146,240,387,-1,146,387,386,-1,388,389,390,-1,391,392,393,-1,393,394,391,-1,391,395,392,-1,396,391,394,-1,397,398,345,-1,391,399,400,-1,401,345,402,-1,403,402,355,-1,376,371,366,-1,404,381,377,-1,381,404,405,-1,367,361,406,-1,406,361,360,-1,402,345,355,-1,365,403,355,-1,345,407,346,-1,408,409,345,-1,345,409,407,-1,397,345,410,-1,345,398,408,-1,411,412,233,-1,391,413,410,-1,345,391,410,-1,413,391,414,-1,415,236,416,-1,183,417,418,-1,391,400,414,-1,338,235,419,-1,391,420,399,-1,396,421,391,-1,391,421,420,-1,415,183,236,-1,422,391,423,-1,340,388,424,-1,342,425,423,-1,426,422,423,-1,341,425,342,-1,427,395,391,-1,391,422,427,-1,426,423,425,-1,424,341,340,-1,424,388,390,-1,390,389,428,-1,183,428,240,-1,389,240,428,-1,429,430,183,-1,183,430,428,-1,183,418,429,-1,417,183,415,-1,416,236,339,-1,236,235,339,-1,233,412,419,-1,235,233,419,-1,233,431,411,-1,412,411,432,-1,239,431,233,-1,433,434,435,-1,434,436,435,-1,437,434,438,-1,439,440,437,-1,437,436,434,-1,433,440,439,-1,440,433,435,-1,437,438,439,-1,441,442,443,-1,441,444,445,-1,446,444,441,-1,441,443,446,-1,447,448,449,-1,448,447,450,-1,451,452,453,-1,452,451,454,-1,455,442,441,-1,456,457,458,-1,455,456,458,-1,458,442,455,-1,459,111,108,-1,460,461,462,-1,460,459,461,-1,461,459,108,-1,463,464,465,-1,466,464,463,-1,465,464,467,-1,468,469,470,-1,471,472,463,-1,473,474,475,-1,476,477,478,-1,479,480,481,-1,482,483,484,-1,485,486,487,-1,488,489,490,-1,491,492,493,-1,494,495,496,-1,497,498,499,-1,500,501,502,-1,503,504,505,-1,506,507,498,-1,508,509,510,-1,511,512,513,-1,514,515,516,-1,517,518,519,-1,520,521,522,-1,521,520,516,-1,523,524,522,-1,520,522,524,-1,523,525,526,-1,526,524,523,-1,527,525,528,-1,525,527,526,-1,529,530,531,-1,528,530,532,-1,533,534,531,-1,529,531,534,-1,533,535,536,-1,536,534,533,-1,537,538,535,-1,535,538,536,-1,539,540,537,-1,537,535,539,-1,515,521,516,-1,529,532,530,-1,528,532,527,-1,515,514,518,-1,519,518,514,-1,517,508,510,-1,508,517,519,-1,509,511,513,-1,509,513,510,-1,504,512,511,-1,512,504,503,-1,499,501,497,-1,506,505,507,-1,503,505,506,-1,498,541,499,-1,498,507,541,-1,492,496,495,-1,500,502,493,-1,500,497,501,-1,492,491,496,-1,491,493,502,-1,495,494,485,-1,483,479,481,-1,486,488,487,-1,494,486,485,-1,487,488,490,-1,480,489,481,-1,490,489,480,-1,482,484,475,-1,479,483,482,-1,477,474,478,-1,473,475,484,-1,474,473,478,-1,468,477,476,-1,476,469,468,-1,542,472,471,-1,470,542,471,-1,469,542,470,-1,472,466,463,-1,543,544,545,-1,545,546,543,-1,547,3,5,-1,548,547,41,-1,548,67,549,-1,550,551,552,-1,64,66,548,-1,548,66,67,-1,60,61,548,-1,548,61,64,-1,55,58,548,-1,548,58,60,-1,50,54,548,-1,548,54,55,-1,51,48,548,-1,548,48,50,-1,47,44,548,-1,548,44,51,-1,37,45,548,-1,548,45,47,-1,548,41,40,-1,548,40,37,-1,33,30,547,-1,547,30,41,-1,26,34,547,-1,547,34,33,-1,27,29,547,-1,547,29,26,-1,22,19,547,-1,547,19,27,-1,12,23,547,-1,547,23,22,-1,16,15,547,-1,547,15,12,-1,9,8,547,-1,547,8,16,-1,0,10,547,-1,547,10,9,-1,547,5,0,-1,550,3,547,-1,553,554,550,-1,550,554,3,-1,555,556,550,-1,550,556,553,-1,550,557,558,-1,550,552,555,-1,559,560,550,-1,550,560,551,-1,561,562,550,-1,550,562,559,-1,563,564,550,-1,550,564,561,-1,565,566,550,-1,550,566,563,-1,567,568,550,-1,550,568,565,-1,550,558,567,-1,569,557,549,-1,550,549,557,-1,570,571,549,-1,549,571,569,-1,572,573,549,-1,549,573,570,-1,574,575,549,-1,549,575,572,-1,576,577,549,-1,549,577,574,-1,578,579,549,-1,549,579,576,-1,580,581,549,-1,549,581,578,-1,582,583,549,-1,549,583,580,-1,67,582,549,-1,584,585,586,-1,587,584,588,-1,584,587,585,-1,588,589,590,-1,590,587,588,-1,591,592,589,-1,590,589,592,-1,593,591,594,-1,591,593,592,-1,594,595,596,-1,596,593,594,-1,597,598,595,-1,596,595,598,-1,599,597,600,-1,597,599,598,-1,600,601,602,-1,602,599,600,-1,603,604,601,-1,602,601,604,-1,605,603,606,-1,603,605,604,-1,606,607,608,-1,608,605,606,-1,609,610,607,-1,608,607,610,-1,611,609,612,-1,609,611,610,-1,612,613,614,-1,614,611,612,-1,615,616,613,-1,614,613,616,-1,617,615,72,-1,615,617,616,-1,69,617,72,-1,586,585,618,-1,619,620,618,-1,586,618,620,-1,621,619,622,-1,619,621,620,-1,622,623,624,-1,624,621,622,-1,625,626,623,-1,624,623,626,-1,627,625,628,-1,625,627,626,-1,628,629,630,-1,630,627,628,-1,631,632,629,-1,630,629,632,-1,633,631,634,-1,631,633,632,-1,634,635,636,-1,636,633,634,-1,637,638,635,-1,636,635,638,-1,639,637,640,-1,637,639,638,-1,640,641,642,-1,642,639,640,-1,643,644,641,-1,642,641,644,-1,645,643,646,-1,643,645,644,-1,646,647,648,-1,648,645,646,-1,648,647,103,-1,647,68,103,-1,609,649,612,-1,589,650,591,-1,650,589,588,-1,594,591,651,-1,652,588,584,-1,594,651,595,-1,652,584,586,-1,595,653,597,-1,654,586,620,-1,655,600,597,-1,620,621,656,-1,601,600,655,-1,621,624,656,-1,601,657,603,-1,624,626,658,-1,657,606,603,-1,626,627,658,-1,659,630,632,-1,627,630,660,-1,72,615,661,-1,633,636,662,-1,75,71,663,-1,664,638,639,-1,665,666,644,-1,648,667,665,-1,668,76,78,-1,669,102,101,-1,80,81,670,-1,671,672,97,-1,673,82,84,-1,92,674,675,-1,85,676,677,-1,678,674,91,-1,678,93,88,-1,677,90,86,-1,679,89,90,-1,671,96,94,-1,675,94,95,-1,680,83,82,-1,680,676,87,-1,99,98,672,-1,84,79,673,-1,100,99,681,-1,102,667,103,-1,80,682,79,-1,77,670,81,-1,648,103,667,-1,648,665,645,-1,78,74,683,-1,644,645,665,-1,642,666,664,-1,684,73,75,-1,70,663,71,-1,639,642,664,-1,638,664,662,-1,661,70,72,-1,613,685,615,-1,636,638,662,-1,633,662,659,-1,685,613,612,-1,607,686,609,-1,632,633,659,-1,607,606,686,-1,74,73,683,-1,666,642,644,-1,680,87,83,-1,659,660,630,-1,660,658,627,-1,658,656,624,-1,656,654,620,-1,654,652,586,-1,652,650,588,-1,650,651,591,-1,651,653,595,-1,653,655,597,-1,655,657,601,-1,657,686,606,-1,686,649,609,-1,649,685,612,-1,685,661,615,-1,661,663,70,-1,663,684,75,-1,684,683,73,-1,683,668,78,-1,668,670,77,-1,668,77,76,-1,670,682,80,-1,682,673,79,-1,673,680,82,-1,676,85,87,-1,677,86,85,-1,677,679,90,-1,89,679,88,-1,91,93,678,-1,88,679,678,-1,92,91,674,-1,95,92,675,-1,671,94,675,-1,671,97,96,-1,672,98,97,-1,672,681,99,-1,681,669,100,-1,102,669,667,-1,100,669,101,-1,587,558,585,-1,567,587,590,-1,587,567,558,-1,590,592,568,-1,568,567,590,-1,593,565,592,-1,568,592,565,-1,566,593,596,-1,593,566,565,-1,596,598,563,-1,563,566,596,-1,599,564,598,-1,563,598,564,-1,561,599,602,-1,599,561,564,-1,602,604,562,-1,562,561,602,-1,605,559,604,-1,562,604,559,-1,560,605,608,-1,605,560,559,-1,608,610,551,-1,551,560,608,-1,611,552,610,-1,551,610,552,-1,555,611,614,-1,611,555,552,-1,614,616,556,-1,556,555,614,-1,617,553,616,-1,556,616,553,-1,554,617,69,-1,617,554,553,-1,3,554,69,-1,557,618,585,-1,585,558,557,-1,619,618,569,-1,557,569,618,-1,619,571,622,-1,571,619,569,-1,570,623,622,-1,622,571,570,-1,625,623,573,-1,570,573,623,-1,625,572,628,-1,572,625,573,-1,575,629,628,-1,628,572,575,-1,631,629,574,-1,575,574,629,-1,631,577,634,-1,577,631,574,-1,576,635,634,-1,634,577,576,-1,637,635,579,-1,576,579,635,-1,637,578,640,-1,578,637,579,-1,581,641,640,-1,640,578,581,-1,643,641,580,-1,581,580,641,-1,643,583,646,-1,583,643,580,-1,582,647,646,-1,646,583,582,-1,582,67,647,-1,67,68,647,-1,111,687,688,-1,687,111,459,-1,459,460,687,-1,689,445,543,-1,690,691,445,-1,692,693,112,-1,111,688,694,-1,112,693,695,-1,112,696,692,-1,112,697,698,-1,695,697,112,-1,699,112,546,-1,700,112,698,-1,546,701,702,-1,699,546,703,-1,112,700,546,-1,702,703,546,-1,546,704,705,-1,700,704,546,-1,546,706,707,-1,705,706,546,-1,708,709,546,-1,707,708,546,-1,543,710,689,-1,543,711,712,-1,543,713,714,-1,445,713,543,-1,715,716,543,-1,714,715,543,-1,690,445,689,-1,445,717,718,-1,691,717,445,-1,445,719,720,-1,718,719,445,-1,445,721,722,-1,720,721,445,-1,723,724,445,-1,722,723,445,-1,725,726,441,-1,724,441,445,-1,726,455,441,-1,726,456,455,-1,725,441,724,-1,727,543,728,-1,727,710,543,-1,728,543,712,-1,543,709,711,-1,543,546,709,-1,729,112,730,-1,112,729,696,-1,731,730,112,-1,112,694,731,-1,694,112,111,-1,732,733,734,-1,735,736,737,-1,738,739,740,-1,741,742,743,-1,744,745,732,-1,742,741,733,-1,746,747,748,-1,745,744,747,-1,749,750,751,-1,752,753,750,-1,754,755,756,-1,753,755,757,-1,758,759,760,-1,756,759,754,-1,761,762,763,-1,758,761,763,-1,764,765,766,-1,766,767,762,-1,768,769,770,-1,764,768,765,-1,771,772,773,-1,774,770,771,-1,775,776,777,-1,778,773,772,-1,779,780,781,-1,782,783,779,-1,784,785,786,-1,787,788,781,-1,789,790,791,-1,792,790,793,-1,794,777,795,-1,790,794,791,-1,795,791,794,-1,790,796,793,-1,796,790,789,-1,797,786,798,-1,798,792,797,-1,781,788,784,-1,743,799,800,-1,777,776,795,-1,775,801,802,-1,801,775,777,-1,801,803,802,-1,738,804,805,-1,806,782,778,-1,783,782,807,-1,808,809,735,-1,793,797,792,-1,797,784,786,-1,785,784,788,-1,787,781,780,-1,780,779,783,-1,807,782,806,-1,806,778,772,-1,773,774,771,-1,774,768,770,-1,769,768,764,-1,765,767,766,-1,767,763,762,-1,758,760,761,-1,759,756,760,-1,757,755,754,-1,750,753,757,-1,750,749,752,-1,746,748,751,-1,748,749,751,-1,745,747,746,-1,734,744,732,-1,742,733,732,-1,800,741,743,-1,799,810,811,-1,810,799,743,-1,812,813,810,-1,811,810,813,-1,814,812,815,-1,814,813,812,-1,735,815,736,-1,812,736,815,-1,737,816,735,-1,816,808,735,-1,739,809,817,-1,808,817,809,-1,740,739,817,-1,818,805,804,-1,739,738,805,-1,777,819,820,-1,777,820,801,-1,794,819,777,-1,819,794,821,-1,822,821,823,-1,821,794,823,-1,824,821,825,-1,821,822,825,-1,826,821,824,-1,827,828,829,-1,830,828,831,-1,828,827,831,-1,828,832,809,-1,828,830,832,-1,739,833,809,-1,828,809,833,-1,805,834,833,-1,805,833,739,-1,818,829,828,-1,835,539,829,-1,836,837,818,-1,836,818,804,-1,818,828,838,-1,835,829,837,-1,818,837,829,-1,539,835,540,-1,821,803,839,-1,840,465,467,-1,802,803,841,-1,841,803,842,-1,826,840,842,-1,803,821,826,-1,842,803,826,-1,840,826,465,-1,437,843,844,-1,841,440,836,-1,845,843,437,-1,846,841,847,-1,846,845,841,-1,120,847,842,-1,461,108,840,-1,467,848,461,-1,849,850,467,-1,467,850,848,-1,849,467,464,-1,840,467,461,-1,851,836,852,-1,120,842,840,-1,108,120,840,-1,841,842,847,-1,851,443,836,-1,437,841,845,-1,540,853,854,-1,458,853,540,-1,540,854,855,-1,855,537,540,-1,458,540,835,-1,442,458,835,-1,443,835,837,-1,443,442,835,-1,440,856,857,-1,837,836,443,-1,857,852,440,-1,440,852,836,-1,440,841,437,-1,841,836,775,-1,775,802,841,-1,775,836,738,-1,738,836,804,-1,801,820,839,-1,839,803,801,-1,818,838,834,-1,834,805,818,-1,858,859,860,-1,861,862,863,-1,861,864,862,-1,865,866,863,-1,861,863,866,-1,865,859,867,-1,867,866,865,-1,868,860,869,-1,859,858,867,-1,870,871,872,-1,873,874,875,-1,876,877,878,-1,879,880,881,-1,882,879,883,-1,883,873,882,-1,881,883,879,-1,875,882,873,-1,874,876,878,-1,875,874,878,-1,877,870,872,-1,877,876,870,-1,869,871,868,-1,869,872,871,-1,868,858,860,-1,884,822,885,-1,886,885,823,-1,822,823,885,-1,794,790,886,-1,886,823,794,-1,822,884,825,-1,825,887,824,-1,887,825,884,-1,887,465,824,-1,824,465,826,-1,479,888,480,-1,889,792,798,-1,890,891,892,-1,790,792,886,-1,893,889,798,-1,892,894,890,-1,895,896,897,-1,898,468,470,-1,899,474,900,-1,901,902,903,-1,904,905,906,-1,474,899,475,-1,485,487,907,-1,908,909,910,-1,911,912,500,-1,913,914,915,-1,497,500,912,-1,916,917,918,-1,513,919,920,-1,921,922,923,-1,510,924,517,-1,925,926,927,-1,928,929,930,-1,931,928,932,-1,933,934,935,-1,936,935,930,-1,937,938,528,-1,523,522,939,-1,530,938,940,-1,941,942,943,-1,944,945,946,-1,938,530,528,-1,947,948,949,-1,535,950,539,-1,951,950,535,-1,533,951,535,-1,951,947,949,-1,950,951,949,-1,944,952,948,-1,944,948,947,-1,945,942,953,-1,946,735,952,-1,954,515,518,-1,943,934,955,-1,956,521,957,-1,956,939,522,-1,954,957,515,-1,927,958,959,-1,932,959,960,-1,503,961,512,-1,517,924,962,-1,963,961,503,-1,964,965,923,-1,925,965,966,-1,506,498,967,-1,968,969,921,-1,970,968,917,-1,971,918,972,-1,911,500,493,-1,973,967,498,-1,974,972,914,-1,495,485,975,-1,492,495,976,-1,977,909,978,-1,979,915,977,-1,980,490,480,-1,975,485,907,-1,981,982,906,-1,983,910,982,-1,984,471,985,-1,986,888,479,-1,482,475,987,-1,477,900,474,-1,988,989,903,-1,989,990,904,-1,991,901,895,-1,896,891,992,-1,984,470,471,-1,985,471,463,-1,993,994,995,-1,884,993,887,-1,887,995,465,-1,531,996,533,-1,997,894,892,-1,533,996,951,-1,944,946,952,-1,996,998,947,-1,998,945,944,-1,735,946,815,-1,815,946,953,-1,951,996,947,-1,530,940,531,-1,814,953,941,-1,947,998,944,-1,999,998,940,-1,815,953,814,-1,945,999,942,-1,946,945,953,-1,998,996,940,-1,531,940,996,-1,942,941,953,-1,998,999,945,-1,938,1000,999,-1,942,1000,943,-1,814,941,813,-1,813,941,955,-1,938,999,940,-1,525,937,528,-1,941,943,955,-1,999,1000,942,-1,937,1001,1000,-1,1001,934,943,-1,813,955,811,-1,811,955,933,-1,938,937,1000,-1,523,1002,525,-1,934,1003,935,-1,1000,1001,943,-1,1003,1001,1002,-1,933,936,799,-1,811,933,799,-1,955,934,933,-1,1001,937,1002,-1,525,1002,937,-1,930,935,1004,-1,1001,1003,934,-1,1004,1003,939,-1,936,929,800,-1,799,936,800,-1,933,935,936,-1,1003,1002,939,-1,523,939,1002,-1,741,800,929,-1,1003,1004,935,-1,1005,1004,956,-1,936,930,929,-1,930,1005,928,-1,741,929,931,-1,939,956,1004,-1,522,521,956,-1,741,931,733,-1,1004,1005,930,-1,1006,1005,957,-1,929,928,931,-1,928,1006,932,-1,733,931,960,-1,956,957,1005,-1,521,515,957,-1,733,960,734,-1,1005,1006,928,-1,1007,1006,954,-1,931,932,960,-1,932,1007,959,-1,734,960,958,-1,954,1006,957,-1,517,962,518,-1,958,926,744,-1,1006,1007,932,-1,1008,1007,962,-1,1008,927,959,-1,734,958,744,-1,960,959,958,-1,1007,954,962,-1,518,962,954,-1,958,927,926,-1,1007,1008,959,-1,924,1009,1008,-1,927,1009,925,-1,744,926,747,-1,747,926,966,-1,962,924,1008,-1,920,510,513,-1,748,966,964,-1,1008,1009,927,-1,1010,1009,920,-1,1010,965,925,-1,747,966,748,-1,926,925,966,-1,1009,924,920,-1,510,920,924,-1,966,965,964,-1,1009,1010,925,-1,919,1011,1010,-1,965,1011,923,-1,748,964,749,-1,749,964,922,-1,920,919,1010,-1,513,512,919,-1,752,749,922,-1,1010,1011,965,-1,1012,1011,961,-1,964,923,922,-1,923,1012,921,-1,752,922,969,-1,1011,919,961,-1,512,961,919,-1,921,969,922,-1,1011,1012,923,-1,963,1013,1012,-1,921,1013,968,-1,752,969,753,-1,753,969,970,-1,961,963,1012,-1,503,506,963,-1,755,753,970,-1,1012,1013,921,-1,1014,1013,967,-1,969,968,970,-1,968,1014,917,-1,755,970,916,-1,1013,963,967,-1,506,967,963,-1,917,916,970,-1,1013,1014,968,-1,973,1015,1014,-1,917,1015,918,-1,755,916,756,-1,756,916,971,-1,967,973,1014,-1,498,497,973,-1,760,756,971,-1,1014,1015,917,-1,1016,1015,912,-1,916,918,971,-1,918,1016,972,-1,760,971,974,-1,1015,973,912,-1,497,912,973,-1,972,974,971,-1,1015,1016,918,-1,911,1017,1016,-1,1017,914,972,-1,760,974,761,-1,761,974,913,-1,912,911,1016,-1,1018,493,492,-1,914,913,974,-1,1016,1017,972,-1,1018,1019,1017,-1,1019,915,914,-1,761,913,762,-1,762,913,979,-1,1017,911,1018,-1,493,1018,911,-1,915,979,913,-1,1017,1019,914,-1,976,1020,1019,-1,915,1020,977,-1,762,979,766,-1,766,979,978,-1,1019,1018,976,-1,492,976,1018,-1,764,978,908,-1,1019,1020,915,-1,1021,1020,975,-1,1021,909,977,-1,766,978,764,-1,979,977,978,-1,1020,976,975,-1,495,975,976,-1,978,909,908,-1,1020,1021,977,-1,907,1022,1021,-1,1022,910,909,-1,764,908,769,-1,769,908,983,-1,975,907,1021,-1,1023,487,490,-1,910,983,908,-1,1021,1022,909,-1,1023,1024,1022,-1,1024,982,910,-1,769,983,770,-1,770,983,981,-1,1022,907,1023,-1,487,1023,907,-1,982,981,983,-1,1022,1024,910,-1,980,1025,1024,-1,982,1025,906,-1,770,981,771,-1,771,981,905,-1,1024,1023,980,-1,490,980,1023,-1,772,771,905,-1,1024,1025,982,-1,1025,888,1026,-1,981,906,905,-1,906,1026,904,-1,772,905,990,-1,1025,980,888,-1,480,888,980,-1,904,990,905,-1,1025,1026,906,-1,986,1027,1026,-1,1027,989,904,-1,772,990,806,-1,806,990,988,-1,888,986,1026,-1,479,482,986,-1,989,988,990,-1,1026,1027,904,-1,987,1028,1027,-1,1028,903,989,-1,806,988,807,-1,807,988,902,-1,1027,986,987,-1,482,987,986,-1,903,902,988,-1,1027,1028,989,-1,899,1029,1028,-1,903,1029,901,-1,807,902,783,-1,783,902,991,-1,1028,987,899,-1,475,899,987,-1,780,783,991,-1,1028,1029,903,-1,1030,477,468,-1,902,901,991,-1,901,1031,895,-1,780,991,897,-1,1029,900,1031,-1,899,900,1029,-1,895,897,991,-1,1029,1031,901,-1,1030,1032,1031,-1,1032,896,895,-1,780,897,787,-1,787,897,992,-1,1031,900,1030,-1,477,1030,900,-1,896,992,897,-1,1031,1032,895,-1,898,1033,1032,-1,896,1033,891,-1,787,992,788,-1,788,992,890,-1,1032,1030,898,-1,468,898,1030,-1,785,890,894,-1,1032,1033,896,-1,1033,984,1034,-1,1034,892,891,-1,788,890,785,-1,992,891,890,-1,1033,898,984,-1,470,984,898,-1,786,893,798,-1,1033,1034,891,-1,985,994,1034,-1,994,997,892,-1,785,894,786,-1,786,894,893,-1,984,985,1034,-1,465,995,463,-1,993,1035,997,-1,1034,994,892,-1,993,997,994,-1,889,893,1035,-1,893,997,1035,-1,894,997,893,-1,985,463,995,-1,994,985,995,-1,1035,884,885,-1,887,993,995,-1,889,885,886,-1,884,1035,993,-1,886,792,889,-1,885,889,1035,-1,831,948,830,-1,832,830,952,-1,948,952,830,-1,735,809,832,-1,832,952,735,-1,948,831,949,-1,949,827,950,-1,827,949,831,-1,827,829,950,-1,950,829,539,-1,1036,1037,714,-1,713,1038,1036,-1,1036,714,713,-1,445,1038,713,-1,445,444,1038,-1,714,1037,715,-1,715,1039,716,-1,1039,715,1037,-1,1039,544,716,-1,716,544,543,-1,1040,1041,857,-1,856,1042,1040,-1,1040,857,856,-1,440,1042,856,-1,440,435,1042,-1,857,1041,852,-1,852,1043,851,-1,1043,852,1041,-1,1043,446,851,-1,851,446,443,-1,1044,1045,1046,-1,1047,1046,1048,-1,1045,1048,1046,-1,444,446,1047,-1,1047,1048,444,-1,1045,1044,1049,-1,1049,1050,1051,-1,1050,1049,1044,-1,1050,549,1051,-1,1051,549,550,-1,1052,1053,1054,-1,1045,1055,1048,-1,1056,1045,1049,-1,1056,1055,1045,-1,1057,1048,1055,-1,1048,1057,444,-1,1053,1051,1054,-1,1058,1059,1060,-1,1056,1049,1053,-1,550,1054,1051,-1,1039,1037,1061,-1,1055,1062,1057,-1,1039,1063,544,-1,1063,1061,1064,-1,1065,544,1063,-1,1049,1051,1053,-1,1052,1060,1053,-1,1060,1066,1056,-1,1067,1062,1064,-1,1066,1062,1055,-1,444,1057,1068,-1,1053,1060,1056,-1,1052,1058,1060,-1,1068,1062,1067,-1,1056,1066,1055,-1,1066,1059,1064,-1,1067,1069,1068,-1,1068,1069,444,-1,1057,1062,1068,-1,1060,1059,1066,-1,1058,1065,1059,-1,1061,1070,1067,-1,1066,1064,1062,-1,1061,1067,1064,-1,1070,1071,1069,-1,1071,444,1069,-1,1070,1069,1067,-1,1059,1065,1063,-1,1064,1059,1063,-1,1070,1037,1036,-1,1039,1061,1063,-1,1071,1036,1038,-1,1037,1070,1061,-1,1038,444,1071,-1,1036,1071,1070,-1,1072,1073,1074,-1,1041,1075,1043,-1,1076,1041,1040,-1,1076,1075,1041,-1,1077,1043,1075,-1,1043,1077,446,-1,1073,1042,1074,-1,1078,1079,1080,-1,1076,1040,1073,-1,1081,1077,1075,-1,1042,435,1074,-1,1082,1083,1084,-1,1044,1084,1050,-1,1050,1083,549,-1,1085,549,1083,-1,1040,1042,1073,-1,1072,1080,1073,-1,1080,1086,1076,-1,1087,1081,1082,-1,1086,1081,1075,-1,446,1077,1088,-1,1073,1080,1076,-1,1072,1078,1080,-1,1088,1081,1087,-1,1076,1086,1075,-1,1086,1079,1082,-1,1087,1089,1088,-1,1088,1089,446,-1,1077,1081,1088,-1,1080,1079,1086,-1,1078,1085,1079,-1,1084,1090,1087,-1,1086,1082,1081,-1,1084,1087,1082,-1,1090,1091,1089,-1,1091,446,1089,-1,1090,1089,1087,-1,1079,1085,1083,-1,1082,1079,1083,-1,1090,1044,1046,-1,1050,1084,1083,-1,1091,1046,1047,-1,1044,1090,1084,-1,1047,446,1091,-1,1046,1091,1090,-1,1092,1093,1052,-1,1054,1094,1092,-1,1092,1052,1054,-1,550,1094,1054,-1,550,547,1094,-1,1052,1093,1058,-1,1058,1095,1065,-1,1095,1058,1093,-1,1095,545,1065,-1,1065,545,544,-1,1096,1097,702,-1,701,1098,1096,-1,1096,702,701,-1,546,1098,701,-1,546,545,1098,-1,702,1097,703,-1,703,1099,699,-1,1099,703,1097,-1,1099,110,699,-1,699,110,112,-1,1100,845,846,-1,156,1101,846,-1,1100,846,1101,-1,156,146,1101,-1,846,847,156,-1,1102,845,1100,-1,843,845,1102,-1,843,1103,844,-1,1103,843,1102,-1,1103,436,844,-1,844,436,437,-1,1104,1072,1105,-1,1106,1105,1074,-1,1072,1074,1105,-1,435,436,1106,-1,1106,1074,435,-1,1072,1104,1078,-1,1078,1107,1085,-1,1107,1078,1104,-1,1107,548,1085,-1,1085,548,549,-1,1108,110,1099,-1,1109,1110,1111,-1,1095,1093,1112,-1,1113,1114,1115,-1,1098,545,1095,-1,1116,1112,1093,-1,1110,1117,1111,-1,1118,1119,1117,-1,1117,1119,1114,-1,1118,1110,547,-1,1093,1092,1116,-1,1099,1097,1120,-1,1121,1108,1120,-1,110,1113,1122,-1,1115,1122,1113,-1,1110,1109,1094,-1,1115,1114,1119,-1,1114,1123,1124,-1,1124,1111,1117,-1,547,1110,1094,-1,1118,1117,1110,-1,110,1123,1113,-1,1114,1113,1123,-1,1109,1111,1125,-1,1114,1124,1117,-1,1126,1121,1124,-1,1121,1125,1111,-1,1094,1109,1092,-1,1092,1109,1116,-1,1123,110,1126,-1,1124,1123,1126,-1,1120,1127,1125,-1,1124,1121,1111,-1,1120,1125,1121,-1,1112,1116,1127,-1,1116,1125,1127,-1,1109,1125,1116,-1,1126,110,1108,-1,1121,1126,1108,-1,1127,1097,1096,-1,1099,1120,1108,-1,1112,1096,1098,-1,1097,1127,1120,-1,1098,1095,1112,-1,1096,1112,1127,-1,1105,1128,1104,-1,1102,1129,1130,-1,1131,1129,1100,-1,436,1103,1132,-1,1102,1130,1103,-1,1131,1101,146,-1,1131,1100,1101,-1,1102,1100,1129,-1,1133,1132,1130,-1,1133,1134,1132,-1,1135,1107,1104,-1,548,1107,1136,-1,1135,1104,1128,-1,1137,1138,1139,-1,146,1140,1139,-1,1141,1137,1140,-1,1132,1134,1106,-1,1129,1142,1143,-1,1143,1133,1130,-1,436,1132,1106,-1,1103,1130,1132,-1,146,1142,1131,-1,1129,1131,1142,-1,1134,1133,1144,-1,1129,1143,1130,-1,1145,1138,1143,-1,1138,1144,1133,-1,1106,1134,1105,-1,1105,1134,1128,-1,1142,146,1145,-1,1143,1142,1145,-1,1137,1146,1144,-1,1143,1138,1133,-1,1137,1144,1138,-1,1135,1128,1146,-1,1128,1144,1146,-1,1134,1144,1128,-1,1145,146,1139,-1,1138,1145,1139,-1,1146,1141,1147,-1,1140,1137,1139,-1,1135,1147,1136,-1,1141,1146,1137,-1,1136,1107,1135,-1,1147,1135,1146,-1,1147,1141,1119,-1,1118,1136,1147,-1,1147,1119,1118,-1,547,1136,1118,-1,547,548,1136,-1,1119,1141,1115,-1,1115,1140,1122,-1,1140,1115,1141,-1,1140,146,1122,-1,1122,146,110,-1,1148,538,537,-1,1149,855,854,-1,1148,855,1150,-1,1151,853,458,-1,853,1151,1152,-1,457,1151,458,-1,1152,1149,854,-1,853,1152,854,-1,855,1148,537,-1,1149,1150,855,-1,1153,1154,1155,-1,456,726,457,-1,1156,1148,1150,-1,1156,1150,1157,-1,536,538,1156,-1,1148,1156,538,-1,1158,534,1159,-1,1160,1161,1162,-1,1153,722,1160,-1,1163,526,1164,-1,527,1165,1164,-1,1166,1167,516,-1,718,1168,1169,-1,1170,508,1171,-1,1172,1173,690,-1,1174,1175,504,-1,1176,1177,1178,-1,541,1179,1180,-1,1181,1182,1183,-1,1184,502,1185,-1,707,1186,1187,-1,1188,1189,494,-1,1190,704,1191,-1,1192,1193,693,-1,1194,1195,697,-1,483,1196,1197,-1,692,1198,1192,-1,473,1199,1200,-1,1199,484,1197,-1,1201,1202,1203,-1,1202,1204,730,-1,1205,688,687,-1,476,1206,1207,-1,687,462,1208,-1,462,687,460,-1,1209,1205,1208,-1,1210,1211,1212,-1,1213,1203,694,-1,1213,688,1205,-1,1214,1215,1216,-1,1214,1216,1217,-1,466,1218,1219,-1,1218,1215,1220,-1,1206,478,1200,-1,469,1207,1217,-1,1221,1198,1222,-1,729,1204,1222,-1,1223,1196,481,-1,489,1224,1223,-1,488,1225,1224,-1,1194,1193,1226,-1,1227,698,1195,-1,1189,1225,486,-1,1228,1188,496,-1,1191,1227,1229,-1,705,1190,1230,-1,1228,491,1184,-1,1185,501,1231,-1,1230,1232,1186,-1,1187,1233,708,-1,499,1180,1231,-1,507,1234,1179,-1,1235,1181,1233,-1,1236,712,1183,-1,1175,1234,505,-1,1237,1174,511,-1,1238,1178,1236,-1,1239,1177,1240,-1,1237,509,1170,-1,519,1241,1171,-1,1242,1172,1239,-1,1173,1243,1244,-1,1167,1241,514,-1,1245,1166,520,-1,1244,1246,1168,-1,1169,1247,1248,-1,1245,524,1163,-1,1165,532,1249,-1,1248,1250,1161,-1,1251,724,1155,-1,1249,529,1158,-1,1150,1149,1157,-1,1252,725,1251,-1,1152,1151,1252,-1,1157,1149,1253,-1,1151,457,1252,-1,1152,1252,1253,-1,534,536,1159,-1,1216,1215,1218,-1,536,1156,1159,-1,1149,1152,1253,-1,1156,1157,1254,-1,1252,726,725,-1,1253,1251,1255,-1,457,726,1252,-1,1159,1156,1254,-1,529,534,1158,-1,1253,1255,1157,-1,1254,1157,1255,-1,1159,1254,1256,-1,725,724,1251,-1,1155,1154,1255,-1,1253,1252,1251,-1,1158,1159,1256,-1,532,529,1249,-1,1255,1154,1254,-1,1256,1254,1154,-1,1158,1256,1257,-1,724,723,1155,-1,1153,1258,1154,-1,1255,1251,1155,-1,1249,1158,1257,-1,527,532,1165,-1,1154,1258,1256,-1,1257,1256,1258,-1,1249,1257,1259,-1,1155,723,1153,-1,1258,1160,1162,-1,722,1153,723,-1,1165,1249,1259,-1,526,527,1164,-1,1258,1162,1257,-1,1259,1257,1162,-1,1260,1165,1259,-1,1160,722,721,-1,1161,1250,1162,-1,1258,1153,1160,-1,1164,1165,1260,-1,524,526,1163,-1,1162,1250,1259,-1,1260,1259,1250,-1,1164,1260,1261,-1,1160,721,1161,-1,1250,1248,1247,-1,720,1161,721,-1,1163,1164,1261,-1,520,524,1245,-1,1250,1247,1260,-1,1261,1260,1247,-1,1163,1261,1262,-1,719,1248,720,-1,1247,1169,1263,-1,720,1248,1161,-1,1245,1163,1262,-1,516,520,1166,-1,1247,1263,1261,-1,1262,1261,1263,-1,1245,1262,1264,-1,1169,719,718,-1,1263,1168,1246,-1,719,1169,1248,-1,1166,1245,1264,-1,514,516,1167,-1,1263,1246,1262,-1,1264,1262,1246,-1,1265,1166,1264,-1,718,717,1168,-1,1244,1243,1246,-1,1263,1169,1168,-1,1167,1166,1265,-1,519,514,1241,-1,1246,1243,1264,-1,1265,1264,1243,-1,1266,1167,1265,-1,1244,717,691,-1,1243,1173,1267,-1,717,1244,1168,-1,1241,1167,1266,-1,508,519,1171,-1,1243,1267,1265,-1,1266,1265,1267,-1,1268,1241,1266,-1,1244,691,1173,-1,1267,1172,1242,-1,690,1173,691,-1,1171,1241,1268,-1,509,508,1170,-1,1267,1242,1266,-1,1268,1266,1242,-1,1171,1268,1269,-1,1172,690,689,-1,1242,1239,1240,-1,1267,1173,1172,-1,1170,1171,1269,-1,511,509,1237,-1,1242,1240,1268,-1,1269,1268,1240,-1,1270,1170,1269,-1,710,1239,689,-1,1240,1177,1176,-1,689,1239,1172,-1,1237,1170,1270,-1,504,511,1174,-1,1240,1176,1269,-1,1270,1269,1176,-1,1271,1237,1270,-1,1239,710,1177,-1,1176,1178,1238,-1,727,1177,710,-1,1174,1237,1271,-1,505,504,1175,-1,1176,1238,1270,-1,1271,1270,1238,-1,1272,1174,1271,-1,728,1178,727,-1,1238,1236,1273,-1,727,1178,1177,-1,1175,1174,1272,-1,507,505,1234,-1,1238,1273,1271,-1,1272,1271,1273,-1,1274,1175,1272,-1,1178,728,1236,-1,1273,1183,1182,-1,712,1236,728,-1,1234,1175,1274,-1,541,507,1179,-1,1273,1182,1272,-1,1274,1272,1182,-1,1234,1274,1275,-1,1183,712,711,-1,1182,1181,1235,-1,1273,1236,1183,-1,1179,1234,1275,-1,499,541,1180,-1,1182,1235,1274,-1,1275,1274,1235,-1,1276,1179,1275,-1,709,1181,711,-1,1235,1233,1277,-1,711,1181,1183,-1,1180,1179,1276,-1,501,499,1231,-1,1235,1277,1275,-1,1276,1275,1277,-1,1278,1180,1276,-1,1181,709,1233,-1,1187,1279,1277,-1,708,1233,709,-1,1231,1180,1278,-1,502,501,1185,-1,1277,1279,1276,-1,1278,1276,1279,-1,1280,1231,1278,-1,708,707,1187,-1,1186,1232,1279,-1,1277,1233,1187,-1,1185,1231,1280,-1,491,502,1184,-1,1279,1232,1278,-1,1280,1278,1232,-1,1281,1185,1280,-1,707,706,1186,-1,1232,1230,1282,-1,1279,1187,1186,-1,1184,1185,1281,-1,496,491,1228,-1,1232,1282,1280,-1,1281,1280,1282,-1,1283,1184,1281,-1,705,1230,706,-1,1282,1190,1284,-1,706,1230,1186,-1,1228,1184,1283,-1,494,496,1188,-1,1282,1284,1281,-1,1283,1281,1284,-1,1285,1228,1283,-1,705,704,1190,-1,1191,1229,1284,-1,1282,1230,1190,-1,1188,1228,1285,-1,486,494,1189,-1,1284,1229,1283,-1,1285,1283,1229,-1,1286,1188,1285,-1,704,700,1191,-1,1229,1227,1287,-1,1284,1190,1191,-1,1189,1188,1286,-1,488,486,1225,-1,1229,1287,1285,-1,1286,1285,1287,-1,1288,1189,1286,-1,698,1227,700,-1,1287,1195,1289,-1,700,1227,1191,-1,1225,1189,1288,-1,489,488,1224,-1,1287,1289,1286,-1,1288,1286,1289,-1,1290,1225,1288,-1,698,697,1195,-1,1194,1226,1289,-1,1287,1227,1195,-1,1224,1225,1290,-1,481,489,1223,-1,1289,1226,1288,-1,1290,1288,1226,-1,1291,1224,1290,-1,697,695,1194,-1,1226,1193,1292,-1,1289,1195,1194,-1,1223,1224,1291,-1,483,481,1196,-1,1226,1292,1290,-1,1291,1290,1292,-1,1293,1223,1291,-1,693,1193,695,-1,1292,1192,1294,-1,695,1193,1194,-1,1196,1223,1293,-1,484,483,1197,-1,1292,1294,1291,-1,1293,1291,1294,-1,1196,1293,1295,-1,693,692,1192,-1,1198,1221,1294,-1,1292,1193,1192,-1,1197,1196,1295,-1,473,484,1199,-1,1294,1221,1293,-1,1295,1293,1221,-1,1296,1197,1295,-1,692,696,1198,-1,1221,1222,1297,-1,1294,1192,1198,-1,1199,1197,1296,-1,478,473,1200,-1,1221,1297,1295,-1,1296,1295,1297,-1,1298,1199,1296,-1,1222,1198,696,-1,1297,1204,1299,-1,729,1222,696,-1,1200,1199,1298,-1,476,478,1206,-1,1297,1299,1296,-1,1298,1296,1299,-1,1200,1298,1300,-1,1204,729,730,-1,1202,1201,1299,-1,1297,1222,1204,-1,1206,1200,1300,-1,469,476,1207,-1,1299,1201,1298,-1,1300,1298,1201,-1,1212,1206,1300,-1,730,731,1202,-1,1201,1203,1210,-1,1299,1204,1202,-1,1207,1206,1212,-1,542,469,1217,-1,1201,1210,1300,-1,1212,1300,1210,-1,1212,1301,1207,-1,1203,1202,731,-1,1210,1213,1211,-1,694,1203,731,-1,1217,1207,1301,-1,1216,472,542,-1,1209,1301,1211,-1,1301,1212,1211,-1,1214,1301,1209,-1,1213,694,688,-1,1205,1209,1211,-1,1210,1203,1213,-1,542,1217,1216,-1,472,1218,466,-1,1209,1302,1214,-1,1217,1301,1214,-1,1214,1302,1215,-1,1302,1208,1303,-1,1302,1209,1208,-1,1211,1213,1205,-1,472,1216,1218,-1,1219,1218,1220,-1,1220,1215,1304,-1,1304,1302,1303,-1,1304,1215,1302,-1,1303,1208,1305,-1,462,1305,1208,-1,687,1208,1205,-1,850,1304,1303,-1,464,1219,849,-1,462,461,1305,-1,461,848,1305,-1,1303,1305,848,-1,1303,848,850,-1,849,1220,1304,-1,849,1304,850,-1,464,466,1219,-1,1220,849,1219,-1,1306,838,828,-1,1306,1307,1308,-1,838,1306,1308,-1,1307,1309,1310,-1,1309,1307,1306,-1,1309,1311,1310,-1,1312,1310,1311,-1,1312,1313,1314,-1,1313,1312,1311,-1,1314,1315,451,-1,1313,1315,1314,-1,1314,451,453,-1,1316,828,833,-1,1316,1309,1306,-1,828,1316,1306,-1,1309,1317,1311,-1,1317,1309,1316,-1,1317,1318,1311,-1,1313,1311,1318,-1,1313,1319,1315,-1,1319,1313,1318,-1,1315,1320,454,-1,1319,1320,1315,-1,1315,454,451,-1,1321,1322,1312,-1,1321,1312,1314,-1,1310,1312,1322,-1,452,1321,453,-1,1314,453,1321,-1,1323,1310,1322,-1,1307,1310,1323,-1,1307,1324,1308,-1,1324,1307,1323,-1,1308,1325,834,-1,1324,1325,1308,-1,1308,834,838,-1,1325,833,834,-1,1325,1317,1316,-1,833,1325,1316,-1,1317,1324,1318,-1,1324,1317,1325,-1,1324,1323,1318,-1,1319,1318,1323,-1,1319,1322,1320,-1,1322,1319,1323,-1,1320,1321,452,-1,1322,1321,1320,-1,1320,452,454,-1,1326,1327,1328,-1,1326,1328,1329,-1,1330,1328,1327,-1,449,1326,447,-1,1329,447,1326,-1,1331,1330,1327,-1,1332,1330,1331,-1,1332,1333,1334,-1,1333,1332,1331,-1,1334,1335,820,-1,1333,1335,1334,-1,1334,820,819,-1,1336,1337,1327,-1,1336,1327,1326,-1,1331,1327,1337,-1,448,1336,449,-1,1326,449,1336,-1,1338,1331,1337,-1,1333,1331,1338,-1,1333,1339,1335,-1,1339,1333,1338,-1,1335,1340,839,-1,1339,1340,1335,-1,1335,839,820,-1,1341,819,821,-1,1341,1332,1334,-1,819,1341,1334,-1,1332,1342,1330,-1,1342,1332,1341,-1,1342,1343,1330,-1,1328,1330,1343,-1,1328,1344,1329,-1,1344,1328,1343,-1,1329,1345,450,-1,1344,1345,1329,-1,1329,450,447,-1,1345,1344,1337,-1,1345,1337,1336,-1,1338,1337,1344,-1,450,1345,448,-1,1336,448,1345,-1,1343,1338,1344,-1,1339,1338,1343,-1,1339,1342,1340,-1,1342,1339,1343,-1,1340,1341,821,-1,1342,1341,1340,-1,1340,821,839,-1,1346,1347,1348,-1,1349,1346,1350,-1,1346,1349,1347,-1,1351,1347,1352,-1,1353,1354,1355,-1,1356,1357,1358,-1,1359,1360,1353,-1,1360,1361,1362,-1,1361,1360,1359,-1,1359,1353,1355,-1,1354,1356,1355,-1,1358,1357,1351,-1,1356,1354,1357,-1,1347,1349,1352,-1,1358,1351,1352,-1,1363,1364,1365,-1,1366,1367,1368,-1,1369,1363,1365,-1,1370,1371,1372,-1,1370,1372,1369,-1,1363,1369,1372,-1,1364,1366,1365,-1,1368,1367,1373,-1,1366,1364,1367,-1,1374,1375,1376,-1,1377,1375,1374,-1,1377,1378,1379,-1,1379,1375,1377,-1,1379,1380,1381,-1,1382,1381,1380,-1,1379,1378,1380,-1,1383,1380,1378,-1,1384,1385,1383,-1,1380,1383,1385,-1,1385,1386,1387,-1,1386,1385,1384,-1,1386,1388,1387,-1,1389,1387,1388,-1,1390,1391,1392,-1,1393,1390,1394,-1,1390,1393,1391,-1,1395,1391,1396,-1,1397,1398,1399,-1,1400,1401,1402,-1,1403,1404,1397,-1,1404,1405,1406,-1,1405,1404,1403,-1,1403,1397,1399,-1,1398,1400,1399,-1,1402,1401,1395,-1,1400,1398,1401,-1,1391,1393,1396,-1,1402,1395,1396,-1,1407,1408,1409,-1,1410,1411,1412,-1,1407,1413,1408,-1,1414,1415,1416,-1,1414,1416,1409,-1,1407,1409,1416,-1,1410,1408,1413,-1,1412,1411,1417,-1,1410,1413,1411,-1,1418,1419,1420,-1,1421,1422,1423,-1,1421,1423,1424,-1,1423,1422,1425,-1,1426,1427,1428,-1,1420,1428,1418,-1,1427,1418,1428,-1,1419,1429,1420,-1,1422,1429,1425,-1,1429,1419,1425,-1,
        ]
    }
}