#VRML V2.0 utf8
# 3D model generated by easyeda2kicad.py (https://github.com/uPesy/easyeda2kicad.py)

Shape{
    appearance Appearance {
        material  Material 	{
            diffuseColor 0.7529411764705882 0.7529411764705882 0.7529411764705882
            specularColor 0.3764705882352941 0.3764705882352941 0.3764705882352941
            ambientIntensity 0.7529
            transparency 0.0
            shininess 0.5
        }
    }
    geometry IndexedFaceSet {
        ccw TRUE
        solid FALSE
        coord DEF co Coordinate {
            point [
                3.3465 4.5147 0.5882, 3.3465 4.5147 0.4936, 3.3465 4.5572 0.4936, 3.3465 4.854 0.312, 3.3465 4.8303 0.312, 3.3465 4.8303 0.3111, 3.3465 4.6076 0.313, 3.3465 4.6026 0.3111, 3.3465 4.619 0.312, 3.3465 4.5599 4.9556, 3.3465 4.5599 1.0991, 3.3465 4.6369 1.0991, 3.3465 4.6415 0.4858, 3.3465 4.6369 0.4842, 3.3465 4.6369 0.4492, 3.3465 4.6766 0.5759, 3.3465 4.6766 0.5417, 3.3465 4.7055 0.5417, 3.3465 4.2915 0.5812, 3.3465 4.2973 0.5773, 3.3465 4.4572 0.5891, 3.3465 4.3222 0.5486, 3.3465 4.3383 0.5174, 3.3465 4.3449 0.515, 3.3465 4.3672 0.5032, 3.3465 4.2799 0.5891, 3.3465 4.2915 0.5891, 3.3465 4.2635 0.6001, 3.3465 4.2915 1.0991, 3.3465 4.1565 0.6122, 3.3465 4.1941 0.6168, 3.3465 4.2254 0.6135, 3.3465 4.1215 0.5986, 3.3465 3.6417 1.0991, 3.3465 4.106 0.5891, 3.3465 3.6417 0.5891, 3.3465 4.103 0.5872, 3.3465 3.9465 0.4953, 3.3465 3.9649 0.5189, 3.3465 4.0221 0.5516, 3.3465 4.0522 0.5553, 3.3465 4.0852 0.5719, 3.3465 4.0609 0.5548, 3.3465 4.0696 0.5538, 3.3465 3.9699 0.5237, 3.3465 3.994 0.5407, 3.3465 3.9847 0.3295, 3.3465 3.9611 0.3496, 3.3465 3.6417 0.3111, 3.3465 4.0121 0.3161, 3.3465 3.9439 0.3742, 3.3465 3.9329 0.4024, 3.3465 3.6417 0.4492, 3.3465 3.9292 0.4324, 3.3465 3.9294 0.4394, 3.3465 3.9311 0.4492, 3.3465 3.9344 0.468, 3.3465 4.0218 0.3132, 3.3465 4.0228 0.3111, 3.3465 4.0297 0.2964, 3.3465 3.6417 0.2688, 3.3465 4.0411 0.2826, 3.3465 4.056 0.2715, 3.3465 4.1253 0.2688, 3.3465 4.1125 0.2639, 3.3465 4.2915 0.1772, 3.3465 4.0939 0.2616, 3.3465 4.0916 0.2616, 3.3465 3.6417 0.1772, 3.3465 4.0736 0.2643, 3.3465 4.0625 0.2688, 3.3465 4.2915 0.2688, 3.3465 4.1647 0.3101, 3.3465 4.1555 0.2933, 3.3465 4.1445 0.281, 3.3465 4.1294 0.2705, 3.3465 4.2497 0.3382, 3.3465 4.2512 0.344, 3.3465 4.1698 0.3451, 3.3465 4.137 0.4008, 3.3465 4.1508 0.3883, 3.3465 4.2525 0.4415, 3.3465 3.9789 0.4492, 3.3465 4.2915 0.4492, 3.3465 4.2761 0.4012, 3.3465 4.2495 0.3352, 3.3465 4.2672 0.358, 3.3465 4.273 0.3587, 3.3465 4.2738 0.3587, 3.3465 4.2761 0.3582, 3.3465 4.2672 0.3124, 3.3465 4.1649 0.3111, 3.3465 4.2715 0.3117, 3.3465 4.2915 0.3111, 3.3465 4.2622 0.3143, 3.3465 4.2573 0.3178, 3.3465 4.2555 0.3196, 3.3465 4.2522 0.3244, 3.3465 4.2502 0.3295, 3.3465 4.1693 0.3288, 3.3465 4.1698 0.3375, 3.3465 4.2541 0.3492, 3.3465 4.2573 0.3526, 3.3465 4.262 0.3559, 3.3465 4.0754 0.4118, 3.3465 4.0939 0.4141, 3.3465 4.1024 0.4137, 3.3465 4.1208 0.4093, 3.3465 4.0307 0.3801, 3.3465 3.9779 0.4223, 3.3465 3.9833 0.4037, 3.3465 3.9924 0.3882, 3.3465 4.006 0.3742, 3.3465 4.0226 0.364, 3.3465 3.977 0.4339, 3.3465 4.0432 0.3945, 3.3465 4.0587 0.4053, 3.3465 4.1028 0.5193, 3.3465 4.0931 0.4984, 3.3465 4.2902 0.5126, 3.3465 4.275 0.5348, 3.3465 4.263 0.5465, 3.3465 4.2413 0.5605, 3.3465 4.2173 0.5689, 3.3465 4.1949 0.5713, 3.3465 4.1895 0.5711, 3.3465 4.1643 0.5669, 3.3465 4.0875 0.5015, 3.3465 4.0704 0.5076, 3.3465 4.1398 0.5563, 3.3465 4.1191 0.5401, 3.3465 4.0255 0.5046, 3.3465 4.0087 0.4955, 3.3465 4.0442 0.5093, 3.3465 3.9965 0.4845, 3.3465 3.9859 0.4694, 3.3465 4.0529 0.5098, 3.3465 3.9793 0.4525, 3.3465 4.3011 0.4764, 3.3465 4.2993 0.4871, 3.3465 4.2915 0.5088, 3.3465 4.3543 0.453, 3.3465 4.3471 0.4609, 3.3465 4.3354 0.4692, 3.3465 4.3222 0.4745, 3.3465 4.3072 0.4764, 3.3465 4.359 0.3883, 3.3465 4.3644 0.4018, 3.3465 4.3664 0.4172, 3.3465 4.3658 0.4258, 3.3465 4.3617 0.4402, 3.3465 4.3565 0.4492, 3.3465 4.3263 0.3609, 3.3465 4.3396 0.3673, 3.3465 4.3507 0.3768, 3.3465 4.2776 0.358, 3.3465 4.2915 0.358, 3.3465 4.3118 0.358, 3.3465 4.3872 0.4852, 3.3465 4.4021 0.4632, 3.3465 4.4572 0.4492, 3.3465 4.4073 0.4492, 3.3465 4.4107 0.4399, 3.3465 4.3619 0.3266, 3.3465 4.3385 0.316, 3.3465 4.4572 0.3111, 3.3465 4.3163 0.3117, 3.3465 4.2915 0.3117, 3.3465 4.3988 0.3639, 3.3465 4.3854 0.3458, 3.3465 4.3821 0.3424, 3.3465 4.4135 0.4179, 3.3465 4.4133 0.4124, 3.3465 4.4091 0.3876, 3.3465 4.5578 0.3111, 3.3465 4.5009 0.312, 3.3465 4.5578 0.312, 3.3465 4.5009 0.4188, 3.3465 4.5578 0.4492, 3.3465 4.5559 0.4188, 3.3465 4.5559 0.4065, 3.3465 4.5147 0.4065, 3.3465 4.5147 0.3724, 3.3465 4.5147 0.3601, 3.3465 4.5147 0.3242, 3.3465 4.5529 0.3601, 3.3465 4.5578 0.3242, 3.3465 4.5529 0.3724, 3.3465 4.5583 0.312, 3.3465 4.5599 0.3111, 3.3465 4.5583 0.3242, 3.3465 4.8641 0.5622, 3.3465 4.874 0.5882, 3.3465 4.8641 0.5891, 3.3465 4.8887 0.5882, 3.3465 4.9032 0.5106, 3.3465 4.8641 0.5106, 3.3465 4.9141 0.4814, 3.3465 4.8641 0.4492, 3.3465 4.9294 0.4814, 3.3465 4.964 0.4492, 3.3465 4.964 0.5891, 3.3465 4.8333 0.4814, 3.3465 4.8303 0.4492, 3.3465 4.8485 0.4814, 3.3465 4.8588 0.5106, 3.3465 4.6766 0.4936, 3.3465 4.7055 0.4936, 3.3465 4.6766 0.5295, 3.3465 4.7055 0.5295, 3.3465 4.7055 0.5891, 3.3465 4.7055 0.5882, 3.3465 4.7179 0.5882, 3.3465 4.7203 0.4814, 3.3465 4.7405 0.4814, 3.3465 4.7203 0.4936, 3.3465 4.7405 0.5882, 3.3465 4.7179 0.5759, 3.3465 4.7894 0.4492, 3.3465 4.7864 0.4832, 3.3465 4.7698 0.4814, 3.3465 4.7894 0.5891, 3.3465 4.7709 0.5882, 3.3465 4.7148 0.5295, 3.3465 4.7148 0.5417, 3.3465 4.7055 0.5759, 3.3465 4.7055 0.4492, 3.3465 4.7055 0.4814, 3.3465 4.6567 0.4492, 3.3465 4.6629 0.4814, 3.3465 4.6629 0.5882, 3.3465 4.6567 0.5891, 3.3465 4.5775 0.5469, 3.3465 4.6369 0.497, 3.3465 4.5808 0.5564, 3.3465 4.5858 0.564, 3.3465 4.576 0.5336, 3.3465 4.576 0.5326, 3.3465 4.6306 0.4942, 3.3465 4.6184 0.492, 3.3465 4.6289 0.5761, 3.3465 4.6163 0.5775, 3.3465 4.6116 0.5773, 3.3465 4.6024 0.5754, 3.3465 4.5941 0.5714, 3.3465 4.5872 0.5657, 3.3465 4.5777 0.5195, 3.3465 4.5811 0.5108, 3.3465 4.5865 0.5031, 3.3465 4.5962 0.4958, 3.3465 4.604 0.493, 3.3465 4.6139 0.4919, 3.3465 4.5891 0.5006, 3.3465 4.6272 0.5891, 3.3465 4.631 0.5887, 3.3465 4.6369 0.5891, 3.3465 4.6369 0.587, 3.3465 4.646 0.5891, 3.3465 4.6415 0.5856, 3.3465 4.6415 0.5712, 3.3465 4.5933 0.4825, 3.3465 4.5833 0.4874, 3.3465 4.5599 0.4492, 3.3465 4.5906 0.5843, 3.3465 4.6019 0.5884, 3.3465 4.5599 0.5891, 3.3465 4.6081 0.5891, 3.3465 4.6162 0.59, 3.3465 4.6172 0.59, 3.3465 4.5644 0.5529, 3.3465 4.5696 0.5647, 3.3465 4.577 0.5742, 3.3465 4.5801 0.5772, 3.3465 4.5753 0.4942, 3.3465 4.5735 0.4961, 3.3465 4.5674 0.5054, 3.3465 4.6295 0.4814, 3.3465 4.6119 0.4796, 3.3465 4.6048 0.48, 3.3465 4.5633 0.5169, 3.3465 4.5616 0.5328, 3.3465 4.5618 0.5391, 3.3465 3.8539 1.5814, 3.3465 3.8539 2.0698, 3.3465 4.1696 1.5814, 3.3465 4.1696 2.0698, 3.3465 4.2915 4.8006, 3.3465 3.6417 4.4254, 3.3465 4.6369 5.0, 3.3465 4.646 1.0991, 3.3465 4.646 5.0052, 3.3465 4.6567 1.0991, 3.3465 4.6567 5.0114, 3.3465 4.7055 1.0991, 3.3465 4.7055 5.0396, 3.3465 4.7894 1.0991, 3.3465 4.7894 5.088, 3.3465 4.8303 1.0991, 3.3465 4.8303 5.1117, 3.3465 4.8641 1.0991, 3.3465 4.8641 5.1311, 3.3465 4.964 1.0991, 3.3465 4.964 5.1889, 3.3465 5.1398 1.0991, 3.3465 5.1398 5.2903, 3.3465 5.2165 1.0991, 3.3465 5.2165 5.3346, 3.3465 4.8242 0.5162, 3.3465 4.8188 0.5052, 3.3465 4.8113 0.574, 3.3465 4.8157 0.5696, 3.3465 4.8303 0.5891, 3.3465 4.827 0.5286, 3.3465 4.7879 0.5862, 3.3465 4.7894 0.5856, 3.3465 4.8007 0.5813, 3.3465 4.7989 0.4877, 3.3465 4.7894 0.4843, 3.3465 4.8113 0.4964, 3.3465 4.8094 0.4947, 3.3465 4.8221 0.5601, 3.3465 4.8259 0.5497, 3.3465 4.8274 0.5361, 3.3465 4.5875 0.3111, 3.3465 4.5873 0.3112, 3.3465 4.5786 0.3829, 3.3465 4.5786 0.3699, 3.3465 4.6123 0.3161, 3.3465 4.5822 0.3131, 3.3465 4.5777 0.3162, 3.3465 4.5762 0.3178, 3.3465 4.613 0.3893, 3.3465 4.6186 0.3875, 3.3465 4.6231 0.385, 3.3465 4.6266 0.3815, 3.3465 4.6293 0.3772, 3.3465 4.5734 0.3219, 3.3465 4.5718 0.3264, 3.3465 4.5711 0.3325, 3.3465 4.619 0.3238, 3.3465 4.6187 0.3238, 3.3465 4.6166 0.3207, 3.3465 4.5712 0.3344, 3.3465 4.5721 0.3401, 3.3465 4.574 0.3448, 3.3465 4.5767 0.3486, 3.3465 4.5808 0.3521, 3.3465 4.5867 0.355, 3.3465 4.5871 0.3754, 3.3465 4.5964 0.3573, 3.3465 4.6081 0.3787, 3.3465 4.6036 0.3792, 3.3465 4.5955 0.3783, 3.3465 4.5822 0.385, 3.3465 4.5923 0.3886, 3.3465 4.6048 0.39, 3.3465 4.6324 0.312, 3.3465 4.6369 0.3111, 3.3465 4.6324 0.3611, 3.3465 4.6314 0.371, 3.3465 4.619 0.3605, 3.3465 4.6185 0.3664, 3.3465 4.6172 0.3712, 3.3465 4.6156 0.3739, 3.3465 4.6136 0.3761, 3.3465 4.6112 0.3776, 3.3465 4.6369 0.2688, 3.3465 4.6022 0.311, 3.3465 4.5599 0.2688, 3.3465 4.5953 0.3102, 3.3465 4.6567 0.3126, 3.3465 4.6505 0.3147, 3.3465 4.646 0.3111, 3.3465 4.6505 0.3285, 3.3465 4.646 0.4492, 3.3465 4.6557 0.3253, 3.3465 4.6567 0.3249, 3.3465 4.6567 0.3533, 3.3465 4.6544 0.3556, 3.3465 4.6526 0.3584, 3.3465 4.6512 0.3625, 3.3465 4.6506 0.3677, 3.3465 4.6511 0.3725, 3.3465 4.6566 0.3534, 3.3465 4.6798 0.3111, 3.3465 4.6712 0.3102, 3.3465 4.6567 0.2688, 3.3465 4.6624 0.3111, 3.3465 4.6567 0.3111, 3.3465 4.6601 0.3114, 3.3465 4.6983 0.3867, 3.3465 4.6983 0.3737, 3.3465 4.7055 0.3111, 3.3465 4.7014 0.3274, 3.3465 4.6997 0.3232, 3.3465 4.6592 0.384, 3.3465 4.6631 0.3863, 3.3465 4.6527 0.3768, 3.3465 4.6552 0.3804, 3.3465 4.6567 0.3818, 3.3465 4.6705 0.389, 3.3465 4.6803 0.39, 3.3465 4.6876 0.3895, 3.3465 4.6975 0.3454, 3.3465 4.7 0.3417, 3.3465 4.7014 0.3378, 3.3465 4.702 0.3328, 3.3465 4.6972 0.3196, 3.3465 4.6934 0.3163, 3.3465 4.6894 0.3139, 3.3465 4.679 0.3792, 3.3465 4.675 0.3789, 3.3465 4.6644 0.3689, 3.3465 4.6714 0.3779, 3.3465 4.6684 0.3763, 3.3465 4.6645 0.3671, 3.3465 4.665 0.3651, 3.3465 4.666 0.3633, 3.3465 4.6673 0.3618, 3.3465 4.672 0.3589, 3.3465 4.6877 0.3782, 3.3465 4.6803 0.3553, 3.3465 4.6953 0.3754, 3.3465 4.6855 0.3532, 3.3465 4.6943 0.3482, 3.3465 4.6664 0.3746, 3.3465 4.6653 0.3729, 3.3465 4.6646 0.371, 3.3465 4.6641 0.3221, 3.3465 4.6708 0.3456, 3.3465 4.6629 0.3492, 3.3465 4.6725 0.3212, 3.3465 4.6731 0.3212, 3.3465 4.6796 0.3419, 3.3465 4.6799 0.3219, 3.3465 4.6883 0.3315, 3.3465 4.6881 0.3331, 3.3465 4.6834 0.3232, 3.3465 4.6846 0.3239, 3.3465 4.6861 0.3253, 3.3465 4.6873 0.327, 3.3465 4.688 0.3289, 3.3465 4.6875 0.3352, 3.3465 4.6865 0.337, 3.3465 4.6848 0.3387, 3.3465 4.7683 0.3883, 3.3465 4.7822 0.3883, 3.3465 4.7389 0.3122, 3.3465 4.709 0.3883, 3.3465 4.7239 0.3883, 3.3465 4.7438 0.331, 3.3465 4.7475 0.3309, 3.3465 4.7455 0.3247, 3.3465 4.7458 0.3247, 3.3465 4.7464 0.3273, 3.3465 4.7117 0.2891, 3.3465 4.7055 0.2688, 3.3465 4.7304 0.2935, 3.3465 4.733 0.2983, 3.3465 4.7384 0.3111, 3.3465 4.7257 0.2767, 3.3465 4.7203 0.2761, 3.3465 4.7174 0.2762, 3.3465 4.7117 0.2772, 3.3465 4.7894 0.3111, 3.3465 4.7517 0.3111, 3.3465 4.7894 0.2688, 3.3465 4.7475 0.3005, 3.3465 4.7415 0.2887, 3.3465 4.7366 0.2829, 3.3465 4.7357 0.282, 3.3465 4.731 0.2788, 3.3465 4.7145 0.2882, 3.3465 4.7193 0.2876, 3.3465 4.7225 0.2879, 3.3465 4.7254 0.289, 3.3465 4.7279 0.2907, 3.3465 4.8103 0.3242, 3.3465 4.8303 0.3242, 3.3465 4.8103 0.3601, 3.3465 4.8303 0.3601, 3.3465 4.8516 0.4188, 3.3465 4.8516 0.4065, 3.3465 4.8485 0.3601, 3.3465 4.854 0.3242, 3.3465 4.8485 0.3724, 3.3465 4.8303 0.4065, 3.3465 4.8303 0.3724, 3.3465 4.8103 0.4065, 3.3465 4.8103 0.3724, 3.3465 4.7966 0.312, 3.3465 4.7966 0.4188, 3.3465 4.8303 0.4188, 3.3465 4.4572 0.1772, 3.3465 4.4572 0.2688, 3.3465 4.5578 0.1772, 3.3465 4.5578 0.2688, 3.3465 4.5599 0.1772, 3.3465 4.6369 0.1772, 3.3465 4.6567 0.1772, 3.3465 4.7055 0.1772, 3.3465 4.6821 0.3114, 3.3465 4.7894 0.1772, 3.3465 4.646 0.1772, 3.3465 4.646 0.2688, 3.3465 4.8303 0.1772, 3.3465 4.8303 0.2688, 3.3465 4.8641 0.1772, 3.3465 4.8641 0.2688, 3.3465 4.8641 0.3111, 3.3465 4.964 0.1772, 3.3465 5.1398 0.1772, 3.3465 4.964 0.2688, 3.3465 5.1398 0.2688, 3.3465 4.964 0.3111, 3.3465 5.1398 0.3111, 3.3465 4.6415 0.499, 3.3465 4.9579 0.3468, 3.3465 4.9525 0.3359, 3.3465 4.9035 0.312, 3.3465 4.8741 0.312, 3.3465 4.9326 0.3184, 3.3465 4.9201 0.3139, 3.3465 4.9558 0.3907, 3.3465 4.9596 0.3803, 3.3465 4.9611 0.3668, 3.3465 4.9607 0.3592, 3.3465 4.945 0.327, 3.3465 4.943 0.3253, 3.3465 4.8741 0.4188, 3.3465 4.9046 0.4188, 3.3465 4.9216 0.4168, 3.3465 4.9344 0.412, 3.3465 4.945 0.4047, 3.3465 4.9494 0.4002, 3.3465 5.0631 0.312, 3.3465 5.0224 0.4188, 3.3465 5.1398 0.4492, 3.3465 5.0369 0.3412, 3.3465 4.9925 0.3412, 3.3465 5.0478 0.312, 3.3465 4.9822 0.312, 3.3465 4.967 0.312, 3.3465 5.0077 0.4188, 3.3465 4.5009 0.5882, 3.3465 4.5578 0.5891, 3.3465 4.5572 0.4814, 3.3465 4.5009 0.4814, 3.3465 4.6398 0.5721, 3.3465 4.6369 0.5731, 3.3465 5.1398 0.5891, 3.3465 5.2165 0.1772, 3.3465 5.2165 0.2688, 3.3465 5.2165 0.3111, 3.3465 5.2165 0.4492, 3.3465 5.2165 0.5891, 3.3465 4.4572 1.0991, 3.3465 4.4572 4.8962, 3.3465 4.5578 1.0991, 3.3465 4.5578 4.9543, 3.2284 5.2165 0.1772, 3.2284 4.1696 1.5814, 3.2284 4.1696 2.0698, 3.2284 3.8539 1.5814, 3.2284 3.6417 0.1772, 3.2284 3.8539 2.0698, 3.2284 3.6417 4.4254, 3.2284 5.2165 5.3346, 3.3465 -2.6562 5.374, 3.3465 -0.0711 5.0237, 3.3465 0.3081 5.0237, 3.3465 -0.0711 4.7426, 3.3465 -1.034 4.4374, 3.3465 0.3081 4.7426, 3.3465 3.555 4.4374, 3.3465 5.1772 5.374, 3.2284 -1.034 4.4374, 3.2284 -0.0711 4.7426, 3.2284 0.3081 4.7426, 3.2284 -0.0711 5.0237, 3.2284 -2.6562 5.374, 3.2284 0.3081 5.0237, 3.2284 5.1772 5.374, 3.2284 3.555 4.4374, 2.7559 -7.6653 3.7598, 2.7559 -7.5472 3.7598, 2.7559 -7.6653 2.7942, 2.7559 -7.5472 2.7942, -2.7559 -7.6653 1.1339, -2.7559 -7.5472 1.1339, -2.7559 -7.6653 2.1892, -2.7559 -7.5472 2.1892, -3.1889 -4.4173 0.1496, -3.1161 -4.4173 0.1496, -3.1161 -4.4173 -0.9646, -3.2283 -4.4173 0.1496, -3.2283 -4.4173 1.4016, -3.1889 -4.4173 1.4016, -3.2342 -4.4173 -0.0472, -3.2356 -4.4173 -0.0371, -3.2395 -4.4173 -0.0276, -3.2458 -4.4173 -0.0194, -3.2539 -4.4173 -0.0131, -3.2342 -4.4173 -0.9646, -3.2634 -4.4173 -0.0092, -3.2736 -4.4173 -0.0079, -3.3464 -4.4173 0.1496, -3.3071 -4.4173 -0.0079, -3.3464 -4.4173 0.0315, -3.3172 -4.4173 -0.0065, -3.3267 -4.4173 -0.0026, -3.3349 -4.4173 0.0037, -3.3412 -4.4173 0.0118, -3.3451 -4.4173 0.0213, -3.1161 -4.811 -0.9646, -3.1161 -4.811 0.1496, -3.1889 -4.811 0.1496, -3.2736 -4.811 -0.0079, -3.2634 -4.811 -0.0092, -3.2283 -4.811 0.1496, -3.2539 -4.811 -0.0131, -3.2356 -4.811 -0.0371, -3.2342 -4.811 -0.0472, -3.2458 -4.811 -0.0194, -3.2395 -4.811 -0.0276, -3.1889 -4.811 1.4016, -3.2283 -4.811 1.4016, -3.2342 -4.811 -0.9646, -3.3071 -4.811 -0.0079, -3.3464 -4.811 0.1496, -3.3464 -4.811 0.0315, -3.3412 -4.811 0.0118, -3.3349 -4.811 0.0037, -3.3267 -4.811 -0.0026, -3.3451 -4.811 0.0213, -3.3172 -4.811 -0.0065, -3.1161 -4.5551 -1.1024, -3.1161 -4.6732 -1.1024, -3.2342 -4.5551 -1.1024, -3.2342 -4.6732 -1.1024, -3.2342 -4.5244 -1.0989, -3.1161 -4.5244 -1.0989, -3.2342 -4.4953 -1.0887, -3.1161 -4.4953 -1.0887, -3.2342 -4.4692 -1.0723, -3.1161 -4.4692 -1.0723, -3.2342 -4.4474 -1.0505, -3.1161 -4.4474 -1.0505, -3.2342 -4.431 -1.0244, -3.1161 -4.431 -1.0244, -3.2342 -4.4208 -0.9952, -3.1161 -4.4208 -0.9952, -3.2342 -4.8063 -1.0002, -3.1161 -4.8063 -1.0002, -3.2342 -4.7925 -1.0335, -3.1161 -4.7925 -1.0335, -3.2342 -4.7707 -1.062, -3.1161 -4.7707 -1.062, -3.2342 -4.7421 -1.0839, -3.1161 -4.7421 -1.0839, -3.2342 -4.7089 -1.0977, -3.1161 -4.7089 -1.0977
            ]
        }
        coordIndex [
            0,1,2,-1,3,4,5,-1,6,7,8,-1,9,10,11,-1,12,13,14,-1,15,16,17,-1,18,19,20,-1,20,19,21,-1,21,22,20,-1,20,22,23,-1,20,23,24,-1,25,26,27,-1,27,26,28,-1,29,30,28,-1,28,30,31,-1,28,31,27,-1,29,28,32,-1,32,28,33,-1,32,33,34,-1,34,33,35,-1,34,35,36,-1,35,37,38,-1,35,39,36,-1,36,39,40,-1,36,40,41,-1,41,40,42,-1,41,42,43,-1,38,44,35,-1,35,44,45,-1,35,45,39,-1,46,47,48,-1,46,48,49,-1,47,50,48,-1,48,50,51,-1,48,51,52,-1,52,51,53,-1,53,54,52,-1,52,54,55,-1,52,55,35,-1,35,55,56,-1,35,56,37,-1,57,49,58,-1,58,49,48,-1,58,48,59,-1,59,48,60,-1,59,60,61,-1,61,60,62,-1,63,64,65,-1,64,66,65,-1,65,66,67,-1,65,67,68,-1,68,67,69,-1,68,69,60,-1,60,69,70,-1,60,70,62,-1,71,72,73,-1,73,74,71,-1,71,74,75,-1,71,75,63,-1,76,77,78,-1,79,80,81,-1,82,81,83,-1,83,81,84,-1,76,78,85,-1,86,87,84,-1,84,87,88,-1,84,88,89,-1,90,91,92,-1,92,91,93,-1,90,94,91,-1,91,94,95,-1,91,95,96,-1,96,97,91,-1,91,97,98,-1,91,98,99,-1,99,98,85,-1,99,85,100,-1,100,85,78,-1,77,101,78,-1,78,101,102,-1,78,102,84,-1,84,102,103,-1,84,103,86,-1,104,105,82,-1,82,105,106,-1,82,106,81,-1,81,106,107,-1,81,107,79,-1,108,109,110,-1,110,111,108,-1,108,111,112,-1,108,112,113,-1,109,108,114,-1,114,108,115,-1,114,115,82,-1,82,115,116,-1,82,116,104,-1,117,118,83,-1,119,120,83,-1,120,121,83,-1,83,121,122,-1,83,122,123,-1,123,124,83,-1,83,124,125,-1,83,125,126,-1,83,118,82,-1,82,118,127,-1,82,127,128,-1,126,129,83,-1,83,129,130,-1,83,130,117,-1,131,132,133,-1,133,132,134,-1,133,134,135,-1,128,136,82,-1,82,136,133,-1,82,133,137,-1,137,133,135,-1,138,139,83,-1,83,139,140,-1,83,140,119,-1,141,142,83,-1,83,142,143,-1,143,144,83,-1,83,144,145,-1,83,145,138,-1,146,147,83,-1,83,147,148,-1,83,148,149,-1,149,150,83,-1,83,150,151,-1,83,151,141,-1,152,153,83,-1,83,153,154,-1,83,154,146,-1,89,155,84,-1,84,155,156,-1,84,156,83,-1,83,156,157,-1,83,157,152,-1,24,158,20,-1,20,158,159,-1,20,159,160,-1,160,159,161,-1,160,161,162,-1,163,164,165,-1,165,164,166,-1,165,166,93,-1,93,166,167,-1,93,167,92,-1,168,169,165,-1,165,169,170,-1,165,170,163,-1,162,171,160,-1,160,171,172,-1,160,172,165,-1,165,172,173,-1,165,173,168,-1,165,174,175,-1,175,174,176,-1,165,175,160,-1,160,175,177,-1,160,177,178,-1,178,177,179,-1,178,179,180,-1,180,181,182,-1,183,184,185,-1,185,184,186,-1,185,186,187,-1,176,174,188,-1,188,174,189,-1,188,189,190,-1,191,192,193,-1,193,192,194,-1,195,196,197,-1,197,196,198,-1,197,198,199,-1,199,198,200,-1,199,200,194,-1,194,200,201,-1,194,201,193,-1,202,203,204,-1,204,203,198,-1,204,198,205,-1,205,198,196,-1,206,207,208,-1,208,207,209,-1,210,211,212,-1,213,214,215,-1,215,214,216,-1,215,216,217,-1,217,216,212,-1,218,219,220,-1,210,212,221,-1,221,212,216,-1,221,216,222,-1,209,207,223,-1,223,207,215,-1,223,215,224,-1,224,215,217,-1,224,217,17,-1,17,217,225,-1,17,225,15,-1,220,214,218,-1,218,214,213,-1,218,213,226,-1,226,213,227,-1,226,227,228,-1,228,227,229,-1,211,210,230,-1,230,210,231,-1,230,231,229,-1,232,233,234,-1,234,233,235,-1,232,236,233,-1,233,236,237,-1,233,237,238,-1,238,237,239,-1,240,241,233,-1,233,241,242,-1,233,242,243,-1,243,244,233,-1,233,244,245,-1,233,245,235,-1,246,247,248,-1,249,250,237,-1,237,250,251,-1,237,251,239,-1,246,248,237,-1,237,248,252,-1,237,252,249,-1,253,254,255,-1,255,254,256,-1,255,256,257,-1,257,256,258,-1,257,258,259,-1,260,261,262,-1,263,264,265,-1,265,264,266,-1,265,266,10,-1,10,266,267,-1,10,267,11,-1,11,267,268,-1,11,268,253,-1,269,270,265,-1,270,271,265,-1,265,271,272,-1,265,272,263,-1,261,273,262,-1,262,273,274,-1,262,274,275,-1,13,276,14,-1,14,276,277,-1,14,277,262,-1,262,277,278,-1,262,278,260,-1,275,279,262,-1,262,279,280,-1,262,280,265,-1,265,280,281,-1,265,281,269,-1,33,282,283,-1,282,33,284,-1,284,33,28,-1,284,28,285,-1,285,28,286,-1,285,286,283,-1,283,286,287,-1,283,287,33,-1,9,11,288,-1,288,11,289,-1,288,289,290,-1,290,289,291,-1,290,291,292,-1,292,291,293,-1,292,293,294,-1,294,293,295,-1,294,295,296,-1,296,295,297,-1,296,297,298,-1,298,297,299,-1,298,299,300,-1,300,299,301,-1,300,301,302,-1,302,301,303,-1,302,303,304,-1,304,303,305,-1,304,305,306,-1,307,308,203,-1,309,310,311,-1,307,203,312,-1,222,313,221,-1,221,313,314,-1,221,314,311,-1,311,314,315,-1,311,315,309,-1,203,316,218,-1,218,316,317,-1,218,317,219,-1,308,318,203,-1,203,318,319,-1,203,319,316,-1,310,320,311,-1,311,320,321,-1,311,321,322,-1,191,193,202,-1,202,193,311,-1,202,311,203,-1,203,311,322,-1,203,322,312,-1,189,323,324,-1,186,190,262,-1,262,190,189,-1,262,189,325,-1,325,189,326,-1,6,8,327,-1,324,328,189,-1,189,328,329,-1,189,329,330,-1,331,332,14,-1,332,333,14,-1,14,333,334,-1,14,334,335,-1,330,336,189,-1,189,336,337,-1,189,337,338,-1,339,340,8,-1,8,340,341,-1,8,341,327,-1,338,342,189,-1,189,342,343,-1,189,343,326,-1,326,343,344,-1,326,344,345,-1,345,346,326,-1,326,346,347,-1,326,347,348,-1,348,347,349,-1,350,351,349,-1,349,351,352,-1,349,352,348,-1,325,353,262,-1,262,353,354,-1,262,354,14,-1,14,354,355,-1,14,355,331,-1,356,357,358,-1,358,357,14,-1,358,14,359,-1,359,14,335,-1,360,361,349,-1,349,361,362,-1,349,362,363,-1,363,364,349,-1,349,364,365,-1,349,365,350,-1,356,8,357,-1,357,8,7,-1,357,7,366,-1,366,7,367,-1,366,367,368,-1,368,367,369,-1,368,369,323,-1,370,371,372,-1,372,371,373,-1,372,373,374,-1,375,376,377,-1,378,379,373,-1,379,380,373,-1,373,380,381,-1,373,381,374,-1,374,381,382,-1,375,377,373,-1,373,377,383,-1,373,383,378,-1,384,385,386,-1,386,385,387,-1,386,387,388,-1,388,387,389,-1,390,391,392,-1,392,393,394,-1,395,396,228,-1,382,397,374,-1,374,397,398,-1,374,398,228,-1,228,398,399,-1,228,399,395,-1,396,400,228,-1,228,400,401,-1,228,401,226,-1,226,401,402,-1,226,402,390,-1,403,404,391,-1,391,404,405,-1,391,405,392,-1,392,405,406,-1,392,406,393,-1,394,407,392,-1,392,407,408,-1,392,408,409,-1,410,411,412,-1,412,411,413,-1,412,413,414,-1,412,415,410,-1,410,415,416,-1,410,416,417,-1,417,418,410,-1,410,418,419,-1,410,419,420,-1,420,419,421,-1,420,421,422,-1,422,421,423,-1,422,423,391,-1,391,423,424,-1,391,424,403,-1,425,426,414,-1,414,426,427,-1,414,427,412,-1,428,429,376,-1,376,429,430,-1,376,430,377,-1,428,431,429,-1,429,431,432,-1,429,432,433,-1,433,432,434,-1,433,435,436,-1,434,437,433,-1,433,437,438,-1,433,438,439,-1,439,440,433,-1,433,440,441,-1,433,441,435,-1,436,442,433,-1,433,442,443,-1,433,443,444,-1,445,446,218,-1,447,448,392,-1,390,392,226,-1,226,392,448,-1,226,448,218,-1,218,448,449,-1,218,449,445,-1,445,449,450,-1,445,450,451,-1,452,453,450,-1,450,453,454,-1,450,454,451,-1,455,392,456,-1,457,458,392,-1,392,458,459,-1,392,459,447,-1,460,461,456,-1,461,462,456,-1,456,462,463,-1,456,463,455,-1,464,465,466,-1,466,465,467,-1,466,467,468,-1,468,469,466,-1,466,469,470,-1,466,470,471,-1,455,472,392,-1,392,472,473,-1,392,473,474,-1,474,475,392,-1,392,475,476,-1,392,476,457,-1,477,478,479,-1,479,478,480,-1,198,481,482,-1,480,478,483,-1,483,478,484,-1,483,484,485,-1,482,486,487,-1,487,486,488,-1,487,488,489,-1,464,490,491,-1,481,198,492,-1,492,198,203,-1,492,203,491,-1,491,203,218,-1,491,218,464,-1,464,218,446,-1,464,446,465,-1,63,65,71,-1,71,65,493,-1,71,493,494,-1,494,493,495,-1,494,495,496,-1,496,495,497,-1,496,497,368,-1,368,497,498,-1,368,498,366,-1,499,500,386,-1,386,500,456,-1,386,456,384,-1,384,456,392,-1,384,392,501,-1,501,392,409,-1,500,502,456,-1,456,502,466,-1,456,466,460,-1,460,466,471,-1,323,189,368,-1,368,189,174,-1,368,174,496,-1,496,174,165,-1,496,165,494,-1,494,165,93,-1,494,93,71,-1,71,93,91,-1,71,91,72,-1,503,499,504,-1,504,499,386,-1,504,386,372,-1,372,386,388,-1,372,388,370,-1,370,388,389,-1,502,505,466,-1,466,505,506,-1,466,506,464,-1,464,506,5,-1,464,5,490,-1,490,5,4,-1,505,507,506,-1,506,507,508,-1,506,508,5,-1,5,508,509,-1,5,509,3,-1,3,509,484,-1,510,511,512,-1,512,511,513,-1,512,513,514,-1,514,513,515,-1,498,503,366,-1,366,503,504,-1,366,504,357,-1,357,504,372,-1,357,372,14,-1,14,372,374,-1,14,374,12,-1,12,374,516,-1,517,518,514,-1,519,520,509,-1,509,520,198,-1,509,198,484,-1,484,198,482,-1,484,482,485,-1,485,482,487,-1,514,521,522,-1,523,524,200,-1,200,524,525,-1,200,525,514,-1,514,525,526,-1,514,526,517,-1,518,527,514,-1,514,527,528,-1,514,528,521,-1,522,519,514,-1,514,519,509,-1,514,509,512,-1,512,509,508,-1,512,508,510,-1,510,508,507,-1,520,529,198,-1,198,529,530,-1,198,530,200,-1,200,530,531,-1,200,531,532,-1,532,533,200,-1,200,533,534,-1,200,534,523,-1,535,515,536,-1,536,515,537,-1,538,539,540,-1,540,539,541,-1,535,540,515,-1,515,540,541,-1,515,541,514,-1,514,541,542,-1,514,542,200,-1,200,542,543,-1,544,0,545,-1,545,0,2,-1,545,2,178,-1,178,2,546,-1,178,546,160,-1,160,546,547,-1,160,547,20,-1,229,231,228,-1,228,231,257,-1,228,257,374,-1,374,257,259,-1,374,259,516,-1,516,259,548,-1,516,548,233,-1,233,548,549,-1,233,549,240,-1,543,536,200,-1,200,536,537,-1,200,537,201,-1,201,537,550,-1,511,551,513,-1,513,551,552,-1,513,552,515,-1,515,552,553,-1,515,553,537,-1,537,553,554,-1,537,554,550,-1,550,554,555,-1,25,18,26,-1,26,18,20,-1,26,20,28,-1,28,20,556,-1,28,556,286,-1,286,556,557,-1,547,544,20,-1,20,544,545,-1,20,545,556,-1,556,545,558,-1,556,558,557,-1,557,558,559,-1,182,187,180,-1,180,187,186,-1,180,186,178,-1,178,186,262,-1,178,262,545,-1,545,262,265,-1,545,265,558,-1,558,265,10,-1,558,10,559,-1,559,10,9,-1,253,255,11,-1,11,255,257,-1,11,257,289,-1,289,257,231,-1,289,231,291,-1,291,231,210,-1,291,210,293,-1,293,210,221,-1,293,221,295,-1,295,221,311,-1,295,311,297,-1,297,311,193,-1,297,193,299,-1,299,193,201,-1,299,201,301,-1,301,201,550,-1,301,550,303,-1,303,550,555,-1,303,555,305,-1,560,561,562,-1,561,560,563,-1,563,560,564,-1,563,564,565,-1,565,564,566,-1,565,566,562,-1,562,566,567,-1,562,567,560,-1,568,569,570,-1,569,568,571,-1,571,568,572,-1,571,572,573,-1,573,572,574,-1,573,574,570,-1,570,574,575,-1,570,575,568,-1,576,577,578,-1,577,576,579,-1,579,576,580,-1,579,580,581,-1,581,580,582,-1,581,582,578,-1,578,582,583,-1,578,583,576,-1,584,585,586,-1,586,585,587,-1,588,589,590,-1,590,589,591,-1,592,593,594,-1,595,596,597,-1,598,599,595,-1,599,600,595,-1,595,600,601,-1,595,601,602,-1,597,592,595,-1,595,592,594,-1,595,594,598,-1,598,594,603,-1,602,604,595,-1,595,604,605,-1,595,605,606,-1,606,605,607,-1,606,607,608,-1,608,607,609,-1,608,609,610,-1,611,612,610,-1,610,612,613,-1,610,613,608,-1,614,615,616,-1,617,618,619,-1,619,618,620,-1,619,621,622,-1,620,623,619,-1,619,623,624,-1,619,624,621,-1,625,626,616,-1,616,626,619,-1,616,619,614,-1,614,619,622,-1,614,622,627,-1,617,619,628,-1,628,619,629,-1,628,629,630,-1,631,632,633,-1,630,634,628,-1,628,634,631,-1,628,631,635,-1,635,631,633,-1,636,637,638,-1,638,637,639,-1,636,638,640,-1,636,640,641,-1,641,640,642,-1,641,642,643,-1,643,642,644,-1,643,644,645,-1,645,644,646,-1,645,646,647,-1,647,646,648,-1,647,648,649,-1,649,648,650,-1,649,650,651,-1,651,650,603,-1,651,603,594,-1,614,627,652,-1,614,652,653,-1,653,652,654,-1,653,654,655,-1,655,654,656,-1,655,656,657,-1,657,656,658,-1,657,658,659,-1,659,658,660,-1,659,660,661,-1,661,660,639,-1,661,639,637,-1,
        ]
    }
}
Shape{
    appearance Appearance {
        material  Material 	{
            diffuseColor 0.25098039215686274 0.25098039215686274 0.25098039215686274
            specularColor 0.12549019607843137 0.12549019607843137 0.12549019607843137
            ambientIntensity 0.251
            transparency 0.0
            shininess 0.5
        }
    }
    geometry IndexedFaceSet {
        ccw TRUE
        solid FALSE
        coord DEF co Coordinate {
            point [
                0.6341 5.1772 0.5433, 0.6735 5.1772 0.5433, 0.6341 4.4288 0.5433, 0.6735 4.3894 0.5433, -0.634 4.4288 0.5433, -0.6734 4.3894 0.5433, -0.634 5.1772 0.5433, -0.6734 5.1772 0.5433
            ]
        }
        coordIndex [
            0,1,2,-1,2,1,3,-1,2,3,4,-1,4,3,5,-1,4,5,6,-1,6,5,7,-1,
        ]
    }
}
Shape{
    appearance Appearance {
        material  Material 	{
            diffuseColor 0.7529411764705882 0.7529411764705882 0.7529411764705882
            specularColor 0.3764705882352941 0.3764705882352941 0.3764705882352941
            ambientIntensity 0.7529
            transparency 0.0
            shininess 0.5
        }
    }
    geometry IndexedFaceSet {
        ccw TRUE
        solid FALSE
        coord DEF co Coordinate {
            point [
                -3.3464 1.8305 0.1496, -3.3464 3.6024 0.1496, -3.2283 1.8305 0.1496, -3.2283 3.6024 0.1496, -3.2283 -2.6819 0.1496, -3.3464 -2.6819 0.1496, -3.2283 0.6202 0.1496, -3.3464 0.6202 0.1496, 3.2284 3.6024 0.1496, 3.3465 3.6024 0.1496, 3.2284 1.8305 0.1496, 3.3465 1.8305 0.1496, 3.3465 0.6202 0.1496, 3.3465 -2.6819 0.1496, 3.2284 0.6202 0.1496, 3.2284 -2.6819 0.1496
            ]
        }
        coordIndex [
            0,1,2,-1,2,1,3,-1,4,5,6,-1,6,5,7,-1,8,9,10,-1,10,9,11,-1,12,13,14,-1,14,13,15,-1,
        ]
    }
}
Shape{
    appearance Appearance {
        material  Material 	{
            diffuseColor 0.25098039215686274 0.25098039215686274 0.25098039215686274
            specularColor 0.12549019607843137 0.12549019607843137 0.12549019607843137
            ambientIntensity 0.251
            transparency 0.0
            shininess 0.5
        }
    }
    geometry IndexedFaceSet {
        ccw TRUE
        solid FALSE
        coord DEF co Coordinate {
            point [
                -3.1889 -7.5433 0.1496, -3.1889 -6.4862 0.1496, -2.3061 -6.4862 0.1496, -0.6004 3.1378 0.1496, -0.6004 4.1329 0.1496, 0.0 4.1329 0.1496, -1.2943 3.1378 0.1496, -1.2943 4.1329 0.1496, -1.0 4.1329 0.1496, 0.6735 4.3894 0.1496, 0.6735 5.1772 0.1496, 1.0 5.1772 0.1496, 2.1272 -3.2895 0.1496, 2.0994 -3.2979 0.1496, 2.0994 -1.062 0.1496, 2.4931 4.5394 0.1496, 2.4981 4.5394 0.1496, 2.755 4.1329 0.1496, 2.755 5.1772 0.1496, 2.4981 4.7362 0.1496, 2.4931 5.1772 0.1496, 2.4931 4.7362 0.1496, 2.2953 5.1772 0.1496, 2.3012 4.7362 0.1496, 2.2953 4.1329 0.1496, -3.1161 -4.811 0.1496, -3.1161 -4.4173 0.1496, -2.5984 -5.3307 0.1496, -3.0109 -3.3929 0.1496, -3.1889 -4.4173 0.1496, -3.0109 -3.3315 0.1496, -3.1889 -1.062 0.1496, -2.4745 -5.4258 0.1496, -2.4508 -5.4159 0.1496, -2.4304 -5.4003 0.1496, -2.5984 -3.6839 0.1496, -2.6469 -3.6112 0.1496, -2.749 -3.5092 0.1496, -2.8728 -3.4349 0.1496, -2.3061 -1.062 0.1496, -2.4304 -1.3241 0.1496, -2.4508 -1.3084 0.1496, -2.4015 -1.3937 0.1496, -2.4049 -1.3682 0.1496, -2.4147 -1.3445 0.1496, -2.5492 -1.3084 0.1496, -2.5696 -1.3241 0.1496, -2.5852 -1.3445 0.1496, -2.595 -1.3682 0.1496, -3.1889 -4.811 0.1496, -2.595 -5.3562 0.1496, -2.5852 -5.3799 0.1496, -2.5696 -5.4003 0.1496, -2.5492 -5.4159 0.1496, -2.5254 -5.4258 0.1496, -2.5 -5.4291 0.1496, -2.4147 -5.3799 0.1496, -2.4049 -5.3562 0.1496, -2.4015 -5.3307 0.1496, -2.4745 -1.2986 0.1496, -2.5 -1.2953 0.1496, -2.5254 -1.2986 0.1496, -2.5984 -1.3937 0.1496, -2.5984 -3.0405 0.1496, -2.6469 -3.1132 0.1496, -2.749 -3.2152 0.1496, -2.8728 -3.2895 0.1496, -2.4015 -3.0405 0.1496, -2.353 -3.1132 0.1496, -2.3061 -3.1601 0.1496, -2.2952 -1.062 0.1496, -2.2952 -3.1709 0.1496, -2.2509 -3.2152 0.1496, -2.0994 -1.062 0.1496, -2.1272 -3.2895 0.1496, -2.0994 -6.4862 0.1496, -2.0994 -3.4265 0.1496, -1.9488 -6.4862 0.1496, -1.9891 -3.3929 0.1496, -1.9488 -1.062 0.1496, -1.9891 -3.3315 0.1496, -2.0994 -3.2979 0.1496, -2.2952 -3.5535 0.1496, -2.2509 -3.5092 0.1496, -2.1272 -3.4349 0.1496, -2.4015 -3.6839 0.1496, -2.353 -3.6112 0.1496, -2.3061 -3.5643 0.1496, -2.2952 -6.4862 0.1496, 2.4508 -1.3084 0.1496, 2.4304 -1.3241 0.1496, 2.2953 -1.062 0.1496, 2.4746 -1.2986 0.1496, 2.4148 -1.3445 0.1496, 2.405 -1.3682 0.1496, 2.4016 -1.3937 0.1496, 2.4016 -3.0405 0.1496, 2.3531 -3.1132 0.1496, 2.5853 -1.3445 0.1496, 2.5696 -1.3241 0.1496, 2.755 -1.062 0.1496, 2.5951 -1.3682 0.1496, 2.5492 -1.3084 0.1496, 2.5255 -1.2986 0.1496, 2.4931 -1.062 0.1496, 2.5 -1.2953 0.1496, 2.4931 -1.2962 0.1496, 2.5985 -1.3937 0.1496, 2.647 -3.1132 0.1496, 2.5985 -3.0405 0.1496, 2.8728 -3.2895 0.1496, 2.755 -3.2188 0.1496, 2.7491 -3.2152 0.1496, 3.0109 -3.3315 0.1496, 3.189 -1.062 0.1496, 3.189 -4.4173 0.1496, 3.1162 -4.811 0.1496, 2.755 -3.5056 0.1496, 3.1162 -4.4173 0.1496, 2.8728 -3.4349 0.1496, 3.0109 -3.3929 0.1496, 2.4931 -6.4862 0.1496, 2.5 -5.4291 0.1496, 2.755 -6.4862 0.1496, 2.5255 -5.4258 0.1496, 2.5492 -5.4159 0.1496, 2.5951 -5.3562 0.1496, 2.5985 -5.3307 0.1496, 2.5696 -5.4003 0.1496, 2.5853 -5.3799 0.1496, 2.5985 -3.6839 0.1496, 2.647 -3.6112 0.1496, 3.189 -4.811 0.1496, 3.189 -6.4862 0.1496, 2.7491 -3.5092 0.1496, 2.4016 -5.3307 0.1496, 2.405 -5.3562 0.1496, 2.2953 -6.4862 0.1496, 2.4148 -5.3799 0.1496, 2.4304 -5.4003 0.1496, 2.4508 -5.4159 0.1496, 2.4746 -5.4258 0.1496, 2.4931 -5.4282 0.1496, 2.0994 -3.4265 0.1496, 2.1272 -3.4349 0.1496, 2.0994 -6.4862 0.1496, 2.251 -3.5092 0.1496, 2.2953 -3.5535 0.1496, 2.3531 -3.6112 0.1496, 2.4016 -3.6839 0.1496, 1.7992 -1.062 0.1496, 1.9891 -3.3315 0.1496, 1.9891 -3.3929 0.1496, 2.2953 -3.1709 0.1496, 2.251 -3.2152 0.1496, -1.7992 3.1378 0.1496, -1.9094 2.7264 0.1496, -1.9488 3.1378 0.1496, -1.9488 2.7264 0.1496, -2.0994 3.1378 0.1496, -2.0866 2.7264 0.1496, -2.0866 2.5492 0.1496, -2.3061 4.5394 0.1496, -2.3012 4.5394 0.1496, -2.2952 4.1329 0.1496, -2.3012 4.7362 0.1496, -2.3061 4.1329 0.1496, -3.1889 4.1329 0.1496, -2.498 4.5394 0.1496, 0.0 4.3894 0.1496, 1.0 4.1329 0.1496, -0.6734 5.1772 0.1496, -0.6734 4.3894 0.1496, -2.498 4.7362 0.1496, -3.1889 5.1772 0.1496, -2.3061 4.7362 0.1496, -2.3061 5.1772 0.1496, -2.2952 5.1772 0.1496, -2.0994 5.1772 0.1496, -2.0994 4.1329 0.1496, -1.9488 5.1772 0.1496, -1.9488 4.1329 0.1496, -1.7992 5.1772 0.1496, -1.7992 4.1329 0.1496, -1.0 5.1772 0.1496, -1.2943 5.1772 0.1496, -1.3012 4.7362 0.1496, -1.498 4.7362 0.1496, -1.498 4.5394 0.1496, -1.3012 4.5394 0.1496, 1.2943 5.1772 0.1496, 1.2943 4.1329 0.1496, 1.505 4.1329 0.1496, 1.4981 4.5394 0.1496, 1.4981 4.7362 0.1496, 1.3012 4.5394 0.1496, 1.3012 4.7362 0.1496, 1.505 5.1772 0.1496, 1.7992 5.1772 0.1496, 1.7992 4.1329 0.1496, -3.1889 3.1378 0.1496, -2.4882 3.7264 0.1496, -2.311 3.7264 0.1496, -2.311 3.5492 0.1496, -2.3061 3.1378 0.1496, -2.4882 3.5492 0.1496, -1.6889 3.7264 0.1496, -1.6889 3.5492 0.1496, -1.5118 3.7264 0.1496, -1.5118 3.5492 0.1496, -2.2952 3.1378 0.1496, -0.8897 3.7264 0.1496, -0.7126 3.7264 0.1496, -0.7126 3.5492 0.1496, -0.8897 3.5492 0.1496, -1.0 3.1378 0.1496, -0.6004 4.3894 0.1496, 0.8898 3.7264 0.1496, 0.8898 3.5492 0.1496, 1.0 3.1378 0.1496, 0.7126 3.5492 0.1496, 0.0 3.1378 0.1496, 0.7126 3.7264 0.1496, 1.5118 3.7264 0.1496, 1.5118 3.5492 0.1496, 1.689 3.7264 0.1496, 1.689 3.5492 0.1496, 1.7992 3.1378 0.1496, 1.505 3.1378 0.1496, 1.2943 3.1378 0.1496, 2.0994 5.1772 0.1496, 2.0994 4.1329 0.1496, 2.0994 3.1378 0.1496, 2.3012 4.5394 0.1496, 2.4931 4.1329 0.1496, 2.4882 3.7264 0.1496, 2.4882 3.5492 0.1496, 2.4931 3.1378 0.1496, 2.3111 3.5492 0.1496, -1.9094 2.5492 0.1496, -1.7992 1.2382 0.1496, -1.9488 2.5492 0.1496, -1.9488 1.2382 0.1496, -2.0994 1.2382 0.1496, -2.2952 1.2382 0.1496, -1.2874 2.7264 0.1496, -1.2874 2.5492 0.1496, -1.1102 2.5492 0.1496, -1.0 1.2382 0.1496, -1.2943 1.2382 0.1496, -1.1102 2.7264 0.1496, -0.4882 2.7264 0.1496, -0.4882 2.5492 0.1496, -0.311 2.5492 0.1496, 0.0 1.2382 0.1496, -0.6004 1.2382 0.1496, -0.311 2.7264 0.1496, 0.4882 2.7264 0.1496, 0.3111 2.7264 0.1496, 0.3111 2.5492 0.1496, 0.4882 2.5492 0.1496, 1.0 1.2382 0.1496, 1.2874 2.7264 0.1496, 1.1103 2.7264 0.1496, 1.1103 2.5492 0.1496, 1.2874 2.5492 0.1496, 1.2943 1.2382 0.1496, 1.9095 2.7264 0.1496, 1.9095 2.5492 0.1496, 2.0866 2.7264 0.1496, 2.0866 2.5492 0.1496, 2.0994 1.2382 0.1496, 1.7992 1.2382 0.1496, 1.505 1.2382 0.1496, -3.1889 1.2382 0.1496, -2.3061 1.2382 0.1496, -3.1889 -0.4508 0.1496, -2.3061 -0.4508 0.1496, -2.2952 -0.4508 0.1496, -2.2893 -0.25 0.1496, -2.1122 -0.25 0.1496, -2.0994 -0.4508 0.1496, -2.1122 -0.0728 0.1496, -2.2893 -0.0728 0.1496, -1.9488 -0.4508 0.1496, -1.7992 -0.4508 0.1496, -1.2943 -0.4508 0.1496, -1.0 -0.4508 0.1496, -0.6004 -0.4508 0.1496, 0.0 -0.4508 0.1496, 1.0 -0.4508 0.1496, 1.2943 -0.4508 0.1496, 1.505 -0.4508 0.1496, 1.7992 -0.4508 0.1496, 2.0994 -0.4508 0.1496, 2.2894 -0.0728 0.1496, 2.1122 -0.0728 0.1496, 2.1122 -0.25 0.1496, 2.2953 -0.4508 0.1496, 2.2953 3.1378 0.1496, 2.2953 1.2382 0.1496, 2.2894 -0.25 0.1496, -2.2893 -0.6516 0.1496, -2.2893 -0.8287 0.1496, -2.1122 -0.8287 0.1496, -2.1122 -0.6516 0.1496, 2.1122 -0.6516 0.1496, 2.1122 -0.8287 0.1496, 2.2894 -0.6516 0.1496, 2.2894 -0.8287 0.1496, 1.505 -1.062 0.1496, 1.2943 -1.062 0.1496, 1.0 -1.062 0.1496, 0.0 -1.062 0.1496, -0.6004 -1.062 0.1496, -1.0 -1.062 0.1496, -1.2943 -1.062 0.1496, -1.7992 -1.062 0.1496, 2.3111 3.7264 0.1496, 2.4931 1.2382 0.1496, 2.4931 -0.4508 0.1496, 2.755 3.1378 0.1496, 2.755 1.2382 0.1496, 2.755 -0.4508 0.1496, 3.189 5.1772 0.1496, 3.189 4.1329 0.1496, 3.189 3.1378 0.1496, 3.189 1.2382 0.1496, 3.189 -0.4508 0.1496, 1.7992 -6.4862 0.1496, 1.505 -6.4862 0.1496, 1.2943 -6.4862 0.1496, 1.0 -6.4862 0.1496, 0.0 -6.4862 0.1496, -0.6004 -6.4862 0.1496, -1.0 -6.4862 0.1496, -1.2943 -6.4862 0.1496, -1.7992 -6.4862 0.1496, -2.3061 -7.5433 0.1496, -2.2952 -7.5433 0.1496, -2.0994 -7.5433 0.1496, -1.9488 -7.5433 0.1496, -1.7992 -7.5433 0.1496, -1.2943 -7.5433 0.1496, -1.0 -7.5433 0.1496, -0.6004 -7.5433 0.1496, 0.0 -7.5433 0.1496, 1.0 -7.5433 0.1496, 1.2943 -7.5433 0.1496, 1.505 -7.5433 0.1496, 1.7992 -7.5433 0.1496, 2.0994 -7.5433 0.1496, 2.2953 -7.5433 0.1496, 2.4931 -7.5433 0.1496, 2.755 -7.5433 0.1496, 3.189 -7.5433 0.1496, -1.9891 -3.3929 -1.0709, -2.0582 -3.4093 -1.1384, -2.1272 -3.4349 -1.2028, -2.1564 -3.4489 -1.2283, -2.2509 -3.5092 -1.2283, -2.4273 -3.735 -0.0079, -2.4693 -3.8731 -0.0079, -2.4693 -3.8731 -1.0709, -2.4529 -3.804 -1.1384, -2.4254 -3.7358 -1.2009, -2.4015 -3.6839 -0.0079, -2.4133 -3.7058 -1.2283, -2.353 -3.6112 -1.2283, -2.4273 -2.9894 -0.0079, -2.4015 -3.0405 -0.0079, -2.4133 -3.0186 -1.2283, -2.353 -3.1132 -1.2283, -2.4693 -2.8513 -1.0709, -2.4693 -2.8513 -0.0079, -2.4529 -2.9204 -1.1384, -2.4273 -2.9894 -1.2028, -1.9891 -3.3315 -1.0709, -2.1264 -3.2876 -1.2009, -2.0582 -3.3151 -1.1384, -2.1564 -3.2755 -1.2283, -2.2509 -3.2152 -1.2283, -3.0109 -3.3315 -1.0709, -2.9417 -3.3151 -1.1384, -2.8435 -3.2755 -1.2283, -2.8728 -3.2895 -1.2028, -2.5727 -2.9894 -0.0079, -2.5307 -2.8513 -0.0079, -2.5307 -2.8513 -1.0709, -2.5471 -2.9204 -1.1384, -2.5746 -2.9886 -1.2009, -2.5984 -3.0405 -0.0079, -2.5866 -3.0186 -1.2283, -2.6469 -3.1132 -1.2283, -2.749 -3.2152 -1.2283, -2.5984 -3.6839 -0.0079, -2.5307 -3.8731 -1.0709, -2.5307 -3.8731 -0.0079, -2.5471 -3.804 -1.1384, -2.5727 -3.735 -0.0079, -2.8735 -3.4368 -1.2009, -3.0109 -3.3929 -1.0709, -2.9417 -3.4093 -1.1384, -2.8435 -3.4489 -1.2283, -2.749 -3.5092 -1.2283, -2.6469 -3.6112 -1.2283, -2.5866 -3.7058 -1.2283, -2.5727 -3.735 -1.2028, -2.5 -3.874 -1.0709, -3.0118 -3.3622 -1.0709, -2.5 -2.8504 -1.0709, -2.8543 -3.3622 -1.2283, -2.5 -3.0079 -1.2283, -2.1456 -3.3622 -1.2283, -1.9882 -3.3622 -1.0709, 1.9891 -3.3929 -1.0709, 1.9882 -3.3622 -1.0709, 1.9891 -3.3315 -1.0709, 2.4693 -2.8513 -1.0709, 2.4693 -2.8513 -0.0079, 2.5 -2.8504 -1.0709, 2.5307 -2.8513 -0.0079, 2.5307 -2.8513 -1.0709, 3.0109 -3.3315 -1.0709, 3.0118 -3.3622 -1.0709, 3.0109 -3.3929 -1.0709, 2.5307 -3.8731 -1.0709, 2.5307 -3.8731 -0.0079, 2.5 -3.874 -1.0709, 2.4693 -3.8731 -0.0079, 2.4693 -3.8731 -1.0709, 2.0583 -3.4093 -1.1384, 2.1457 -3.3622 -1.2283, 2.1272 -3.4349 -1.2028, 2.1565 -3.4489 -1.2283, 2.0583 -3.3151 -1.1384, 2.1265 -3.2876 -1.2009, 2.1565 -3.2755 -1.2283, 2.5 -3.0079 -1.2283, 2.5471 -2.9204 -1.1384, 2.5746 -2.9886 -1.2009, 2.5867 -3.0186 -1.2283, 2.4529 -2.9204 -1.1384, 2.4273 -2.9894 -1.2028, 2.4134 -3.0186 -1.2283, 2.8544 -3.3622 -1.2283, 2.9418 -3.4093 -1.1384, 2.8736 -3.4368 -1.2009, 2.8436 -3.4489 -1.2283, 2.9418 -3.3151 -1.1384, 2.8728 -3.2895 -1.2028, 2.8436 -3.2755 -1.2283, 2.5 -3.7165 -1.2283, 2.4529 -3.804 -1.1384, 2.4254 -3.7358 -1.2009, 2.4134 -3.7058 -1.2283, 2.5471 -3.804 -1.1384, 2.5727 -3.735 -1.2028, 2.5867 -3.7058 -1.2283, -3.1889 -7.5433 5.3346, -3.1889 -4.4173 1.4016, -3.1889 5.1772 5.3346, -3.1889 -4.811 1.4016, 2.7559 -7.5433 1.1339, 2.7559 -6.559 1.1339, 2.1063 -7.5433 1.1339, 2.1063 -6.559 1.1339, 1.1811 -7.5433 1.1339, 1.1811 -6.559 1.1339, 0.7874 -7.5433 1.1339, 0.7874 -6.559 1.1339, 0.3937 -7.5433 1.1339, 0.3937 -6.559 1.1339, 0.0 -7.5433 1.1339, 0.0 -6.559 1.1339, -0.3937 -7.5433 1.1339, -0.3937 -6.559 1.1339, -0.7874 -7.5433 1.1339, -0.7874 -6.559 1.1339, -1.1811 -7.5433 1.1339, -1.1811 -6.559 1.1339, -2.7559 -7.5433 1.1339, -2.7559 -6.559 1.1339, -1.2992 -5.496 1.1339, -1.1811 -1.6378 1.1339, -1.4567 -5.496 1.1339, -2.7559 -1.6378 1.1339, -1.4567 -5.5748 1.1339, -1.2992 -5.5748 1.1339, -0.9055 -5.5748 1.1339, -1.063 -5.5748 1.1339, -1.063 -5.496 1.1339, -0.9055 -5.496 1.1339, -0.7874 -1.6378 1.1339, -0.5118 -5.5748 1.1339, -0.6693 -5.5748 1.1339, -0.6693 -5.496 1.1339, -0.5118 -5.496 1.1339, -0.3937 -1.6378 1.1339, -0.1181 -5.5748 1.1339, -0.2756 -5.5748 1.1339, -0.2756 -5.496 1.1339, -0.1181 -5.496 1.1339, 0.0 -1.6378 1.1339, 0.2756 -5.5748 1.1339, 0.1181 -5.5748 1.1339, 0.1181 -5.496 1.1339, 0.2756 -5.496 1.1339, 0.3937 -1.6378 1.1339, 0.6693 -5.5748 1.1339, 0.5118 -5.5748 1.1339, 0.5118 -5.496 1.1339, 0.6693 -5.496 1.1339, 0.7874 -1.6378 1.1339, 1.063 -5.496 1.1339, 1.063 -5.5748 1.1339, 0.9055 -5.5748 1.1339, 0.9055 -5.496 1.1339, 1.1811 -1.6378 1.1339, 1.4567 -5.496 1.1339, 1.4567 -5.5748 1.1339, 1.2992 -5.5748 1.1339, 1.2992 -5.496 1.1339, 2.1063 -1.6378 1.1339, 2.7559 -1.6378 1.1339, -2.827 -7.5433 3.8632, -2.827 -7.5433 4.7149, -2.7559 -7.5433 3.7598, 1.4809 -7.5433 4.7149, 2.8271 -7.5433 4.7149, 3.189 -7.5433 5.3346, 2.8271 -7.5433 3.8632, 0.7874 -7.5433 5.1378, 0.7874 -7.5433 4.5472, 1.378 -7.5433 4.5472, -0.7874 -7.5433 4.5472, -0.7874 -7.5433 5.1378, -1.3779 -7.5433 4.5472, -1.4809 -7.5433 4.7149, -1.3779 -7.5433 3.7598, -1.4809 -7.5433 3.8632, 1.4809 -7.5433 3.8632, 1.378 -7.5433 3.7598, 2.7559 -7.5433 3.7598, 0.6735 5.1772 0.5433, 3.189 5.1772 5.3346, 0.6341 5.1772 0.5433, 0.6341 5.1772 -0.0079, -0.634 5.1772 -0.0079, -0.634 5.1772 0.5433, -0.6734 5.1772 0.5433, 3.189 -4.811 1.4016, 3.189 -4.4173 1.4016, -0.7874 -1.6378 4.5472, -0.7874 -1.6378 5.1378, 0.7874 -1.6378 5.1378, 0.7874 -1.6378 4.5472, 1.378 -1.6378 4.5472, 1.378 -1.6378 3.7598, 2.7559 -1.6378 3.7598, -2.7559 -1.6378 3.7598, -1.3779 -1.6378 3.7598, -1.3779 -1.6378 4.5472, -1.4809 -7.5039 4.7149, -1.4809 -7.5039 3.8632, -2.827 -7.5039 3.8632, -2.827 -7.5039 4.7149, -2.7483 -7.5039 4.6362, -2.7483 -7.5039 3.942, -1.5596 -7.5039 3.942, -1.5596 -7.5039 4.6362, -2.7483 -7.5433 4.6362, -2.7483 -7.5433 3.942, -1.5596 -7.5433 4.6362, -1.5596 -7.5433 3.942
            ]
        }
        coordIndex [
            0,1,2,-1,3,4,5,-1,6,7,8,-1,9,10,11,-1,12,13,14,-1,15,16,17,-1,17,16,18,-1,18,16,19,-1,18,19,20,-1,20,19,21,-1,20,21,22,-1,22,21,23,-1,22,23,24,-1,25,26,27,-1,28,29,30,-1,30,29,31,-1,32,33,2,-1,2,33,34,-1,35,27,36,-1,36,27,26,-1,36,26,37,-1,37,26,29,-1,37,29,38,-1,38,29,28,-1,39,40,41,-1,42,43,39,-1,39,43,44,-1,39,44,40,-1,45,46,31,-1,31,46,47,-1,31,47,48,-1,25,27,49,-1,49,27,50,-1,49,50,1,-1,1,50,51,-1,1,51,52,-1,52,53,1,-1,1,53,54,-1,1,54,2,-1,2,54,55,-1,2,55,32,-1,34,56,2,-1,2,56,57,-1,2,57,58,-1,41,59,39,-1,39,59,60,-1,39,60,31,-1,31,60,61,-1,31,61,45,-1,48,62,31,-1,31,62,63,-1,31,63,64,-1,64,65,31,-1,31,65,66,-1,31,66,30,-1,67,42,68,-1,68,42,39,-1,68,39,69,-1,69,39,70,-1,69,70,71,-1,71,70,72,-1,72,70,73,-1,72,73,74,-1,75,76,77,-1,77,76,78,-1,79,80,73,-1,73,80,81,-1,73,81,74,-1,82,83,75,-1,75,83,84,-1,75,84,76,-1,85,86,58,-1,58,86,87,-1,58,87,2,-1,2,87,82,-1,2,82,88,-1,88,82,75,-1,89,90,91,-1,89,91,92,-1,90,93,91,-1,91,93,94,-1,91,94,95,-1,95,96,97,-1,98,99,100,-1,98,100,101,-1,102,103,104,-1,104,103,105,-1,104,105,106,-1,101,100,107,-1,107,100,108,-1,107,108,109,-1,110,111,100,-1,100,111,112,-1,100,112,108,-1,113,114,115,-1,116,117,118,-1,118,117,119,-1,118,119,115,-1,115,119,120,-1,115,120,113,-1,121,122,123,-1,123,122,124,-1,123,124,125,-1,123,126,127,-1,125,128,123,-1,123,128,129,-1,123,129,126,-1,127,130,131,-1,132,133,116,-1,116,133,123,-1,116,123,117,-1,117,123,127,-1,117,127,134,-1,134,127,131,-1,135,136,137,-1,137,136,138,-1,137,138,139,-1,139,140,137,-1,137,140,141,-1,137,141,121,-1,121,141,142,-1,121,142,122,-1,143,144,145,-1,145,144,146,-1,145,146,137,-1,137,146,147,-1,137,147,135,-1,135,147,148,-1,135,148,149,-1,14,13,150,-1,150,13,151,-1,150,151,152,-1,95,97,91,-1,91,97,153,-1,91,153,14,-1,14,153,154,-1,14,154,12,-1,155,156,157,-1,157,156,158,-1,157,158,159,-1,159,158,160,-1,159,160,161,-1,162,163,164,-1,164,163,165,-1,166,167,168,-1,169,9,170,-1,171,172,8,-1,8,172,4,-1,168,167,173,-1,173,167,174,-1,173,174,175,-1,175,174,176,-1,175,176,165,-1,165,176,177,-1,165,177,164,-1,164,177,178,-1,164,178,179,-1,179,178,180,-1,179,180,181,-1,181,180,182,-1,181,182,183,-1,171,8,184,-1,184,8,7,-1,184,7,185,-1,185,7,186,-1,185,186,182,-1,182,186,187,-1,182,187,183,-1,183,187,188,-1,183,188,7,-1,7,188,189,-1,7,189,186,-1,9,11,170,-1,170,11,190,-1,170,190,191,-1,192,193,194,-1,193,192,195,-1,195,192,191,-1,195,191,196,-1,196,191,190,-1,196,190,194,-1,194,190,197,-1,194,197,192,-1,192,197,198,-1,192,198,199,-1,200,167,201,-1,201,167,202,-1,202,167,166,-1,202,166,203,-1,203,166,204,-1,203,204,205,-1,183,206,207,-1,206,183,208,-1,208,183,7,-1,208,7,209,-1,209,7,6,-1,209,6,207,-1,207,6,155,-1,207,155,183,-1,183,155,157,-1,183,157,181,-1,181,157,159,-1,181,159,179,-1,179,159,210,-1,179,210,164,-1,211,8,212,-1,212,8,4,-1,212,4,213,-1,213,4,3,-1,213,3,214,-1,214,3,215,-1,172,216,4,-1,4,216,169,-1,4,169,5,-1,5,169,170,-1,5,170,217,-1,218,219,220,-1,220,219,221,-1,220,221,222,-1,192,223,224,-1,223,192,225,-1,225,192,199,-1,225,199,226,-1,226,199,227,-1,226,227,224,-1,224,227,228,-1,224,228,192,-1,192,228,229,-1,192,229,191,-1,191,229,219,-1,191,219,170,-1,170,219,218,-1,170,218,217,-1,198,230,199,-1,199,230,231,-1,199,231,227,-1,227,231,232,-1,23,233,24,-1,24,233,234,-1,24,234,235,-1,235,234,236,-1,236,234,237,-1,236,237,238,-1,239,240,241,-1,241,240,242,-1,241,242,161,-1,161,242,243,-1,161,243,159,-1,159,243,244,-1,159,244,210,-1,6,245,246,-1,247,248,246,-1,246,248,249,-1,246,249,6,-1,6,249,240,-1,6,240,155,-1,155,240,239,-1,155,239,156,-1,211,214,8,-1,8,214,215,-1,8,215,6,-1,6,215,250,-1,6,250,245,-1,3,251,252,-1,253,254,252,-1,252,254,255,-1,252,255,3,-1,3,255,248,-1,3,248,215,-1,215,248,247,-1,215,247,250,-1,217,222,5,-1,5,222,221,-1,5,221,3,-1,3,221,256,-1,3,256,251,-1,219,257,221,-1,221,257,258,-1,221,258,259,-1,260,261,259,-1,259,261,254,-1,259,254,221,-1,221,254,253,-1,221,253,256,-1,229,262,219,-1,219,262,263,-1,219,263,264,-1,265,266,264,-1,264,266,261,-1,264,261,219,-1,219,261,260,-1,219,260,257,-1,227,267,268,-1,267,227,269,-1,269,227,232,-1,269,232,270,-1,270,232,271,-1,270,271,268,-1,268,271,272,-1,268,272,227,-1,227,272,273,-1,227,273,228,-1,228,273,266,-1,228,266,229,-1,229,266,265,-1,229,265,262,-1,201,205,200,-1,200,205,204,-1,200,204,274,-1,274,204,275,-1,274,275,276,-1,276,275,277,-1,168,162,166,-1,166,162,164,-1,166,164,204,-1,204,164,210,-1,204,210,275,-1,275,210,244,-1,275,244,277,-1,277,244,278,-1,279,280,281,-1,281,280,282,-1,279,278,283,-1,283,278,244,-1,283,244,282,-1,282,244,243,-1,282,243,281,-1,281,243,242,-1,281,242,284,-1,284,242,240,-1,284,240,285,-1,285,240,249,-1,285,249,286,-1,286,249,248,-1,286,248,287,-1,287,248,255,-1,287,255,288,-1,288,255,254,-1,288,254,289,-1,289,254,261,-1,289,261,290,-1,290,261,266,-1,290,266,291,-1,291,266,273,-1,291,273,292,-1,292,273,272,-1,292,272,293,-1,293,272,271,-1,293,271,294,-1,295,296,271,-1,271,296,294,-1,294,296,297,-1,294,297,298,-1,230,22,231,-1,231,22,24,-1,231,24,232,-1,232,24,299,-1,232,299,271,-1,271,299,300,-1,271,300,295,-1,295,300,298,-1,295,298,301,-1,301,298,297,-1,278,302,303,-1,304,73,303,-1,303,73,70,-1,303,70,278,-1,278,70,39,-1,278,39,277,-1,277,39,31,-1,277,31,276,-1,279,281,278,-1,278,281,305,-1,278,305,302,-1,294,306,307,-1,306,294,308,-1,308,294,298,-1,308,298,309,-1,309,298,91,-1,309,91,307,-1,307,91,14,-1,307,14,294,-1,294,14,150,-1,294,150,293,-1,293,150,310,-1,293,310,292,-1,292,310,311,-1,292,311,291,-1,291,311,312,-1,291,312,290,-1,290,312,313,-1,290,313,289,-1,289,313,314,-1,289,314,288,-1,288,314,315,-1,288,315,287,-1,287,315,316,-1,287,316,286,-1,286,316,317,-1,286,317,285,-1,285,317,79,-1,285,79,284,-1,284,79,73,-1,284,73,281,-1,281,73,304,-1,281,304,305,-1,235,318,24,-1,24,318,238,-1,24,238,299,-1,299,238,237,-1,299,237,300,-1,300,237,319,-1,300,319,298,-1,298,319,320,-1,298,320,91,-1,91,320,104,-1,91,104,92,-1,92,104,106,-1,233,15,234,-1,234,15,17,-1,234,17,237,-1,237,17,321,-1,237,321,319,-1,319,321,322,-1,319,322,320,-1,320,322,323,-1,320,323,104,-1,104,323,100,-1,104,100,102,-1,102,100,99,-1,18,324,17,-1,17,324,325,-1,17,325,321,-1,321,325,326,-1,321,326,322,-1,322,326,327,-1,322,327,323,-1,323,327,328,-1,323,328,100,-1,100,328,114,-1,100,114,110,-1,110,114,113,-1,143,145,152,-1,152,145,329,-1,152,329,150,-1,150,329,330,-1,150,330,310,-1,310,330,331,-1,310,331,311,-1,311,331,332,-1,311,332,312,-1,312,332,333,-1,312,333,313,-1,313,333,334,-1,313,334,314,-1,314,334,335,-1,314,335,315,-1,315,335,336,-1,315,336,316,-1,316,336,337,-1,316,337,317,-1,317,337,77,-1,317,77,79,-1,79,77,78,-1,79,78,80,-1,0,2,338,-1,338,2,88,-1,338,88,339,-1,339,88,75,-1,339,75,340,-1,340,75,77,-1,340,77,341,-1,341,77,337,-1,341,337,342,-1,342,337,336,-1,342,336,343,-1,343,336,335,-1,343,335,344,-1,344,335,334,-1,344,334,345,-1,345,334,333,-1,345,333,346,-1,346,333,332,-1,346,332,347,-1,347,332,331,-1,347,331,348,-1,348,331,330,-1,348,330,349,-1,349,330,329,-1,349,329,350,-1,350,329,145,-1,350,145,351,-1,351,145,137,-1,351,137,352,-1,352,137,121,-1,352,121,353,-1,353,121,123,-1,353,123,354,-1,354,123,133,-1,354,133,355,-1,356,78,357,-1,357,78,76,-1,357,76,358,-1,358,76,84,-1,358,84,359,-1,359,84,83,-1,359,83,360,-1,361,362,363,-1,363,364,361,-1,361,364,365,-1,361,365,366,-1,366,365,367,-1,366,367,368,-1,85,366,86,-1,86,366,368,-1,86,368,87,-1,87,368,360,-1,87,360,82,-1,82,360,83,-1,369,370,371,-1,67,68,370,-1,370,68,372,-1,370,372,371,-1,373,374,375,-1,375,374,369,-1,375,369,376,-1,376,369,371,-1,81,80,377,-1,72,74,378,-1,378,74,81,-1,378,81,379,-1,379,81,377,-1,378,380,72,-1,72,380,381,-1,72,381,71,-1,71,381,372,-1,71,372,69,-1,69,372,68,-1,382,30,383,-1,383,30,66,-1,65,384,66,-1,66,384,385,-1,66,385,383,-1,386,387,388,-1,388,389,386,-1,386,389,390,-1,386,390,391,-1,391,390,392,-1,391,392,393,-1,63,391,64,-1,64,391,393,-1,64,393,65,-1,65,393,394,-1,65,394,384,-1,395,35,36,-1,396,397,398,-1,398,397,399,-1,37,38,400,-1,28,401,38,-1,38,401,402,-1,38,402,400,-1,400,403,37,-1,37,403,404,-1,37,404,36,-1,36,404,405,-1,36,405,395,-1,395,405,406,-1,395,406,399,-1,399,406,407,-1,399,407,398,-1,363,362,408,-1,408,362,397,-1,408,397,396,-1,401,28,409,-1,409,28,30,-1,409,30,382,-1,388,387,410,-1,410,387,374,-1,410,374,373,-1,411,409,382,-1,382,383,411,-1,411,383,385,-1,411,385,384,-1,401,409,402,-1,402,409,411,-1,402,411,400,-1,400,411,403,-1,412,410,373,-1,373,375,412,-1,412,375,376,-1,412,376,371,-1,388,410,389,-1,389,410,412,-1,389,412,390,-1,390,412,392,-1,413,414,356,-1,356,357,413,-1,413,357,358,-1,413,358,359,-1,377,414,379,-1,379,414,413,-1,379,413,378,-1,378,413,380,-1,415,152,416,-1,416,152,151,-1,416,151,417,-1,418,419,420,-1,420,419,421,-1,420,421,422,-1,423,113,424,-1,424,113,120,-1,424,120,425,-1,426,427,428,-1,428,427,429,-1,428,429,430,-1,431,432,433,-1,433,432,434,-1,417,432,416,-1,416,432,431,-1,416,431,415,-1,417,435,432,-1,432,435,436,-1,432,436,437,-1,438,420,422,-1,422,439,438,-1,438,439,440,-1,438,440,441,-1,418,420,442,-1,442,420,438,-1,442,438,443,-1,443,438,444,-1,445,424,425,-1,425,446,445,-1,445,446,447,-1,445,447,448,-1,423,424,449,-1,449,424,445,-1,449,445,450,-1,450,445,451,-1,452,428,430,-1,430,453,452,-1,452,453,454,-1,452,454,455,-1,426,428,456,-1,456,428,452,-1,456,452,457,-1,457,452,458,-1,1,0,459,-1,31,29,460,-1,461,174,167,-1,1,459,49,-1,167,200,461,-1,461,200,274,-1,461,274,276,-1,276,31,461,-1,461,31,460,-1,461,460,459,-1,459,460,462,-1,459,462,49,-1,463,464,465,-1,465,464,466,-1,465,466,467,-1,467,466,468,-1,467,468,469,-1,469,468,470,-1,469,470,471,-1,471,470,472,-1,471,472,473,-1,473,472,474,-1,473,474,475,-1,475,474,476,-1,475,476,477,-1,477,476,478,-1,477,478,479,-1,479,478,480,-1,479,480,481,-1,481,480,482,-1,483,484,485,-1,485,484,486,-1,485,486,487,-1,487,486,482,-1,487,482,488,-1,488,482,480,-1,478,489,480,-1,480,489,490,-1,480,490,491,-1,492,493,491,-1,491,493,484,-1,491,484,480,-1,480,484,483,-1,480,483,488,-1,476,494,478,-1,478,494,495,-1,478,495,496,-1,497,498,496,-1,496,498,493,-1,496,493,478,-1,478,493,492,-1,478,492,489,-1,474,499,476,-1,476,499,500,-1,476,500,501,-1,502,503,501,-1,501,503,498,-1,501,498,476,-1,476,498,497,-1,476,497,494,-1,472,504,474,-1,474,504,505,-1,474,505,506,-1,507,508,506,-1,506,508,503,-1,506,503,474,-1,474,503,502,-1,474,502,499,-1,470,509,472,-1,472,509,510,-1,472,510,511,-1,512,513,511,-1,511,513,508,-1,511,508,472,-1,472,508,507,-1,472,507,504,-1,514,515,468,-1,468,515,470,-1,470,515,516,-1,470,516,517,-1,514,518,517,-1,517,518,513,-1,517,513,470,-1,470,513,512,-1,470,512,509,-1,519,520,466,-1,466,520,468,-1,468,520,521,-1,468,521,522,-1,514,468,518,-1,518,468,522,-1,518,522,523,-1,464,524,466,-1,466,524,523,-1,466,523,519,-1,519,523,522,-1,525,526,459,-1,338,481,0,-1,0,481,527,-1,528,529,530,-1,530,529,531,-1,530,531,355,-1,338,339,481,-1,481,339,340,-1,481,340,479,-1,479,340,341,-1,479,341,342,-1,532,533,534,-1,535,536,537,-1,537,536,538,-1,537,538,539,-1,539,538,540,-1,539,540,527,-1,527,540,525,-1,527,525,0,-1,0,525,459,-1,342,343,479,-1,479,343,344,-1,479,344,477,-1,477,344,345,-1,477,345,475,-1,475,345,346,-1,467,469,347,-1,347,469,471,-1,347,471,346,-1,346,471,473,-1,346,473,475,-1,347,348,467,-1,467,348,349,-1,467,349,465,-1,465,349,350,-1,350,351,465,-1,465,351,352,-1,465,352,463,-1,463,352,353,-1,526,538,459,-1,459,538,536,-1,459,536,530,-1,530,536,532,-1,530,532,528,-1,528,532,534,-1,528,534,541,-1,541,534,542,-1,541,542,531,-1,531,542,543,-1,531,543,355,-1,355,543,463,-1,355,463,354,-1,354,463,353,-1,11,10,544,-1,545,324,18,-1,546,547,548,-1,549,550,461,-1,18,20,545,-1,545,20,22,-1,545,22,230,-1,550,171,461,-1,461,171,184,-1,461,184,185,-1,230,198,545,-1,545,198,197,-1,545,197,190,-1,185,182,461,-1,461,182,180,-1,461,180,178,-1,190,11,545,-1,545,11,544,-1,545,544,461,-1,461,544,546,-1,461,546,549,-1,549,546,548,-1,178,177,461,-1,461,177,176,-1,461,176,174,-1,133,132,551,-1,355,133,530,-1,530,133,551,-1,530,551,545,-1,545,551,552,-1,545,552,115,-1,115,114,545,-1,545,114,328,-1,545,328,327,-1,327,326,545,-1,545,326,325,-1,545,325,324,-1,461,459,545,-1,545,459,530,-1,553,554,535,-1,535,554,536,-1,554,555,536,-1,536,555,532,-1,555,556,532,-1,532,556,533,-1,556,557,533,-1,533,557,534,-1,557,558,534,-1,534,558,542,-1,558,559,542,-1,542,559,543,-1,463,543,464,-1,464,543,559,-1,464,559,524,-1,486,560,482,-1,482,560,527,-1,482,527,481,-1,560,561,527,-1,527,561,539,-1,561,562,539,-1,539,562,537,-1,562,553,537,-1,537,553,535,-1,558,557,556,-1,555,554,556,-1,556,554,553,-1,556,553,558,-1,553,562,561,-1,560,486,561,-1,561,486,484,-1,561,484,493,-1,559,558,524,-1,524,558,553,-1,524,553,523,-1,523,553,561,-1,493,498,561,-1,561,498,503,-1,561,503,508,-1,508,513,561,-1,561,513,518,-1,561,518,523,-1,563,564,538,-1,538,564,540,-1,564,565,540,-1,540,565,525,-1,565,566,525,-1,525,566,526,-1,566,563,526,-1,526,563,538,-1,567,566,568,-1,568,566,565,-1,568,565,569,-1,569,565,564,-1,569,564,570,-1,570,564,563,-1,570,563,567,-1,567,563,566,-1,567,568,571,-1,571,568,572,-1,570,567,573,-1,573,567,571,-1,569,570,574,-1,574,570,573,-1,568,569,572,-1,572,569,574,-1,
        ]
    }
}
Shape{
    appearance Appearance {
        material  Material 	{
            diffuseColor 0.0 1.0 0.0
            specularColor 0.0 0.5019607843137255 0.0
            ambientIntensity 0.587
            transparency 0.0
            shininess 0.5
        }
    }
    geometry IndexedFaceSet {
        ccw TRUE
        solid FALSE
        coord DEF co Coordinate {
            point [
                -1.5596 -7.5433 3.942, -1.5596 -7.5433 4.6362, -2.7483 -7.5433 3.942, -2.7483 -7.5433 4.6362
            ]
        }
        coordIndex [
            0,1,2,-1,2,1,3,-1,
        ]
    }
}
Shape{
    appearance Appearance {
        material  Material 	{
            diffuseColor 0.25098039215686274 0.25098039215686274 0.25098039215686274
            specularColor 0.12549019607843137 0.12549019607843137 0.12549019607843137
            ambientIntensity 0.251
            transparency 0.0
            shininess 0.5
        }
    }
    geometry IndexedFaceSet {
        ccw TRUE
        solid FALSE
        coord DEF co Coordinate {
            point [
                2.7483 -7.5039 4.6362, 2.8271 -7.5039 4.7149, 1.5597 -7.5039 4.6362, 1.4809 -7.5039 4.7149, 1.5597 -7.5039 3.942, 1.4809 -7.5039 3.8632, 2.7483 -7.5039 3.942, 2.8271 -7.5039 3.8632, 1.4809 -7.5433 3.8632, 1.4809 -7.5433 4.7149, 2.8271 -7.5433 4.7149, 2.8271 -7.5433 3.8632, 2.7483 -7.5433 3.942, 2.7483 -7.5433 4.6362, 1.5597 -7.5433 3.942, 1.5597 -7.5433 4.6362
            ]
        }
        coordIndex [
            0,1,2,-1,2,1,3,-1,2,3,4,-1,4,3,5,-1,4,5,6,-1,6,5,7,-1,6,7,0,-1,0,7,1,-1,5,3,8,-1,8,3,9,-1,3,1,9,-1,9,1,10,-1,1,7,10,-1,10,7,11,-1,7,5,11,-1,11,5,8,-1,6,0,12,-1,12,0,13,-1,4,6,14,-1,14,6,12,-1,2,4,15,-1,15,4,14,-1,0,2,13,-1,13,2,15,-1,
        ]
    }
}
Shape{
    appearance Appearance {
        material  Material 	{
            diffuseColor 1.0 1.0 0.0
            specularColor 0.5019607843137255 0.5019607843137255 0.0
            ambientIntensity 0.886
            transparency 0.0
            shininess 0.5
        }
    }
    geometry IndexedFaceSet {
        ccw TRUE
        solid FALSE
        coord DEF co Coordinate {
            point [
                2.7483 -7.5433 4.6362, 1.5597 -7.5433 4.6362, 2.7483 -7.5433 3.942, 1.5597 -7.5433 3.942
            ]
        }
        coordIndex [
            0,1,2,-1,2,1,3,-1,
        ]
    }
}
Shape{
    appearance Appearance {
        material  Material 	{
            diffuseColor 1.0 1.0 0.5019607843137255
            specularColor 0.5019607843137255 0.5019607843137255 0.25098039215686274
            ambientIntensity 0.9432
            transparency 0.0
            shininess 0.5
        }
    }
    geometry IndexedFaceSet {
        ccw TRUE
        solid FALSE
        coord DEF co Coordinate {
            point [
                1.4567 -2.9776 1.8425, 1.4567 -3.9797 1.8425, 1.2992 -2.9776 1.8425, 1.2992 -3.9797 1.8425, 1.4567 -2.9776 1.9213, 1.2992 -2.9776 1.9213, 1.4567 -3.9948 1.9213, 1.2992 -3.9948 1.9213, 1.4567 -5.5748 1.2919, 1.2992 -5.5748 1.2919, 1.4567 -5.5748 1.1339, 1.2992 -5.5748 1.1339, 1.4567 -5.496 1.2385, 1.4567 -5.496 1.1339, 1.2992 -5.496 1.2385, 1.2992 -5.496 1.1339, 1.063 -2.9776 1.8425, 1.063 -3.9797 1.8425, 0.9055 -2.9776 1.8425, 0.9055 -3.9797 1.8425, 1.063 -2.9776 1.9213, 0.9055 -2.9776 1.9213, 1.063 -3.9948 1.9213, 0.9055 -3.9948 1.9213, 1.063 -5.5748 1.2919, 0.9055 -5.5748 1.2919, 1.063 -5.5748 1.1339, 0.9055 -5.5748 1.1339, 1.063 -5.496 1.2385, 1.063 -5.496 1.1339, 0.9055 -5.496 1.2385, 0.9055 -5.496 1.1339, 0.6693 -2.9776 1.8425, 0.6693 -3.9797 1.8425, 0.5118 -2.9776 1.8425, 0.5118 -3.9797 1.8425, 0.6693 -2.9776 1.9213, 0.5118 -2.9776 1.9213, 0.6693 -3.9948 1.9213, 0.5118 -3.9948 1.9213, 0.6693 -5.5748 1.2919, 0.5118 -5.5748 1.2919, 0.6693 -5.5748 1.1339, 0.5118 -5.5748 1.1339, 0.6693 -5.496 1.2385, 0.6693 -5.496 1.1339, 0.5118 -5.496 1.2385, 0.5118 -5.496 1.1339, 0.2756 -2.9776 1.8425, 0.2756 -3.9797 1.8425, 0.1181 -2.9776 1.8425, 0.1181 -3.9797 1.8425, 0.2756 -2.9776 1.9213, 0.1181 -2.9776 1.9213, 0.2756 -3.9948 1.9213, 0.1181 -3.9948 1.9213, 0.2756 -5.5748 1.2919, 0.1181 -5.5748 1.2919, 0.2756 -5.5748 1.1339, 0.1181 -5.5748 1.1339, 0.2756 -5.496 1.2385, 0.2756 -5.496 1.1339, 0.1181 -5.496 1.2385, 0.1181 -5.496 1.1339, -0.1181 -2.9776 1.8425, -0.1181 -3.9797 1.8425, -0.2756 -2.9776 1.8425, -0.2756 -3.9797 1.8425, -0.1181 -2.9776 1.9213, -0.2756 -2.9776 1.9213, -0.1181 -3.9948 1.9213, -0.2756 -3.9948 1.9213, -0.1181 -5.5748 1.2919, -0.2756 -5.5748 1.2919, -0.1181 -5.5748 1.1339, -0.2756 -5.5748 1.1339, -0.1181 -5.496 1.2385, -0.1181 -5.496 1.1339, -0.2756 -5.496 1.2385, -0.2756 -5.496 1.1339, -0.5118 -2.9776 1.8425, -0.5118 -3.9797 1.8425, -0.6693 -2.9776 1.8425, -0.6693 -3.9797 1.8425, -0.5118 -2.9776 1.9213, -0.6693 -2.9776 1.9213, -0.5118 -3.9948 1.9213, -0.6693 -3.9948 1.9213, -0.5118 -5.5748 1.2919, -0.6693 -5.5748 1.2919, -0.5118 -5.5748 1.1339, -0.6693 -5.5748 1.1339, -0.5118 -5.496 1.2385, -0.5118 -5.496 1.1339, -0.6693 -5.496 1.2385, -0.6693 -5.496 1.1339, -0.9055 -2.9776 1.8425, -0.9055 -3.9797 1.8425, -1.063 -2.9776 1.8425, -1.063 -3.9797 1.8425, -0.9055 -2.9776 1.9213, -1.063 -2.9776 1.9213, -0.9055 -3.9948 1.9213, -1.063 -3.9948 1.9213, -0.9055 -5.5748 1.2919, -1.063 -5.5748 1.2919, -0.9055 -5.5748 1.1339, -1.063 -5.5748 1.1339, -0.9055 -5.496 1.2385, -0.9055 -5.496 1.1339, -1.063 -5.496 1.2385, -1.063 -5.496 1.1339, -1.2992 -2.9776 1.8425, -1.2992 -3.9797 1.8425, -1.4567 -2.9776 1.8425, -1.4567 -3.9797 1.8425, -1.2992 -2.9776 1.9213, -1.4567 -2.9776 1.9213, -1.2992 -3.9948 1.9213, -1.4567 -3.9948 1.9213, -1.2992 -5.5748 1.2919, -1.4567 -5.5748 1.2919, -1.2992 -5.5748 1.1339, -1.4567 -5.5748 1.1339, -1.2992 -5.496 1.2385, -1.2992 -5.496 1.1339, -1.4567 -5.496 1.2385, -1.4567 -5.496 1.1339
            ]
        }
        coordIndex [
            0,1,2,-1,2,1,3,-1,4,0,5,-1,5,0,2,-1,6,4,7,-1,7,4,5,-1,8,6,9,-1,9,6,7,-1,10,8,11,-1,11,8,9,-1,12,13,14,-1,14,13,15,-1,1,12,3,-1,3,12,14,-1,0,4,1,-1,1,4,6,-1,1,6,12,-1,12,6,8,-1,12,8,13,-1,13,8,10,-1,15,11,14,-1,14,11,9,-1,14,9,3,-1,3,9,7,-1,3,7,2,-1,2,7,5,-1,16,17,18,-1,18,17,19,-1,20,16,21,-1,21,16,18,-1,22,20,23,-1,23,20,21,-1,24,22,25,-1,25,22,23,-1,26,24,27,-1,27,24,25,-1,28,29,30,-1,30,29,31,-1,17,28,19,-1,19,28,30,-1,16,20,17,-1,17,20,22,-1,17,22,28,-1,28,22,24,-1,28,24,29,-1,29,24,26,-1,31,27,30,-1,30,27,25,-1,30,25,19,-1,19,25,23,-1,19,23,18,-1,18,23,21,-1,32,33,34,-1,34,33,35,-1,36,32,37,-1,37,32,34,-1,38,36,39,-1,39,36,37,-1,40,38,41,-1,41,38,39,-1,42,40,43,-1,43,40,41,-1,44,45,46,-1,46,45,47,-1,33,44,35,-1,35,44,46,-1,32,36,33,-1,33,36,38,-1,33,38,44,-1,44,38,40,-1,44,40,45,-1,45,40,42,-1,47,43,46,-1,46,43,41,-1,46,41,35,-1,35,41,39,-1,35,39,34,-1,34,39,37,-1,48,49,50,-1,50,49,51,-1,52,48,53,-1,53,48,50,-1,54,52,55,-1,55,52,53,-1,56,54,57,-1,57,54,55,-1,58,56,59,-1,59,56,57,-1,60,61,62,-1,62,61,63,-1,49,60,51,-1,51,60,62,-1,48,52,49,-1,49,52,54,-1,49,54,60,-1,60,54,56,-1,60,56,61,-1,61,56,58,-1,63,59,62,-1,62,59,57,-1,62,57,51,-1,51,57,55,-1,51,55,50,-1,50,55,53,-1,64,65,66,-1,66,65,67,-1,68,64,69,-1,69,64,66,-1,70,68,71,-1,71,68,69,-1,72,70,73,-1,73,70,71,-1,74,72,75,-1,75,72,73,-1,76,77,78,-1,78,77,79,-1,65,76,67,-1,67,76,78,-1,64,68,65,-1,65,68,70,-1,65,70,76,-1,76,70,72,-1,76,72,77,-1,77,72,74,-1,79,75,78,-1,78,75,73,-1,78,73,67,-1,67,73,71,-1,67,71,66,-1,66,71,69,-1,80,81,82,-1,82,81,83,-1,84,80,85,-1,85,80,82,-1,86,84,87,-1,87,84,85,-1,88,86,89,-1,89,86,87,-1,90,88,91,-1,91,88,89,-1,92,93,94,-1,94,93,95,-1,81,92,83,-1,83,92,94,-1,80,84,81,-1,81,84,86,-1,81,86,92,-1,92,86,88,-1,92,88,93,-1,93,88,90,-1,95,91,94,-1,94,91,89,-1,94,89,83,-1,83,89,87,-1,83,87,82,-1,82,87,85,-1,96,97,98,-1,98,97,99,-1,100,96,101,-1,101,96,98,-1,102,100,103,-1,103,100,101,-1,104,102,105,-1,105,102,103,-1,106,104,107,-1,107,104,105,-1,108,109,110,-1,110,109,111,-1,97,108,99,-1,99,108,110,-1,96,100,97,-1,97,100,102,-1,97,102,108,-1,108,102,104,-1,108,104,109,-1,109,104,106,-1,111,107,110,-1,110,107,105,-1,110,105,99,-1,99,105,103,-1,99,103,98,-1,98,103,101,-1,112,113,114,-1,114,113,115,-1,116,112,117,-1,117,112,114,-1,118,116,119,-1,119,116,117,-1,120,118,121,-1,121,118,119,-1,122,120,123,-1,123,120,121,-1,124,125,126,-1,126,125,127,-1,113,124,115,-1,115,124,126,-1,112,116,113,-1,113,116,118,-1,113,118,124,-1,124,118,120,-1,124,120,125,-1,125,120,122,-1,127,123,126,-1,126,123,121,-1,126,121,115,-1,115,121,119,-1,115,119,114,-1,114,119,117,-1,
        ]
    }
}
Shape{
    appearance Appearance {
        material  Material 	{
            diffuseColor 0.25098039215686274 0.25098039215686274 0.25098039215686274
            specularColor 0.12549019607843137 0.12549019607843137 0.12549019607843137
            ambientIntensity 0.251
            transparency 0.0
            shininess 0.5
        }
    }
    geometry IndexedFaceSet {
        ccw TRUE
        solid FALSE
        coord DEF co Coordinate {
            point [
                2.5 -3.0079 -1.2283, 2.5867 -3.0186 -1.2283, 2.647 -3.1132 -1.2283, 2.8436 -3.2755 -1.2283, 2.8544 -3.3622 -1.2283, 2.7491 -3.2152 -1.2283, 2.8436 -3.4489 -1.2283, 2.7491 -3.5092 -1.2283, 2.3531 -3.1132 -1.2283, 2.647 -3.6112 -1.2283, 2.5 -3.7165 -1.2283, 2.4134 -3.7058 -1.2283, 2.3531 -3.6112 -1.2283, 2.251 -3.5092 -1.2283, 2.1565 -3.4489 -1.2283, 2.1457 -3.3622 -1.2283, 2.4134 -3.0186 -1.2283, 2.5867 -3.7058 -1.2283, 2.251 -3.2152 -1.2283, 2.1565 -3.2755 -1.2283
            ]
        }
        coordIndex [
            0,1,2,-1,3,4,5,-1,5,4,6,-1,5,6,2,-1,6,7,8,-1,8,7,9,-1,10,11,12,-1,13,14,15,-1,6,8,2,-1,2,8,16,-1,2,16,0,-1,17,10,9,-1,9,10,12,-1,9,12,8,-1,8,12,13,-1,8,13,18,-1,18,13,15,-1,18,15,19,-1,
        ]
    }
}
Shape{
    appearance Appearance {
        material  Material 	{
            diffuseColor 0.7529411764705882 0.7529411764705882 0.7529411764705882
            specularColor 0.3764705882352941 0.3764705882352941 0.3764705882352941
            ambientIntensity 0.7529
            transparency 0.0
            shininess 0.5
        }
    }
    geometry IndexedFaceSet {
        ccw TRUE
        solid FALSE
        coord DEF co Coordinate {
            point [
                -3.2283 -7.5433 0.1496, -3.2283 -7.2972 0.5552, -3.2283 -7.2972 1.8151, -3.2283 -4.4173 1.4016, -3.2283 -4.4173 0.1496, -3.2283 -4.0425 0.1496, -3.2283 -7.2972 3.7085, -3.2283 -7.5433 5.374, -3.2283 -7.2972 3.6495, -3.2283 -7.2972 1.8741, -3.2283 -4.811 1.4016, -3.2283 -5.0103 1.6773, -3.2283 -4.811 0.1496, -3.2283 -5.0103 0.693, -3.2283 -7.2972 0.4962, -3.2283 -1.0445 4.3981, -3.2283 -7.2972 4.9684, -3.2283 -7.2972 5.0274, -3.2283 -2.7349 5.374, -3.2283 -5.0103 4.8306, -3.2283 -5.0103 3.8463, -3.2283 -2.6819 0.1496, -3.2283 0.6202 0.1496, -3.2283 3.6024 4.3981, -3.2283 1.8305 0.1496, -3.2283 3.6024 0.1496, -3.3464 -4.4173 0.1496, -3.3464 -4.0425 0.1496, -3.3464 -4.811 0.1496, -3.3464 -7.5433 0.1496, 3.3465 -4.811 0.1496, 3.3465 -7.5433 0.1496, 3.2284 -4.811 0.1496, 3.2284 -7.5433 0.1496, 2.3119 -6.8775 5.4921, 2.3907 -6.8775 5.4921, 2.3119 -6.8775 5.374, 2.3907 -6.8775 5.374, -3.1889 -7.5433 5.374, 1.0127 -6.8775 5.374, 1.0915 -6.8775 5.374, 3.189 -7.5433 5.374, -1.0914 -6.8775 5.374, -1.0127 -6.8775 5.374, 2.2529 -3.7279 5.374, 1.1505 -3.7279 5.374, -1.1505 -3.7279 5.374, 3.2284 -7.5433 5.374, 3.2284 -2.7349 5.374, 3.2284 -2.6562 5.374, 3.2284 5.1772 5.374, -2.3906 -6.8775 5.374, -2.3119 -6.8775 5.374, -3.2283 5.2165 5.374, 3.2284 5.2165 5.374, -3.2283 5.1772 5.374, -3.2283 -2.6562 5.374, -2.2528 -3.7279 5.374, 3.189 -7.5433 5.4921, 3.2284 -7.5433 5.4921, 3.2284 -2.7349 5.4921, -1.0127 -6.8775 5.4921, 1.0127 -6.8775 5.4921, -1.1505 -3.7279 5.4921, 1.1505 -3.7279 5.4921, -2.3119 -6.8775 5.4921, -2.3906 -6.8775 5.4921, -3.1889 -7.5433 5.4921, -2.2528 -3.7279 5.4921, 1.0915 -6.8775 5.4921, -1.0914 -6.8775 5.4921, -3.2283 -7.5433 5.4921, -3.2283 -2.7349 5.4921, -3.2283 -2.6562 5.4921, -3.2283 5.1772 5.4921, 3.2284 5.2165 5.4921, -3.2283 5.2165 5.4921, 3.2284 5.1772 5.4921, 3.2284 -2.6562 5.4921, 2.2529 -3.7279 5.4921, -2.7952 -7.6653 0.1496, -3.1889 -7.6653 0.1496, -2.7952 -7.5472 0.1496, -3.1889 -7.5472 0.1496, 3.3465 -7.2972 3.7085, 3.3465 -7.2972 3.6495, 3.2284 -7.2972 3.7085, 3.2284 -7.2972 3.6495, 3.3465 -7.5433 5.374, 3.3465 -5.0103 0.693, 3.3465 -7.2972 0.4962, 3.3465 -4.811 0.0315, 3.3465 -4.4173 0.0315, 3.3465 -4.4173 0.1496, 3.3465 -7.2972 0.5552, 3.3465 -7.2972 1.8151, 3.3465 -7.2972 1.8741, 3.3465 -7.2972 4.9684, 3.3465 -7.2972 5.0274, 3.3465 -2.7349 5.374, 3.3465 -5.0103 4.8306, 3.3465 -1.0445 4.3981, 3.3465 -5.0103 3.8463, 3.3465 -5.0103 1.6773, 3.3465 -4.0425 0.1496, 3.3465 -2.6819 0.1496, 3.3465 3.6024 0.1496, 3.3465 3.6024 4.3981, 3.3465 1.8305 0.1496, 3.3465 0.6202 0.1496, 3.2284 -5.0103 1.6773, 3.2284 -7.2972 1.8741, 3.2284 -7.2972 4.9684, 3.2284 -7.2972 1.8151, 3.2284 0.6202 0.1496, 3.2284 -1.0445 4.3981, 3.2284 1.8305 0.1496, 3.2284 3.6024 4.3981, 3.2284 3.6024 0.1496, 3.2284 -4.4173 0.1496, 3.2284 -4.4173 1.4016, 3.2284 -4.0425 0.1496, 3.2284 -2.6819 0.1496, 3.2284 -4.811 1.4016, 3.2284 -5.0103 3.8463, 3.2284 -5.0103 4.8306, 3.2284 -7.2972 5.0274, 3.2284 -7.2972 0.5552, 3.2284 -7.2972 0.4962, 3.2284 -5.0103 0.693, -3.3464 -7.2972 1.8151, -3.3464 -7.2972 1.8741, -3.3464 -4.4173 0.0315, -3.3464 -4.811 0.0315, -3.3464 -7.2972 4.9684, -3.3464 -7.2972 3.7085, -3.3464 -7.5433 5.374, -3.3464 -7.2972 3.6495, -3.3464 -7.2972 0.5552, -3.3464 -7.2972 0.4962, -3.3464 -5.0103 0.693, -3.3464 -1.0445 4.3981, -3.3464 -5.0103 3.8463, -3.3464 -2.7349 5.374, -3.3464 -5.0103 4.8306, -3.3464 -7.2972 5.0274, -3.3464 -5.0103 1.6773, -3.3464 0.6202 0.1496, -3.3464 1.8305 0.1496, -3.3464 3.6024 4.3981, -3.3464 3.6024 0.1496, -3.3464 -2.6819 0.1496, -3.2283 5.2165 5.3346, -3.2283 5.3347 5.3346, -3.2283 5.3347 5.374, 3.2284 5.3347 5.374, 3.2284 5.3317 5.4003, 3.2284 5.323 5.4253, 3.2284 5.3089 5.4477, 3.2284 5.2902 5.4664, 3.2284 5.2678 5.4804, 3.2284 5.2428 5.4892, -3.2283 5.3317 5.4003, -3.2283 5.323 5.4253, -3.2283 5.3089 5.4477, -3.2283 5.2902 5.4664, -3.2283 5.2678 5.4804, -3.2283 5.2428 5.4892, 3.2284 5.3347 5.3346, 3.2284 5.2165 5.3346, -3.2283 5.3347 0.1772, 3.2284 5.3347 0.1772, -3.2283 5.2165 0.1772, 3.2284 5.2165 0.1772, -3.2589 5.3306 0.1772, -3.3306 5.2756 0.1772, -3.3424 5.2471 0.1772, -3.3464 5.2165 0.1772, -3.3118 5.3001 0.1772, -3.2874 5.3188 0.1772, -3.3464 5.2165 5.3346, -3.3424 5.2471 5.3346, -3.3306 5.2756 5.3346, -3.3118 5.3001 5.3346, -3.2874 5.3188 5.3346, -3.2589 5.3306 5.3346, -3.3464 3.6417 0.1772, -3.2283 3.6417 0.1772, -3.3464 3.6417 4.4254, -3.2283 3.6417 4.4254, -3.3464 4.1696 1.5814, -3.3464 4.1696 2.0698, -3.3464 3.8539 1.5814, -3.3464 3.8539 2.0698, -3.2283 3.8539 2.0698, -3.2283 4.1696 2.0698, -3.2283 4.1696 1.5814, -3.2283 3.8539 1.5814, -3.3464 5.1772 5.374, -3.3424 5.1772 5.4046, -3.3306 5.1772 5.4331, -3.3118 5.1772 5.4575, -3.2874 5.1772 5.4763, -3.2589 5.1772 5.4881, -3.3464 -2.6562 5.374, -3.3424 -2.6562 5.4046, -3.3306 -2.6562 5.4331, -3.3118 -2.6562 5.4575, -3.2874 -2.6562 5.4763, -3.2589 -2.6562 5.4881, -3.3464 3.555 4.4374, -3.2283 3.555 4.4374, -3.3464 -1.034 4.4374, -3.2283 -1.034 4.4374, -3.3464 -0.0711 4.7426, -3.3464 0.3081 4.7426, -3.3464 -0.0711 5.0237, -3.3464 0.3081 5.0237, -3.2283 -0.0711 5.0237, -3.2283 0.3081 5.0237, -3.2283 -0.0711 4.7426, -3.2283 0.3081 4.7426, -3.3424 -2.7349 5.4046, -3.3306 -2.7349 5.4331, -3.3118 -2.7349 5.4575, -3.2874 -2.7349 5.4763, -3.2589 -2.7349 5.4881, -3.3424 -7.5433 5.4046, -3.3306 -7.5433 5.4331, -3.3118 -7.5433 5.4575, -3.2874 -7.5433 5.4763, -3.2589 -7.5433 5.4881
            ]
        }
        coordIndex [
            0,1,2,-1,3,4,5,-1,6,7,8,-1,8,7,0,-1,8,0,9,-1,9,0,2,-1,10,11,12,-1,12,11,13,-1,12,13,0,-1,0,13,14,-1,0,14,1,-1,3,5,15,-1,6,16,7,-1,7,16,17,-1,7,17,18,-1,18,17,19,-1,18,19,15,-1,15,19,20,-1,10,3,11,-1,11,3,15,-1,11,15,9,-1,9,15,20,-1,9,20,8,-1,5,21,15,-1,15,21,22,-1,15,22,23,-1,23,22,24,-1,23,24,25,-1,4,26,5,-1,5,26,27,-1,12,0,28,-1,28,0,29,-1,30,31,32,-1,32,31,33,-1,34,35,36,-1,36,35,37,-1,38,7,18,-1,39,40,41,-1,38,42,43,-1,40,36,41,-1,41,36,37,-1,41,37,44,-1,41,38,39,-1,39,38,43,-1,39,43,45,-1,45,43,46,-1,47,41,48,-1,48,41,44,-1,48,44,49,-1,49,44,45,-1,49,45,50,-1,50,45,46,-1,18,51,38,-1,38,51,52,-1,38,52,42,-1,53,54,55,-1,55,54,50,-1,55,50,56,-1,56,50,46,-1,56,46,18,-1,18,46,57,-1,18,57,51,-1,58,59,60,-1,61,62,63,-1,63,62,64,-1,65,66,67,-1,67,66,68,-1,69,62,58,-1,58,62,61,-1,58,61,67,-1,67,61,70,-1,67,70,65,-1,60,35,58,-1,58,35,34,-1,58,34,69,-1,71,67,72,-1,72,67,68,-1,72,68,73,-1,73,68,63,-1,73,63,74,-1,74,63,64,-1,75,76,77,-1,77,76,74,-1,77,74,78,-1,78,74,64,-1,78,64,60,-1,60,64,79,-1,60,79,35,-1,51,66,52,-1,52,66,65,-1,80,81,82,-1,82,81,83,-1,67,71,38,-1,38,71,7,-1,84,85,86,-1,86,85,87,-1,85,84,88,-1,89,90,31,-1,91,92,30,-1,30,92,93,-1,90,94,31,-1,31,94,95,-1,31,95,96,-1,84,97,88,-1,88,97,98,-1,88,98,99,-1,99,98,100,-1,99,100,101,-1,101,100,102,-1,31,30,89,-1,89,30,93,-1,89,93,103,-1,103,93,104,-1,88,31,85,-1,85,31,96,-1,85,96,102,-1,102,96,103,-1,102,103,101,-1,101,103,104,-1,101,104,105,-1,106,107,108,-1,108,107,101,-1,108,101,109,-1,109,101,105,-1,87,110,111,-1,47,112,86,-1,113,33,111,-1,111,33,47,-1,111,47,87,-1,87,47,86,-1,114,115,116,-1,116,115,117,-1,116,117,118,-1,119,120,121,-1,121,120,115,-1,121,115,122,-1,122,115,114,-1,120,123,115,-1,115,123,124,-1,115,124,48,-1,48,124,125,-1,48,125,47,-1,47,125,126,-1,47,126,112,-1,113,127,33,-1,33,127,128,-1,33,128,32,-1,32,128,129,-1,32,129,123,-1,123,129,110,-1,123,110,124,-1,124,110,87,-1,111,96,113,-1,113,96,95,-1,48,49,60,-1,60,49,78,-1,50,54,77,-1,77,54,75,-1,130,131,2,-1,2,131,9,-1,131,130,29,-1,26,132,133,-1,134,135,136,-1,136,135,137,-1,130,138,29,-1,29,138,139,-1,29,139,28,-1,28,139,140,-1,141,142,143,-1,143,142,144,-1,143,144,136,-1,136,144,145,-1,136,145,134,-1,29,136,131,-1,131,136,137,-1,131,137,146,-1,146,137,142,-1,146,142,147,-1,147,142,141,-1,147,141,148,-1,148,141,149,-1,148,149,150,-1,133,28,26,-1,26,28,140,-1,26,140,27,-1,27,140,146,-1,27,146,151,-1,151,146,147,-1,8,137,6,-1,6,137,135,-1,73,56,72,-1,72,56,18,-1,152,53,153,-1,153,53,154,-1,47,59,41,-1,41,59,58,-1,76,53,74,-1,74,53,55,-1,54,155,156,-1,156,157,54,-1,54,157,158,-1,54,158,159,-1,159,160,54,-1,54,160,161,-1,54,161,75,-1,155,154,162,-1,155,162,156,-1,156,162,163,-1,156,163,157,-1,157,163,164,-1,157,164,158,-1,158,164,165,-1,158,165,159,-1,159,165,166,-1,159,166,160,-1,160,166,167,-1,160,167,161,-1,161,167,76,-1,161,76,75,-1,53,76,167,-1,167,166,53,-1,53,166,165,-1,53,165,164,-1,164,163,53,-1,53,163,162,-1,53,162,154,-1,155,54,168,-1,168,54,169,-1,170,171,172,-1,172,171,173,-1,154,155,153,-1,153,155,168,-1,153,168,170,-1,170,168,171,-1,172,173,152,-1,152,173,169,-1,152,169,53,-1,53,169,54,-1,174,170,172,-1,175,172,176,-1,176,172,177,-1,175,178,172,-1,172,178,179,-1,172,179,174,-1,177,180,181,-1,177,181,176,-1,176,181,182,-1,176,182,175,-1,175,182,183,-1,175,183,178,-1,178,183,184,-1,178,184,179,-1,179,184,185,-1,179,185,174,-1,174,185,153,-1,174,153,170,-1,153,185,152,-1,152,185,184,-1,152,184,183,-1,183,182,152,-1,152,182,181,-1,152,181,180,-1,186,177,187,-1,187,177,172,-1,188,186,189,-1,189,186,187,-1,180,188,152,-1,152,188,189,-1,177,190,191,-1,190,177,192,-1,192,177,186,-1,192,186,193,-1,193,186,188,-1,193,188,191,-1,191,188,180,-1,191,180,177,-1,194,189,187,-1,189,194,152,-1,152,194,195,-1,152,195,172,-1,172,195,196,-1,172,196,187,-1,187,196,197,-1,187,197,194,-1,198,199,55,-1,55,199,200,-1,55,200,201,-1,201,202,55,-1,55,202,203,-1,55,203,74,-1,198,204,205,-1,198,205,199,-1,199,205,206,-1,199,206,200,-1,200,206,207,-1,200,207,201,-1,201,207,208,-1,201,208,202,-1,202,208,209,-1,202,209,203,-1,203,209,73,-1,203,73,74,-1,73,209,56,-1,56,209,208,-1,56,208,207,-1,207,206,56,-1,56,206,205,-1,56,205,204,-1,210,198,211,-1,211,198,55,-1,212,210,213,-1,213,210,211,-1,204,212,56,-1,56,212,213,-1,212,214,215,-1,214,212,216,-1,216,212,204,-1,216,204,217,-1,217,204,198,-1,217,198,215,-1,215,198,210,-1,215,210,212,-1,56,218,219,-1,218,56,220,-1,220,56,213,-1,220,213,221,-1,221,213,211,-1,221,211,219,-1,219,211,55,-1,219,55,56,-1,143,222,18,-1,18,222,223,-1,18,223,224,-1,224,225,18,-1,18,225,226,-1,18,226,72,-1,143,136,227,-1,143,227,222,-1,222,227,228,-1,222,228,223,-1,223,228,229,-1,223,229,224,-1,224,229,230,-1,224,230,225,-1,225,230,231,-1,225,231,226,-1,226,231,71,-1,226,71,72,-1,71,231,7,-1,7,231,230,-1,7,230,229,-1,229,228,7,-1,7,228,227,-1,7,227,136,-1,141,143,15,-1,15,143,18,-1,149,141,23,-1,23,141,15,-1,150,149,25,-1,25,149,23,-1,136,29,7,-1,7,29,0,-1,8,20,137,-1,137,20,142,-1,20,19,142,-1,142,19,144,-1,19,17,144,-1,144,17,145,-1,134,145,16,-1,16,145,17,-1,
        ]
    }
}
Shape{
    appearance Appearance {
        material  Material 	{
            diffuseColor 1.0 1.0 1.0
            specularColor 0.8784313725490196 0.8784313725490196 0.8784313725490196
            ambientIntensity 1.0
            transparency 0.0
            shininess 0.5
        }
    }
    geometry IndexedFaceSet {
        ccw TRUE
        solid FALSE
        coord DEF co Coordinate {
            point [
                -3.3003 -7.1885 3.7085, -3.2763 -7.2022 3.7085, -3.3464 -7.2972 3.7085, -3.2562 -7.221 3.7085, -3.241 -7.244 3.7085, -3.2315 -7.2698 3.7085, -3.2283 -7.2972 3.7085, -3.3003 -7.1885 4.9684, -3.2763 -7.2022 4.9684, -3.2562 -7.221 4.9684, -3.241 -7.244 4.9684, -3.2315 -7.2698 4.9684, -3.2283 -7.2972 4.9684, -3.3464 -7.2972 4.9684
            ]
        }
        coordIndex [
            0,1,2,-1,2,1,3,-1,3,4,2,-1,2,4,5,-1,2,5,6,-1,0,7,8,-1,0,8,1,-1,1,8,9,-1,1,9,3,-1,3,9,10,-1,3,10,4,-1,4,10,11,-1,4,11,5,-1,5,11,12,-1,5,12,6,-1,8,7,13,-1,13,12,11,-1,11,10,13,-1,13,10,9,-1,13,9,8,-1,
        ]
    }
}
Shape{
    appearance Appearance {
        material  Material 	{
            diffuseColor 0.7529411764705882 0.7529411764705882 0.7529411764705882
            specularColor 0.3764705882352941 0.3764705882352941 0.3764705882352941
            ambientIntensity 0.7529
            transparency 0.0
            shininess 0.5
        }
    }
    geometry IndexedFaceSet {
        ccw TRUE
        solid FALSE
        coord DEF co Coordinate {
            point [
                -3.3733 -7.1575 3.7085, -3.3003 -7.1885 3.7085, -3.4194 -7.2662 3.7085, -3.3464 -7.2972 3.7085, -3.3003 -7.1885 4.9684, -3.3733 -7.1575 4.9684, -3.3464 -7.2972 4.9684, -3.4194 -7.2662 4.9684, -3.5707 -7.0081 3.7208, -3.6782 -7.0665 3.7218, -3.6017 -6.9711 3.7232, -3.7067 -7.0223 3.7239, -3.6087 -6.9587 3.7239, -3.7378 -6.974 3.7262, -3.6395 -6.9042 3.7269, -3.7452 -6.9564 3.7269, -3.6472 -6.8907 3.7277, -3.7808 -6.8727 3.7306, -3.6728 -6.8168 3.7315, -3.7863 -6.8495 3.7315, -3.6797 -6.7967 3.7326, -3.795 -6.8122 3.733, -3.6812 -6.7869 3.733, -3.806 -6.7655 3.735, -3.694 -6.6982 3.7374, -3.8127 -6.6606 3.7392, -3.6946 -6.6627 3.7392, -3.4607 -7.1102 3.7134, -3.5166 -7.2148 3.7129, -3.4806 -7.094 3.7147, -3.5507 -7.1885 3.7147, -3.5048 -7.0742 3.7162, -3.5811 -7.1651 3.7162, -3.5378 -7.0473 3.7183, -3.6038 -7.1476 3.7173, -3.662 -7.0841 3.7208, -3.6384 -6.9038 4.95, -3.7355 -6.9783 4.951, -3.6172 -6.9472 4.9524, -3.7067 -7.0223 4.9531, -3.6087 -6.9586 4.9531, -3.6752 -7.0703 4.9554, -3.5715 -7.0089 4.9561, -3.6622 -7.0843 4.9561, -3.5623 -7.0215 4.9569, -3.6001 -7.1508 4.9598, -3.5052 -7.0749 4.9607, -3.5812 -7.1652 4.9607, -3.4896 -7.0894 4.9618, -3.5507 -7.1884 4.9623, -3.4812 -7.0947 4.9623, -3.5125 -7.2174 4.9642, -3.4055 -7.1425 4.9666, -3.6946 -6.6627 4.9377, -3.8127 -6.6606 4.9377, -3.687 -6.7618 4.9426, -3.8053 -6.7703 4.9421, -3.6803 -6.7865 4.9439, -3.7951 -6.8122 4.9439, -3.672 -6.8167 4.9454, -3.786 -6.8494 4.9454, -3.6609 -6.8578 4.9475, -3.7793 -6.8773 4.9466, -3.745 -6.9563 4.95, -3.5378 -7.0473 3.7183, -3.6609 -6.8578 4.9475, -3.7866 -5.1639 4.8089, -3.6685 -5.166 4.8089, -3.6685 -5.166 3.868, -3.7866 -5.1639 3.868, -3.785 -5.0728 3.8996, -3.7834 -4.984 4.0642, -3.7844 -5.0358 3.9311, -3.7836 -4.99 4.0159, -3.7839 -5.0076 3.9707, -3.7858 -5.1164 3.8782, -3.7834 -4.984 4.6128, -3.7836 -4.99 4.661, -3.7858 -5.1164 4.7988, -3.785 -5.0728 4.7773, -3.7844 -5.0358 4.7458, -3.7839 -5.0076 4.7063, -3.6677 -5.1185 3.8782, -3.6655 -4.9921 4.0159, -3.6654 -4.9861 4.0642, -3.6669 -5.0749 3.8996, -3.6663 -5.0379 3.9311, -3.6658 -5.0097 3.9707, -3.6669 -5.0749 4.7773, -3.6655 -4.9921 4.661, -3.6663 -5.0379 4.7458, -3.6658 -5.0097 4.7063, -3.6654 -4.9861 4.6128, -3.6677 -5.1185 4.7988, -3.2283 -5.0103 1.6773, -3.2283 -7.2972 1.8741, -3.3464 -5.0103 1.6773, -3.3464 -7.2972 1.8741, -3.2283 -7.2972 0.4962, -3.3464 -7.2972 0.4962, -3.2283 -7.2972 0.5552, -3.3464 -7.2972 0.5552, -3.2283 -5.0103 0.693, -3.3464 -5.0103 0.693, -3.2562 -7.221 0.5552, -3.2763 -7.2022 0.5552, -3.3003 -7.1885 0.5552, -3.241 -7.244 0.5552, -3.2315 -7.2698 0.5552, -3.3003 -7.1885 1.8151, -3.2763 -7.2022 1.8151, -3.2562 -7.221 1.8151, -3.241 -7.244 1.8151, -3.2315 -7.2698 1.8151, -3.2283 -7.2972 1.8151, -3.3464 -7.2972 1.8151, -3.3733 -7.1575 1.8151, -3.4194 -7.2662 1.8151, -3.3733 -7.1575 0.5552, -3.4194 -7.2662 0.5552, -3.5707 -7.0081 0.5675, -3.6782 -7.0665 0.5685, -3.6017 -6.9711 0.5699, -3.7067 -7.0223 0.5706, -3.6087 -6.9587 0.5706, -3.7378 -6.974 0.5729, -3.6395 -6.9042 0.5736, -3.7452 -6.9564 0.5736, -3.6472 -6.8907 0.5744, -3.7808 -6.8727 0.5773, -3.6728 -6.8168 0.5782, -3.7863 -6.8495 0.5782, -3.6797 -6.7967 0.5793, -3.795 -6.8122 0.5798, -3.6812 -6.7869 0.5798, -3.806 -6.7655 0.5817, -3.694 -6.6982 0.5841, -3.8127 -6.6606 0.5859, -3.6946 -6.6627 0.5859, -3.4607 -7.1102 0.5601, -3.5166 -7.2148 0.5596, -3.4806 -7.094 0.5614, -3.5507 -7.1885 0.5614, -3.5048 -7.0742 0.5629, -3.5811 -7.1651 0.5629, -3.5378 -7.0473 0.565, -3.6038 -7.1476 0.5641, -3.662 -7.0841 0.5675, -3.6384 -6.9038 1.7967, -3.7355 -6.9783 1.7977, -3.6172 -6.9472 1.7991, -3.7067 -7.0223 1.7998, -3.6087 -6.9586 1.7998, -3.6752 -7.0703 1.8021, -3.5715 -7.0089 1.8028, -3.6622 -7.0843 1.8028, -3.5623 -7.0215 1.8036, -3.6001 -7.1508 1.8065, -3.5052 -7.0749 1.8074, -3.5812 -7.1652 1.8074, -3.4896 -7.0894 1.8085, -3.5507 -7.1884 1.809, -3.4812 -7.0947 1.809, -3.5125 -7.2174 1.8109, -3.4055 -7.1425 1.8133, -3.6946 -6.6627 1.7845, -3.8127 -6.6606 1.7845, -3.687 -6.7618 1.7893, -3.8053 -6.7703 1.7889, -3.6803 -6.7865 1.7906, -3.7951 -6.8122 1.7906, -3.672 -6.8167 1.7921, -3.786 -6.8494 1.7921, -3.6609 -6.8578 1.7942, -3.7793 -6.8773 1.7933, -3.745 -6.9563 1.7967, -3.7355 -6.9783 1.7977, -3.7866 -5.1639 1.6556, -3.6685 -5.166 1.6556, -3.6685 -5.166 0.7147, -3.7866 -5.1639 0.7147, -3.7834 -4.984 0.9109, -3.7834 -4.984 1.4595, -3.7836 -4.99 1.5077, -3.7858 -5.1164 1.6455, -3.785 -5.0728 1.624, -3.7844 -5.0358 1.5926, -3.7839 -5.0076 1.553, -3.7839 -5.0076 0.8174, -3.7844 -5.0358 0.7778, -3.7836 -4.99 0.8627, -3.785 -5.0728 0.7463, -3.7858 -5.1164 0.7249, -3.6654 -4.9861 0.9109, -3.6669 -5.0749 1.624, -3.6655 -4.9921 1.5077, -3.6663 -5.0379 1.5926, -3.6658 -5.0097 1.553, -3.6654 -4.9861 1.4595, -3.6677 -5.1185 1.6455, -3.6677 -5.1185 0.7249, -3.6669 -5.0749 0.7463, -3.6655 -4.9921 0.8627, -3.6663 -5.0379 0.7778, -3.6658 -5.0097 0.8174, 3.2284 5.2165 5.3346, 3.3465 5.2165 5.3346, 3.3435 5.2428 5.3346, 3.3348 5.2678 5.3346, 3.3207 5.2902 5.3346, 3.302 5.3089 5.3346, 3.2796 5.323 5.3346, 3.2547 5.3317 5.3346, 3.2284 5.3347 5.3346, 3.3465 5.2165 2.9757, 3.3465 5.2165 0.5891, 3.3435 5.2428 0.1772, 3.3465 5.2165 0.4492, 3.3465 5.2165 0.3111, 3.3465 5.2165 0.2688, 3.3465 5.2165 0.1772, 3.3348 5.2678 0.1772, 3.3207 5.2902 0.1772, 3.302 5.3089 0.1772, 3.2796 5.323 0.1772, 3.2547 5.3317 0.1772, 3.2284 5.3347 0.1772, 3.2284 5.2165 0.1772, 3.3465 5.1398 5.2903, 3.2284 3.6417 4.4254, 3.3465 3.6417 4.4254, 3.3465 4.4572 4.8962, 3.3465 4.6369 5.0, 3.3465 4.6567 5.0114, 3.3465 4.5663 4.9592, 3.3465 4.5599 4.9556, 3.3465 4.7055 5.0396, 3.3465 4.7304 5.054, 3.3465 4.8303 5.1117, 3.3465 4.8641 5.1311, 3.3465 4.964 5.1889, 3.3465 3.6417 2.9757, 3.2284 3.6417 0.1772, 3.3465 3.6417 0.1772, 3.3465 3.6417 0.2688, 3.3465 3.6417 0.3111, 3.3465 3.6417 0.4492, 3.3465 3.6417 0.5891, 3.3465 5.1398 0.1772, 3.3465 4.6567 0.1772, 3.3465 4.6369 0.1772, 3.3465 4.5663 0.1772, 3.3465 4.4572 0.1772, 3.3465 4.5599 0.1772, 3.3465 4.964 0.1772, 3.3465 4.8641 0.1772, 3.3465 4.8303 0.1772, 3.3465 4.7304 0.1772, 3.3465 4.7055 0.1772, 3.3465 -2.6562 5.374, 3.3425 -2.6562 5.4046, 3.2284 -2.6562 5.374, 3.3307 -2.6562 5.4331, 3.3119 -2.6562 5.4575, 3.2874 -2.6562 5.4763, 3.2589 -2.6562 5.4881, 3.2284 -2.6562 5.4921, 3.3465 5.1772 5.374, 3.3425 5.1772 5.4046, 3.3307 5.1772 5.4331, 3.3119 5.1772 5.4575, 3.2874 5.1772 5.4763, 3.2589 5.1772 5.4881, 3.2284 5.1772 5.4921, 3.2284 5.1772 5.374, 3.3465 -1.034 4.4374, 3.2284 -1.034 4.4374, 3.3465 3.555 4.4374, 3.2284 3.555 4.4374, 3.2547 -7.5433 5.4892, 3.2284 -7.5433 5.4921, 3.2284 -7.5433 5.374, 3.3465 -7.5433 5.374, 3.3435 -7.5433 5.4003, 3.3348 -7.5433 5.4253, 3.3207 -7.5433 5.4477, 3.302 -7.5433 5.4664, 3.2796 -7.5433 5.4804, 3.3465 -2.7349 5.374, 3.3435 -2.7349 5.4003, 3.3348 -2.7349 5.4253, 3.3207 -2.7349 5.4477, 3.302 -2.7349 5.4664, 3.2796 -2.7349 5.4804, 3.2547 -2.7349 5.4892, 3.2284 -2.7349 5.4921, 3.2284 -2.7349 5.374, 3.3465 -1.0445 4.3981, 3.2284 -1.0445 4.3981, 3.3465 -7.5433 0.1496, 3.2284 -7.5433 0.1496, 3.3465 -4.0425 0.1496, 3.3465 -4.4173 0.1496, 3.2284 -4.0425 0.1496, 3.2284 -4.4173 0.1496, 3.3465 3.6024 4.3981, 3.3465 3.6024 0.1496, 3.2284 3.6024 4.3981, 3.2284 3.6024 0.1496, 3.2284 -7.2972 1.8741, 3.2284 -5.0103 1.6773, 3.3465 -7.2972 1.8741, 3.3465 -5.0103 1.6773, 3.2284 -5.0103 0.693, 3.3465 -5.0103 0.693, 3.2284 -7.2972 0.4962, 3.3465 -7.2972 0.4962, 3.3465 -7.2972 0.5552, 3.2284 -7.2972 0.5552, 3.3003 -7.1885 1.8151, 3.2764 -7.2022 1.8151, 3.3465 -7.2972 1.8151, 3.2563 -7.221 1.8151, 3.2411 -7.244 1.8151, 3.2316 -7.2698 1.8151, 3.2284 -7.2972 1.8151, 3.3003 -7.1885 0.5552, 3.2764 -7.2022 0.5552, 3.2563 -7.221 0.5552, 3.2411 -7.244 0.5552, 3.2316 -7.2698 0.5552, 3.3733 -7.1575 1.8151, 3.4195 -7.2662 1.8151, 3.3733 -7.1575 0.5552, 3.4195 -7.2662 0.5552, 3.5707 -7.0081 1.8028, 3.6783 -7.0665 1.8019, 3.6017 -6.9711 1.8005, 3.7067 -7.0223 1.7998, 3.6087 -6.9587 1.7998, 3.7379 -6.974 1.7975, 3.6396 -6.9042 1.7967, 3.7453 -6.9564 1.7967, 3.6473 -6.8907 1.7959, 3.7809 -6.8727 1.7931, 3.6728 -6.8168 1.7921, 3.7863 -6.8495 1.7921, 3.6798 -6.7967 1.7911, 3.7951 -6.8122 1.7906, 3.6812 -6.7869 1.7906, 3.8061 -6.7655 1.7887, 3.6941 -6.6982 1.7862, 3.8128 -6.6606 1.7845, 3.6947 -6.6627 1.7845, 3.4608 -7.1102 1.8102, 3.5167 -7.2148 1.8107, 3.4806 -7.094 1.809, 3.5508 -7.1885 1.809, 3.5049 -7.0742 1.8074, 3.5811 -7.1651 1.8074, 3.5378 -7.0473 1.8053, 3.6038 -7.1476 1.8063, 3.6621 -7.0841 1.8028, 3.6385 -6.9038 0.5736, 3.7356 -6.9783 0.5727, 3.6173 -6.9472 0.5713, 3.7067 -7.0223 0.5706, 3.6088 -6.9586 0.5706, 3.6753 -7.0703 0.5683, 3.5716 -7.0089 0.5675, 3.6623 -7.0843 0.5675, 3.5623 -7.0215 0.5667, 3.6002 -7.1508 0.5639, 3.5052 -7.0749 0.5629, 3.5813 -7.1652 0.5629, 3.4897 -7.0894 0.5619, 3.5508 -7.1884 0.5614, 3.4813 -7.0947 0.5614, 3.5126 -7.2174 0.5595, 3.4056 -7.1425 0.557, 3.6947 -6.6627 0.5859, 3.8128 -6.6606 0.5859, 3.6871 -6.7618 0.581, 3.8053 -6.7703 0.5815, 3.6803 -6.7865 0.5798, 3.7951 -6.8122 0.5798, 3.6721 -6.8167 0.5782, 3.7861 -6.8494 0.5782, 3.6609 -6.8578 0.5761, 3.7793 -6.8773 0.5771, 3.7451 -6.9563 0.5736, 3.8053 -6.7703 0.5815, 3.7867 -5.1639 0.7147, 3.6686 -5.166 0.7147, 3.6686 -5.166 1.6556, 3.7867 -5.1639 1.6556, 3.7835 -4.984 0.9109, 3.7858 -5.1164 0.7249, 3.7851 -5.0728 0.7463, 3.7836 -4.99 0.8627, 3.7844 -5.0358 0.7778, 3.7839 -5.0076 0.8174, 3.7851 -5.0728 1.624, 3.7836 -4.99 1.5077, 3.7844 -5.0358 1.5926, 3.7839 -5.0076 1.553, 3.7835 -4.984 1.4595, 3.7858 -5.1164 1.6455, 3.6654 -4.9861 0.9109, 3.6654 -4.9861 1.4595, 3.6655 -4.9921 1.5077, 3.6677 -5.1185 1.6455, 3.667 -5.0749 1.624, 3.6663 -5.0379 1.5926, 3.6658 -5.0097 1.553, 3.6658 -5.0097 0.8174, 3.6663 -5.0379 0.7778, 3.6655 -4.9921 0.8627, 3.667 -5.0749 0.7463, 3.6677 -5.1185 0.7249, 3.2284 -5.0103 3.8463, 3.2284 -7.2972 3.6495, 3.3465 -5.0103 3.8463, 3.3465 -7.2972 3.6495, 3.2284 -7.2972 5.0274, 3.3465 -7.2972 5.0274, 3.2284 -7.2972 4.9684, 3.3465 -7.2972 4.9684, 3.2284 -5.0103 4.8306, 3.3465 -5.0103 4.8306, 3.3003 -7.1885 4.9684, 3.2764 -7.2022 4.9684, 3.2563 -7.221 4.9684, 3.2411 -7.244 4.9684, 3.2316 -7.2698 4.9684, 3.3003 -7.1885 3.7085, 3.2764 -7.2022 3.7085, 3.2563 -7.221 3.7085, 3.2411 -7.244 3.7085, 3.2316 -7.2698 3.7085, 3.2284 -7.2972 3.7085, 3.3465 -7.2972 3.7085, 3.3733 -7.1575 3.7085, 3.4195 -7.2662 3.7085, 3.3733 -7.1575 4.9684, 3.4195 -7.2662 4.9684, 3.5707 -7.0081 4.9561, 3.6783 -7.0665 4.9552, 3.6017 -6.9711 4.9538, 3.7067 -7.0223 4.9531, 3.6087 -6.9587 4.9531, 3.7379 -6.974 4.9508, 3.6396 -6.9042 4.95, 3.7453 -6.9564 4.95, 3.6473 -6.8907 4.9492, 3.7809 -6.8727 4.9464, 3.6728 -6.8168 4.9454, 3.7863 -6.8495 4.9454, 3.6798 -6.7967 4.9444, 3.7951 -6.8122 4.9439, 3.6812 -6.7869 4.9439, 3.8061 -6.7655 4.942, 3.6941 -6.6982 4.9395, 3.8128 -6.6606 4.9377, 3.6947 -6.6627 4.9377, 3.4608 -7.1102 4.9635, 3.5167 -7.2148 4.964, 3.4806 -7.094 4.9623, 3.5508 -7.1885 4.9623, 3.5049 -7.0742 4.9607, 3.5811 -7.1651 4.9607, 3.5378 -7.0473 4.9586, 3.6038 -7.1476 4.9596, 3.6621 -7.0841 4.9561, 3.6385 -6.9038 3.7269, 3.7356 -6.9783 3.726, 3.6173 -6.9472 3.7246, 3.7067 -7.0223 3.7239, 3.6088 -6.9586 3.7239, 3.6753 -7.0703 3.7216, 3.5716 -7.0089 3.7208, 3.6623 -7.0843 3.7208, 3.5623 -7.0215 3.72, 3.6002 -7.1508 3.7171, 3.5052 -7.0749 3.7162, 3.5813 -7.1652 3.7162, 3.4897 -7.0894 3.7152, 3.5508 -7.1884 3.7147, 3.4813 -7.0947 3.7147, 3.5126 -7.2174 3.7127, 3.4056 -7.1425 3.7103, 3.6947 -6.6627 3.7392, 3.8128 -6.6606 3.7392, 3.6871 -6.7618 3.7343, 3.8053 -6.7703 3.7348, 3.6803 -6.7865 3.733, 3.7951 -6.8122 3.733, 3.6721 -6.8167 3.7315, 3.7861 -6.8494 3.7315, 3.6609 -6.8578 3.7294, 3.7793 -6.8773 3.7304, 3.7451 -6.9563 3.7269, 3.6753 -7.0703 3.7216, 3.7867 -5.1639 3.868, 3.6686 -5.166 3.868, 3.6686 -5.166 4.8089, 3.7867 -5.1639 4.8089, 3.7835 -4.984 4.0642, 3.7844 -5.0358 3.9311, 3.7851 -5.0728 3.8996, 3.7858 -5.1164 3.8782, 3.7839 -5.0076 3.9707, 3.7836 -4.99 4.0159, 3.7851 -5.0728 4.7773, 3.7836 -4.99 4.661, 3.7844 -5.0358 4.7458, 3.7839 -5.0076 4.7063, 3.7835 -4.984 4.6128, 3.7858 -5.1164 4.7988, 3.6655 -4.9921 4.0159, 3.6658 -5.0097 3.9707, 3.6663 -5.0379 3.9311, 3.667 -5.0749 3.8996, 3.6677 -5.1185 3.8782, 3.6677 -5.1185 4.7988, 3.6655 -4.9921 4.661, 3.6654 -4.9861 4.6128, 3.6654 -4.9861 4.0642, 3.667 -5.0749 4.7773, 3.6663 -5.0379 4.7458, 3.6658 -5.0097 4.7063, 3.189 -7.5433 5.374, 3.189 -7.5433 5.4921, 3.189 -7.5443 5.3739, 3.189 -7.5749 5.488, 3.189 -7.5453 5.3735, 3.189 -7.6043 5.4758, 3.189 -7.5461 5.3729, 3.189 -7.6296 5.4564, 3.189 -7.5467 5.372, 3.189 -7.649 5.4311, 3.189 -7.5471 5.3711, 3.189 -7.6612 5.4017, 3.189 -7.5472 5.3701, 3.189 -7.6653 5.3701, -3.1889 -7.5472 5.3701, -3.1889 -7.6653 5.3701, -3.1889 -7.5471 5.3711, -3.1889 -7.6612 5.4017, -3.1889 -7.5467 5.372, -3.1889 -7.649 5.4311, -3.1889 -7.5461 5.3729, -3.1889 -7.6296 5.4564, -3.1889 -7.5453 5.3735, -3.1889 -7.6043 5.4758, -3.1889 -7.5443 5.3739, -3.1889 -7.5749 5.488, -3.1889 -7.5433 5.374, -3.1889 -7.5433 5.4921, -3.1889 -7.5472 0.1496, -3.1889 -7.6653 0.1496, 3.189 -7.6653 0.1496, 3.189 -7.5472 0.1496, -2.827 -7.6653 4.7149, -2.827 -7.6653 3.8632, 0.7874 -7.6653 5.1378, 0.7874 -7.6653 4.5472, 1.378 -7.6653 4.5472, 1.4809 -7.6653 4.7149, 2.8271 -7.6653 4.7149, 2.8271 -7.6653 3.8632, 2.7559 -7.6653 2.7942, -1.4809 -7.6653 4.7149, -0.7874 -7.6653 5.1378, 1.4809 -7.6653 3.8632, 1.378 -7.6653 3.7598, 2.7559 -7.6653 3.7598, 2.7559 -7.6653 2.1892, 2.7559 -7.6653 1.1339, 2.7953 -7.6653 0.1496, -2.7559 -7.6653 1.1339, -2.7952 -7.6653 0.1496, -0.7874 -7.6653 4.5472, -1.3779 -7.6653 4.5472, -1.3779 -7.6653 3.7598, -1.4809 -7.6653 3.8632, -2.7559 -7.6653 3.7598, -2.7559 -7.6653 2.7942, -2.7559 -7.6653 2.1892, 0.7874 -7.5472 5.1378, 2.8271 -7.5472 4.7149, 1.4809 -7.5472 4.7149, 0.7874 -7.5472 4.5472, 2.8271 -7.5472 3.8632, -0.7874 -7.5472 5.1378, -2.7559 -7.5472 2.7942, -2.827 -7.5472 3.8632, -2.827 -7.5472 4.7149, -1.4809 -7.5472 4.7149, -0.7874 -7.5472 4.5472, -1.3779 -7.5472 4.5472, -1.4809 -7.5472 3.8632, -1.3779 -7.5472 3.7598, -2.7559 -7.5472 3.7598, -2.7559 -7.5472 2.1892, -2.7559 -7.5472 1.1339, -2.7952 -7.5472 0.1496, 2.7559 -7.5472 1.1339, 2.7953 -7.5472 0.1496, 2.7559 -7.5472 2.1892, 2.7559 -7.5472 2.7942, 2.7559 -7.5472 3.7598, 1.4809 -7.5472 3.8632, 1.378 -7.5472 3.7598, 1.378 -7.5472 4.5472, 2.7953 -7.5471 0.1486, 2.7953 -7.6612 0.118, 2.7953 -7.5467 0.1476, 2.7953 -7.649 0.0886, 2.7953 -7.5461 0.1468, 2.7953 -7.6296 0.0633, 2.7953 -7.5453 0.1462, 2.7953 -7.6043 0.0439, 2.7953 -7.5443 0.1458, 2.7953 -7.5749 0.0317, 2.7953 -7.5433 0.1457, 2.7953 -7.5433 0.0276, -2.7952 -7.5433 0.1457, -2.7952 -7.5433 0.0276, -2.7952 -7.5443 0.1458, -2.7952 -7.5749 0.0317, -2.7952 -7.5453 0.1462, -2.7952 -7.6043 0.0439, -2.7952 -7.5461 0.1468, -2.7952 -7.6296 0.0633, -2.7952 -7.5467 0.1476, -2.7952 -7.649 0.0886, -2.7952 -7.5471 0.1486, -2.7952 -7.6612 0.118, -2.7952 -6.4842 0.1457, -2.7952 -6.4842 0.0276, 2.7953 -6.4842 0.0276, 2.7953 -6.4842 0.1457, -1.1505 -3.7279 5.374, -1.0127 -6.8775 5.374, -1.1505 -3.7279 5.4921, -1.0127 -6.8775 5.4921, -1.0914 -6.8775 5.4921, -1.0914 -6.8775 5.374, -2.3906 -6.8775 5.374, -2.2528 -3.7279 5.374, -2.3906 -6.8775 5.4921, -2.2528 -3.7279 5.4921, -2.3119 -6.7612 5.4716, -2.3119 -6.769 5.4453, -2.3119 -6.8775 5.4921, -2.3119 -6.7828 5.4216, -2.3119 -6.8016 5.4017, -2.3119 -6.8245 5.3866, -2.3119 -6.8503 5.3772, -2.3119 -6.8775 5.374, -1.0914 -6.7612 5.4716, -1.0914 -6.769 5.4453, -1.0914 -6.7828 5.4216, -1.0914 -6.8016 5.4017, -1.0914 -6.8245 5.3866, -1.0914 -6.8503 5.3772, -2.3119 -6.751 5.5291, -2.3119 -6.8674 5.5496, -1.0914 -6.751 5.5291, -1.0914 -6.8674 5.5496, -2.2826 -5.96 6.2459, -2.2826 -5.9703 6.1282, -2.2835 -6.0037 6.1304, -2.2854 -6.0805 6.2478, -2.2862 -6.1051 6.1268, -2.2862 -6.1165 6.2431, -2.2865 -6.1145 6.1265, -2.2874 -6.1684 6.2363, -2.2874 -6.1494 6.1197, -2.2883 -6.2054 6.2315, -2.2897 -6.2292 6.1043, -2.2899 -6.27 6.213, -2.2899 -6.2374 6.1013, -2.2913 -6.3266 6.1968, -2.2923 -6.3218 6.0702, -2.2923 -6.3681 6.1779, -2.2928 -6.339 6.0639, -2.2936 -6.4157 6.1562, -2.2936 -6.3622 6.0509, -2.2942 -6.4413 6.1445, -2.296 -6.4408 6.0066, -2.2972 -6.5469 6.0758, -2.2972 -6.5489 6.074, -2.2972 -6.4758 5.9787, -2.3001 -6.6412 5.9922, -2.2992 -6.5322 5.9337, -2.3009 -6.6626 5.9665, -2.3009 -6.5744 5.8872, -2.3021 -6.6962 5.9263, -2.3021 -6.6046 5.8539, -2.3024 -6.6108 5.8471, -2.303 -6.722 5.8955, -2.3045 -6.6548 5.7794, -2.3087 -6.7216 5.6421, -2.3089 -6.8363 5.6717, -2.3082 -6.7143 5.6587, -2.3082 -6.8244 5.7001, -2.307 -6.6961 5.6999, -2.307 -6.8041 5.7483, -2.3055 -6.6744 5.7491, -2.306 -6.7875 5.7878, -2.3045 -6.7554 5.8405, -1.0923 -6.7445 5.562, -1.0942 -6.838 5.6665, -1.0951 -6.7148 5.659, -1.0951 -6.8242 5.7001, -1.0953 -6.7121 5.6679, -1.0963 -6.8042 5.7484, -1.0963 -6.6965 5.6999, -1.0972 -6.79 5.783, -1.0985 -6.6609 5.773, -1.0987 -6.7554 5.8405, -1.0987 -6.6559 5.7801, -1.1001 -6.7251 5.891, -1.1012 -6.6041 5.8537, -1.1012 -6.6961 5.9263, -1.1017 -6.5936 5.8686, -1.1024 -6.6628 5.9666, -1.1024 -6.5749 5.8876, -1.103 -6.6449 5.9883, -1.1048 -6.5118 5.9521, -1.106 -6.5512 6.0725, -1.1061 -6.5489 6.074, -1.1061 -6.4758 5.9787, -1.1089 -6.446 6.1419, -1.108 -6.4177 6.0215, -1.1097 -6.4156 6.156, -1.1097 -6.3619 6.0502, -1.1109 -6.3682 6.178, -1.1109 -6.3219 6.0708, -1.1112 -6.3138 6.075, -1.1119 -6.3317 6.1949, -1.1134 -6.237 6.1, -1.1207 -5.9703 6.1282, -1.1207 -5.96 6.2459, -1.1175 -6.0871 6.129, -1.1178 -6.0859 6.2475, -1.117 -6.105 6.1263, -1.117 -6.1165 6.2433, -1.1158 -6.1494 6.1194, -1.1158 -6.1683 6.2362, -1.1144 -6.2026 6.1111, -1.1148 -6.2108 6.2304, -1.1134 -6.27 6.213, -2.303 -6.722 5.8955, -2.2883 -6.2054 6.2315, -1.1148 -6.2108 6.2304, -1.1178 -6.0859 6.2475, -2.2854 -6.0805 6.2478, -1.0953 -6.7121 5.6679, -2.2972 -6.4758 5.9787, -1.1061 -6.4758 5.9787, -1.1994 -4.1748 6.0897, -1.1994 -4.185 5.972, -2.2039 -4.185 5.972, -2.2039 -4.1748 6.0897, -2.0072 -3.9873 6.0733, -2.1954 -4.1257 6.0854, -1.3961 -3.9873 6.0733, -2.0568 -3.9936 6.0738, -2.1031 -4.0121 6.0754, -2.1433 -4.0417 6.078, -2.1747 -4.0804 6.0814, -1.2079 -4.1257 6.0854, -1.2285 -4.0804 6.0814, -1.3465 -3.9936 6.0738, -1.26 -4.0417 6.078, -1.3002 -4.0121 6.0754, -2.0072 -3.9976 5.9556, -1.3961 -3.9976 5.9556, -2.1954 -4.136 5.9677, -2.1031 -4.0224 5.9578, -2.0568 -4.0039 5.9562, -2.1433 -4.052 5.9604, -2.1747 -4.0907 5.9638, -1.2285 -4.0907 5.9638, -1.2079 -4.136 5.9677, -1.26 -4.052 5.9604, -1.3465 -4.0039 5.9562, -1.3002 -4.0224 5.9578, 1.0127 -6.8775 5.374, 1.1505 -3.7279 5.374, 1.0127 -6.8775 5.4921, 1.1505 -3.7279 5.4921, 2.2529 -3.7279 5.374, 2.2529 -3.7279 5.4921, 2.3907 -6.8775 5.374, 2.3907 -6.8775 5.4921, 1.0915 -6.8775 5.374, 1.0915 -6.8775 5.4921, 1.0915 -6.7612 5.4716, 1.0915 -6.769 5.4453, 1.0915 -6.7828 5.4216, 1.0915 -6.8016 5.4017, 1.0915 -6.8245 5.3866, 1.0915 -6.8503 5.3772, 2.3119 -6.7612 5.4716, 2.3119 -6.769 5.4453, 2.3119 -6.7828 5.4216, 2.3119 -6.8016 5.4017, 2.3119 -6.8245 5.3866, 2.3119 -6.8503 5.3772, 2.3119 -6.8775 5.374, 2.3119 -6.8775 5.4921, 2.3119 -6.751 5.5291, 2.3119 -6.8674 5.5496, 1.0915 -6.751 5.5291, 1.0915 -6.8674 5.5496, 1.1208 -5.96 6.2459, 1.1208 -5.9703 6.1282, 1.1199 -6.0037 6.1304, 1.118 -6.0805 6.2478, 1.1171 -6.1051 6.1268, 1.1171 -6.1165 6.2431, 1.1169 -6.1145 6.1265, 1.1159 -6.1684 6.2363, 1.1159 -6.1494 6.1197, 1.115 -6.2054 6.2315, 1.1137 -6.2292 6.1043, 1.1134 -6.27 6.213, 1.1134 -6.2374 6.1013, 1.1121 -6.3266 6.1968, 1.111 -6.3218 6.0702, 1.111 -6.3681 6.1779, 1.1105 -6.339 6.0639, 1.1098 -6.4157 6.1562, 1.1098 -6.3622 6.0509, 1.1091 -6.4413 6.1445, 1.1073 -6.4408 6.0066, 1.1062 -6.5469 6.0758, 1.1061 -6.5489 6.074, 1.1061 -6.4758 5.9787, 1.1032 -6.6412 5.9922, 1.1042 -6.5322 5.9337, 1.1025 -6.6626 5.9665, 1.1025 -6.5744 5.8872, 1.1012 -6.6962 5.9263, 1.1012 -6.6046 5.8539, 1.101 -6.6108 5.8471, 1.1003 -6.722 5.8955, 1.0988 -6.6548 5.7794, 1.0946 -6.7216 5.6421, 1.0944 -6.8363 5.6717, 1.0951 -6.7143 5.6587, 1.0951 -6.8244 5.7001, 1.0963 -6.6961 5.6999, 1.0963 -6.8041 5.7483, 1.0978 -6.6744 5.7491, 1.0973 -6.7875 5.7878, 1.0988 -6.7554 5.8405, 2.311 -6.7445 5.562, 2.3091 -6.838 5.6665, 2.3083 -6.7148 5.659, 2.3083 -6.8242 5.7001, 2.308 -6.7121 5.6679, 2.307 -6.8042 5.7484, 2.307 -6.6965 5.6999, 2.3062 -6.79 5.783, 2.3048 -6.6609 5.773, 2.3046 -6.7554 5.8405, 2.3046 -6.6559 5.7801, 2.3032 -6.7251 5.891, 2.3022 -6.6041 5.8537, 2.3022 -6.6961 5.9263, 2.3017 -6.5936 5.8686, 2.3009 -6.6628 5.9666, 2.3009 -6.5749 5.8876, 2.3003 -6.6449 5.9883, 2.2985 -6.5118 5.9521, 2.2973 -6.5512 6.0725, 2.2973 -6.5489 6.074, 2.2973 -6.4758 5.9787, 2.2944 -6.446 6.1419, 2.2953 -6.4177 6.0215, 2.2936 -6.4156 6.156, 2.2936 -6.3619 6.0502, 2.2924 -6.3682 6.178, 2.2924 -6.3219 6.0708, 2.2921 -6.3138 6.075, 2.2915 -6.3317 6.1949, 2.2899 -6.237 6.1, 2.2826 -5.9703 6.1282, 2.2826 -5.96 6.2459, 2.2858 -6.0871 6.129, 2.2856 -6.0859 6.2475, 2.2863 -6.105 6.1263, 2.2863 -6.1165 6.2433, 2.2875 -6.1494 6.1194, 2.2875 -6.1683 6.2362, 2.289 -6.2026 6.1111, 2.2885 -6.2108 6.2304, 2.2899 -6.27 6.213, 2.2944 -6.446 6.1419, 1.1061 -6.4758 5.9787, 2.2973 -6.4758 5.9787, 2.2039 -4.1748 6.0897, 2.2039 -4.185 5.972, 1.1995 -4.185 5.972, 1.1995 -4.1748 6.0897, 1.208 -4.1257 6.0854, 1.3961 -3.9873 6.0733, 2.0073 -3.9873 6.0733, 2.1954 -4.1257 6.0854, 1.3466 -3.9936 6.0738, 1.3002 -4.0121 6.0754, 1.26 -4.0417 6.078, 2.1032 -4.0121 6.0754, 2.0568 -3.9936 6.0738, 2.1434 -4.0417 6.078, 2.1748 -4.0804 6.0814, 1.2286 -4.0804 6.0814, 2.0073 -3.9976 5.9556, 2.1954 -4.136 5.9677, 2.0568 -4.0039 5.9562, 2.1032 -4.0224 5.9578, 2.1434 -4.052 5.9604, 1.3002 -4.0224 5.9578, 1.3466 -4.0039 5.9562, 1.26 -4.052 5.9604, 1.3961 -3.9976 5.9556, 1.2286 -4.0907 5.9638, 2.1748 -4.0907 5.9638, 1.208 -4.136 5.9677, 3.189 -4.811 1.4016, 3.2284 -4.811 1.4016, 3.189 -4.4173 1.4016, 3.2284 -4.4173 1.4016, 3.189 -4.811 0.1496, 3.1162 -4.811 0.1496, 3.1162 -4.811 -0.9646, 3.2284 -4.811 0.1496, 3.2343 -4.811 -0.0472, 3.2356 -4.811 -0.0371, 3.2396 -4.811 -0.0276, 3.2458 -4.811 -0.0194, 3.254 -4.811 -0.0131, 3.2343 -4.811 -0.9646, 3.2635 -4.811 -0.0092, 3.2737 -4.811 -0.0079, 3.3465 -4.811 0.1496, 3.3071 -4.811 -0.0079, 3.3465 -4.811 0.0315, 3.3268 -4.811 -0.0026, 3.335 -4.811 0.0037, 3.3412 -4.811 0.0118, 3.3173 -4.811 -0.0065, 3.3451 -4.811 0.0213, 3.1162 -4.4173 -0.9646, 3.1162 -4.4173 0.1496, 3.189 -4.4173 0.1496, 3.2458 -4.4173 -0.0194, 3.2396 -4.4173 -0.0276, 3.2356 -4.4173 -0.0371, 3.2343 -4.4173 -0.0472, 3.2343 -4.4173 -0.9646, 3.2737 -4.4173 -0.0079, 3.2635 -4.4173 -0.0092, 3.254 -4.4173 -0.0131, 3.3173 -4.4173 -0.0065, 3.3071 -4.4173 -0.0079, 3.3465 -4.4173 0.0315, 3.3412 -4.4173 0.0118, 3.335 -4.4173 0.0037, 3.3268 -4.4173 -0.0026, 3.3451 -4.4173 0.0213, 3.1162 -4.6732 -1.1024, 3.1162 -4.5551 -1.1024, 3.2343 -4.6732 -1.1024, 3.2343 -4.5551 -1.1024, 3.1162 -4.7039 -1.0989, 3.1162 -4.4358 -1.0335, 3.1162 -4.4577 -1.062, 3.1162 -4.4862 -1.0839, 3.1162 -4.5194 -1.0977, 3.1162 -4.422 -1.0002, 3.1162 -4.733 -1.0887, 3.1162 -4.7591 -1.0723, 3.1162 -4.8076 -0.9952, 3.1162 -4.7809 -1.0505, 3.1162 -4.7974 -1.0244, 3.2343 -4.422 -1.0002, 3.2343 -4.4358 -1.0335, 3.2343 -4.4577 -1.062, 3.2343 -4.4862 -1.0839, 3.2343 -4.5194 -1.0977, 3.2343 -4.7039 -1.0989, 3.2343 -4.733 -1.0887, 3.2343 -4.7591 -1.0723, 3.2343 -4.7809 -1.0505, 3.2343 -4.7974 -1.0244, 3.2343 -4.8076 -0.9952, -3.2283 -4.4173 1.4016, -3.2283 -4.811 1.4016, -3.1889 -4.4173 1.4016, -3.1889 -4.811 1.4016, -3.1161 -4.4173 0.1496, -3.1161 -4.811 0.1496, -3.1161 -4.4173 -0.9646, -3.1161 -4.811 -0.9646, -3.1161 -4.5551 -1.1024, -3.1161 -4.5244 -1.0989, -3.1161 -4.7925 -1.0335, -3.1161 -4.7707 -1.062, -3.1161 -4.7421 -1.0839, -3.1161 -4.6732 -1.1024, -3.1161 -4.7089 -1.0977, -3.1161 -4.8063 -1.0002, -3.1161 -4.4953 -1.0887, -3.1161 -4.4692 -1.0723, -3.1161 -4.4208 -0.9952, -3.1161 -4.4474 -1.0505, -3.1161 -4.431 -1.0244
            ]
        }
        coordIndex [
            0,1,2,-1,2,1,3,-1,4,5,6,-1,6,5,7,-1,5,4,0,-1,0,4,1,-1,6,7,3,-1,3,7,2,-1,8,9,10,-1,10,9,11,-1,10,11,12,-1,12,11,13,-1,12,13,14,-1,14,13,15,-1,14,15,16,-1,16,15,17,-1,16,17,18,-1,18,17,19,-1,18,19,20,-1,20,19,21,-1,20,21,22,-1,22,21,23,-1,22,23,24,-1,24,23,25,-1,24,25,26,-1,0,2,27,-1,27,2,28,-1,27,28,29,-1,29,28,30,-1,29,30,31,-1,31,30,32,-1,31,32,33,-1,33,32,34,-1,33,34,8,-1,8,34,35,-1,8,35,9,-1,36,37,38,-1,38,37,39,-1,38,39,40,-1,40,39,41,-1,40,41,42,-1,42,41,43,-1,42,43,44,-1,44,43,45,-1,44,45,46,-1,46,45,47,-1,46,47,48,-1,48,47,49,-1,48,49,50,-1,50,49,51,-1,50,51,52,-1,52,51,7,-1,52,7,5,-1,53,54,55,-1,55,54,56,-1,55,56,57,-1,57,56,58,-1,57,58,59,-1,59,58,60,-1,59,60,61,-1,61,60,62,-1,61,62,36,-1,36,62,63,-1,36,63,37,-1,2,7,51,-1,2,51,28,-1,28,51,49,-1,28,49,30,-1,35,34,45,-1,49,47,30,-1,30,47,45,-1,30,45,32,-1,32,45,34,-1,56,54,25,-1,45,43,35,-1,35,43,41,-1,35,41,9,-1,9,41,39,-1,9,39,11,-1,11,39,37,-1,11,37,13,-1,13,37,63,-1,13,63,15,-1,15,63,62,-1,15,62,17,-1,17,62,60,-1,17,60,19,-1,19,60,58,-1,19,58,21,-1,21,58,56,-1,21,56,23,-1,23,56,25,-1,5,0,52,-1,52,0,27,-1,52,27,50,-1,50,27,29,-1,50,29,48,-1,48,29,31,-1,48,31,46,-1,46,31,64,-1,46,64,44,-1,44,64,8,-1,44,8,42,-1,42,8,10,-1,42,10,40,-1,40,10,38,-1,38,10,12,-1,38,12,36,-1,26,53,24,-1,24,53,55,-1,24,55,22,-1,22,55,57,-1,22,57,20,-1,20,57,59,-1,20,59,18,-1,18,59,65,-1,18,65,16,-1,16,65,36,-1,16,36,14,-1,14,36,12,-1,66,54,67,-1,67,54,53,-1,68,26,69,-1,69,26,25,-1,25,54,69,-1,69,54,66,-1,70,71,72,-1,72,71,73,-1,72,73,74,-1,70,75,71,-1,71,75,69,-1,71,69,76,-1,76,69,66,-1,76,66,77,-1,77,66,78,-1,78,79,77,-1,77,79,80,-1,77,80,81,-1,53,26,67,-1,67,26,68,-1,82,83,68,-1,68,83,84,-1,68,84,67,-1,82,85,83,-1,83,85,86,-1,83,86,87,-1,88,89,90,-1,90,89,91,-1,84,92,67,-1,67,92,89,-1,67,89,93,-1,93,89,88,-1,71,76,84,-1,84,76,92,-1,71,84,83,-1,71,83,73,-1,73,83,87,-1,73,87,74,-1,74,87,86,-1,74,86,72,-1,72,86,85,-1,72,85,70,-1,70,85,82,-1,70,82,75,-1,75,82,68,-1,75,68,69,-1,66,67,93,-1,66,93,78,-1,78,93,88,-1,78,88,79,-1,79,88,90,-1,79,90,80,-1,80,90,91,-1,80,91,81,-1,81,91,89,-1,81,89,77,-1,77,89,92,-1,77,92,76,-1,94,95,96,-1,96,95,97,-1,98,99,100,-1,100,99,101,-1,98,102,99,-1,99,102,103,-1,102,94,103,-1,103,94,96,-1,104,101,105,-1,105,101,106,-1,104,107,101,-1,101,107,108,-1,101,108,100,-1,106,109,110,-1,106,110,105,-1,105,110,111,-1,105,111,104,-1,104,111,112,-1,104,112,107,-1,107,112,113,-1,107,113,108,-1,108,113,114,-1,108,114,100,-1,114,113,115,-1,115,113,112,-1,112,111,115,-1,115,111,110,-1,115,110,109,-1,109,116,115,-1,115,116,117,-1,118,106,119,-1,119,106,101,-1,106,118,109,-1,109,118,116,-1,119,101,117,-1,117,101,115,-1,120,121,122,-1,122,121,123,-1,122,123,124,-1,124,123,125,-1,124,125,126,-1,126,125,127,-1,126,127,128,-1,128,127,129,-1,128,129,130,-1,130,129,131,-1,130,131,132,-1,132,131,133,-1,132,133,134,-1,134,133,135,-1,134,135,136,-1,136,135,137,-1,136,137,138,-1,118,119,139,-1,139,119,140,-1,139,140,141,-1,141,140,142,-1,141,142,143,-1,143,142,144,-1,143,144,145,-1,145,144,146,-1,145,146,120,-1,120,146,147,-1,120,147,121,-1,148,149,150,-1,150,149,151,-1,150,151,152,-1,152,151,153,-1,152,153,154,-1,154,153,155,-1,154,155,156,-1,156,155,157,-1,156,157,158,-1,158,157,159,-1,158,159,160,-1,160,159,161,-1,160,161,162,-1,162,161,163,-1,162,163,164,-1,164,163,117,-1,164,117,116,-1,165,166,167,-1,167,166,168,-1,167,168,169,-1,169,168,170,-1,169,170,171,-1,171,170,172,-1,171,172,173,-1,173,172,174,-1,173,174,148,-1,148,174,175,-1,148,175,149,-1,119,117,163,-1,119,163,140,-1,140,163,161,-1,140,161,142,-1,147,146,157,-1,161,159,142,-1,142,159,157,-1,142,157,144,-1,144,157,146,-1,168,166,137,-1,157,155,147,-1,147,155,153,-1,147,153,121,-1,121,153,151,-1,121,151,123,-1,123,151,176,-1,123,176,125,-1,125,176,175,-1,125,175,127,-1,127,175,174,-1,127,174,129,-1,129,174,172,-1,129,172,131,-1,131,172,170,-1,131,170,133,-1,133,170,168,-1,133,168,135,-1,135,168,137,-1,116,118,164,-1,164,118,139,-1,164,139,162,-1,162,139,141,-1,162,141,160,-1,160,141,143,-1,160,143,158,-1,158,143,145,-1,158,145,156,-1,156,145,120,-1,156,120,154,-1,154,120,122,-1,154,122,152,-1,152,122,150,-1,150,122,124,-1,150,124,148,-1,138,165,136,-1,136,165,167,-1,136,167,134,-1,134,167,169,-1,134,169,132,-1,132,169,171,-1,132,171,130,-1,130,171,173,-1,130,173,128,-1,128,173,148,-1,128,148,126,-1,126,148,124,-1,177,166,178,-1,178,166,165,-1,179,138,180,-1,180,138,137,-1,137,166,180,-1,180,166,177,-1,181,180,182,-1,182,180,177,-1,182,177,183,-1,183,177,184,-1,184,185,183,-1,183,185,186,-1,183,186,187,-1,188,189,190,-1,190,189,191,-1,190,191,181,-1,181,191,192,-1,181,192,180,-1,165,138,178,-1,178,138,179,-1,178,179,193,-1,194,195,196,-1,196,195,197,-1,193,198,178,-1,178,198,195,-1,178,195,199,-1,199,195,194,-1,179,200,193,-1,193,200,201,-1,193,201,202,-1,202,201,203,-1,202,203,204,-1,198,193,182,-1,182,193,181,-1,177,178,199,-1,177,199,184,-1,184,199,194,-1,184,194,185,-1,185,194,196,-1,185,196,186,-1,186,196,197,-1,186,197,187,-1,187,197,195,-1,187,195,183,-1,183,195,198,-1,183,198,182,-1,181,193,202,-1,181,202,190,-1,190,202,204,-1,190,204,188,-1,188,204,203,-1,188,203,189,-1,189,203,201,-1,189,201,191,-1,191,201,200,-1,191,200,192,-1,192,200,179,-1,192,179,180,-1,205,206,207,-1,207,208,205,-1,205,208,209,-1,205,209,210,-1,210,211,205,-1,205,211,212,-1,205,212,213,-1,207,206,214,-1,214,215,216,-1,216,215,217,-1,217,218,216,-1,216,218,219,-1,216,219,220,-1,214,216,207,-1,207,216,221,-1,207,221,208,-1,208,221,222,-1,208,222,209,-1,209,222,223,-1,209,223,210,-1,210,223,224,-1,210,224,211,-1,211,224,225,-1,211,225,212,-1,212,225,226,-1,212,226,213,-1,222,221,227,-1,227,221,216,-1,227,216,220,-1,227,226,225,-1,225,224,227,-1,227,224,223,-1,227,223,222,-1,228,206,205,-1,229,230,231,-1,232,233,205,-1,232,205,234,-1,229,231,205,-1,205,231,235,-1,205,235,234,-1,233,236,205,-1,205,236,237,-1,205,237,238,-1,238,239,205,-1,205,239,240,-1,205,240,228,-1,230,229,241,-1,241,229,242,-1,243,244,242,-1,242,244,245,-1,245,246,242,-1,242,246,247,-1,242,247,241,-1,227,220,248,-1,249,250,227,-1,227,250,251,-1,243,242,252,-1,252,242,227,-1,252,227,253,-1,253,227,251,-1,248,254,227,-1,227,254,255,-1,227,255,256,-1,256,257,227,-1,227,257,258,-1,227,258,249,-1,259,260,261,-1,261,260,262,-1,261,262,263,-1,263,264,261,-1,261,264,265,-1,261,265,266,-1,259,267,268,-1,259,268,260,-1,260,268,269,-1,260,269,262,-1,262,269,270,-1,262,270,263,-1,263,270,271,-1,263,271,264,-1,264,271,272,-1,264,272,265,-1,265,272,273,-1,265,273,266,-1,273,272,274,-1,274,272,271,-1,274,271,270,-1,270,269,274,-1,274,269,268,-1,274,268,267,-1,275,259,276,-1,276,259,261,-1,277,275,278,-1,278,275,276,-1,267,277,274,-1,274,277,278,-1,279,280,281,-1,282,283,281,-1,281,283,284,-1,281,284,285,-1,285,286,281,-1,281,286,287,-1,281,287,279,-1,282,288,289,-1,282,289,283,-1,283,289,290,-1,283,290,284,-1,284,290,291,-1,284,291,285,-1,285,291,292,-1,285,292,286,-1,286,292,293,-1,286,293,287,-1,287,293,294,-1,287,294,279,-1,279,294,295,-1,279,295,280,-1,295,294,296,-1,296,294,293,-1,288,296,289,-1,289,296,290,-1,293,292,296,-1,296,292,291,-1,296,291,290,-1,288,297,296,-1,296,297,298,-1,299,282,300,-1,300,282,281,-1,301,302,303,-1,303,302,304,-1,305,306,307,-1,307,306,308,-1,297,305,298,-1,298,305,307,-1,309,310,311,-1,311,310,312,-1,310,313,312,-1,312,313,314,-1,313,315,314,-1,314,315,316,-1,317,316,318,-1,318,316,315,-1,319,320,321,-1,321,320,322,-1,322,323,321,-1,321,323,324,-1,321,324,325,-1,319,326,327,-1,319,327,320,-1,320,327,328,-1,320,328,322,-1,322,328,329,-1,322,329,323,-1,323,329,330,-1,323,330,324,-1,324,330,318,-1,324,318,325,-1,327,326,317,-1,317,318,330,-1,330,329,317,-1,317,329,328,-1,317,328,327,-1,331,319,332,-1,332,319,321,-1,326,333,317,-1,317,333,334,-1,333,326,331,-1,331,326,319,-1,317,334,321,-1,321,334,332,-1,335,336,337,-1,337,336,338,-1,337,338,339,-1,339,338,340,-1,339,340,341,-1,341,340,342,-1,341,342,343,-1,343,342,344,-1,343,344,345,-1,345,344,346,-1,345,346,347,-1,347,346,348,-1,347,348,349,-1,349,348,350,-1,349,350,351,-1,351,350,352,-1,351,352,353,-1,331,332,354,-1,354,332,355,-1,354,355,356,-1,356,355,357,-1,356,357,358,-1,358,357,359,-1,358,359,360,-1,360,359,361,-1,360,361,335,-1,335,361,362,-1,335,362,336,-1,363,364,365,-1,365,364,366,-1,365,366,367,-1,367,366,368,-1,367,368,369,-1,369,368,370,-1,369,370,371,-1,371,370,372,-1,371,372,373,-1,373,372,374,-1,373,374,375,-1,375,374,376,-1,375,376,377,-1,377,376,378,-1,377,378,379,-1,379,378,334,-1,379,334,333,-1,380,381,382,-1,382,381,383,-1,382,383,384,-1,384,383,385,-1,384,385,386,-1,386,385,387,-1,386,387,388,-1,388,387,389,-1,388,389,363,-1,363,389,390,-1,363,390,364,-1,332,334,378,-1,332,378,355,-1,355,378,376,-1,355,376,357,-1,362,361,372,-1,376,374,357,-1,357,374,372,-1,357,372,359,-1,359,372,361,-1,391,381,352,-1,372,370,362,-1,362,370,368,-1,362,368,336,-1,336,368,366,-1,336,366,338,-1,338,366,364,-1,338,364,340,-1,340,364,390,-1,340,390,342,-1,342,390,389,-1,342,389,344,-1,344,389,387,-1,344,387,346,-1,346,387,385,-1,346,385,348,-1,348,385,391,-1,348,391,350,-1,350,391,352,-1,333,331,379,-1,379,331,354,-1,379,354,377,-1,377,354,356,-1,377,356,375,-1,375,356,358,-1,375,358,373,-1,373,358,360,-1,373,360,371,-1,371,360,335,-1,371,335,369,-1,369,335,337,-1,369,337,367,-1,367,337,365,-1,365,337,339,-1,365,339,363,-1,353,380,351,-1,351,380,382,-1,351,382,349,-1,349,382,384,-1,349,384,347,-1,347,384,386,-1,347,386,345,-1,345,386,388,-1,345,388,343,-1,343,388,363,-1,343,363,341,-1,341,363,339,-1,392,381,393,-1,393,381,380,-1,394,353,395,-1,395,353,352,-1,352,381,395,-1,395,381,392,-1,395,392,396,-1,392,397,396,-1,396,397,398,-1,396,398,399,-1,399,398,400,-1,399,400,401,-1,402,403,404,-1,404,403,405,-1,396,406,395,-1,395,406,403,-1,395,403,407,-1,407,403,402,-1,380,353,393,-1,393,353,394,-1,408,393,409,-1,409,393,394,-1,409,394,410,-1,410,394,411,-1,411,412,410,-1,410,412,413,-1,410,413,414,-1,415,416,417,-1,417,416,418,-1,417,418,408,-1,408,418,419,-1,408,419,393,-1,406,396,409,-1,409,396,408,-1,406,409,410,-1,406,410,403,-1,403,410,414,-1,403,414,405,-1,405,414,413,-1,405,413,404,-1,404,413,412,-1,404,412,402,-1,402,412,411,-1,402,411,407,-1,407,411,394,-1,407,394,395,-1,392,393,419,-1,392,419,397,-1,397,419,418,-1,397,418,398,-1,398,418,416,-1,398,416,400,-1,400,416,415,-1,400,415,401,-1,401,415,417,-1,401,417,399,-1,399,417,408,-1,399,408,396,-1,420,421,422,-1,422,421,423,-1,424,425,426,-1,426,425,427,-1,424,428,425,-1,425,428,429,-1,428,420,429,-1,429,420,422,-1,430,431,427,-1,427,431,432,-1,432,433,427,-1,427,433,434,-1,427,434,426,-1,430,435,436,-1,430,436,431,-1,431,436,437,-1,431,437,432,-1,432,437,438,-1,432,438,433,-1,433,438,439,-1,433,439,434,-1,434,439,440,-1,434,440,426,-1,436,435,441,-1,441,440,439,-1,439,438,441,-1,441,438,437,-1,441,437,436,-1,435,442,441,-1,441,442,443,-1,444,430,445,-1,445,430,427,-1,430,444,435,-1,435,444,442,-1,445,427,443,-1,443,427,441,-1,446,447,448,-1,448,447,449,-1,448,449,450,-1,450,449,451,-1,450,451,452,-1,452,451,453,-1,452,453,454,-1,454,453,455,-1,454,455,456,-1,456,455,457,-1,456,457,458,-1,458,457,459,-1,458,459,460,-1,460,459,461,-1,460,461,462,-1,462,461,463,-1,462,463,464,-1,444,445,465,-1,465,445,466,-1,465,466,467,-1,467,466,468,-1,467,468,469,-1,469,468,470,-1,469,470,471,-1,471,470,472,-1,471,472,446,-1,446,472,473,-1,446,473,447,-1,474,475,476,-1,476,475,477,-1,476,477,478,-1,478,477,479,-1,478,479,480,-1,480,479,481,-1,480,481,482,-1,482,481,483,-1,482,483,484,-1,484,483,485,-1,484,485,486,-1,486,485,487,-1,486,487,488,-1,488,487,489,-1,488,489,490,-1,490,489,443,-1,490,443,442,-1,491,492,493,-1,493,492,494,-1,493,494,495,-1,495,494,496,-1,495,496,497,-1,497,496,498,-1,497,498,499,-1,499,498,500,-1,499,500,474,-1,474,500,501,-1,474,501,475,-1,445,443,489,-1,445,489,466,-1,466,489,487,-1,466,487,468,-1,473,472,483,-1,487,485,468,-1,468,485,483,-1,468,483,470,-1,470,483,472,-1,494,492,463,-1,483,481,473,-1,473,481,502,-1,473,502,447,-1,447,502,477,-1,447,477,449,-1,449,477,475,-1,449,475,451,-1,451,475,501,-1,451,501,453,-1,453,501,500,-1,453,500,455,-1,455,500,498,-1,455,498,457,-1,457,498,496,-1,457,496,459,-1,459,496,494,-1,459,494,461,-1,461,494,463,-1,442,444,490,-1,490,444,465,-1,490,465,488,-1,488,465,467,-1,488,467,486,-1,486,467,469,-1,486,469,484,-1,484,469,471,-1,484,471,482,-1,482,471,446,-1,482,446,480,-1,480,446,448,-1,480,448,478,-1,478,448,476,-1,476,448,450,-1,476,450,474,-1,464,491,462,-1,462,491,493,-1,462,493,460,-1,460,493,495,-1,460,495,458,-1,458,495,497,-1,458,497,456,-1,456,497,499,-1,456,499,454,-1,454,499,474,-1,454,474,452,-1,452,474,450,-1,503,492,504,-1,504,492,491,-1,505,464,506,-1,506,464,463,-1,463,492,506,-1,506,492,503,-1,506,503,507,-1,508,503,509,-1,509,503,510,-1,508,511,503,-1,503,511,512,-1,503,512,507,-1,513,514,515,-1,515,514,516,-1,507,517,506,-1,506,517,514,-1,506,514,518,-1,518,514,513,-1,491,464,504,-1,504,464,505,-1,504,519,520,-1,520,521,504,-1,504,521,522,-1,504,522,523,-1,524,525,505,-1,505,525,526,-1,505,526,504,-1,504,526,527,-1,504,527,519,-1,524,528,525,-1,525,528,529,-1,525,529,530,-1,527,526,507,-1,507,526,517,-1,503,504,523,-1,503,523,510,-1,510,523,522,-1,510,522,509,-1,509,522,521,-1,509,521,508,-1,508,521,520,-1,508,520,511,-1,511,520,519,-1,511,519,512,-1,512,519,527,-1,512,527,507,-1,517,526,525,-1,517,525,514,-1,514,525,530,-1,514,530,516,-1,516,530,529,-1,516,529,515,-1,515,529,528,-1,515,528,513,-1,513,528,524,-1,513,524,518,-1,518,524,505,-1,518,505,506,-1,531,532,533,-1,533,532,534,-1,533,534,535,-1,535,534,536,-1,535,536,537,-1,537,536,538,-1,537,538,539,-1,539,538,540,-1,539,540,541,-1,541,540,542,-1,541,542,543,-1,543,542,544,-1,545,546,547,-1,547,546,548,-1,547,548,549,-1,549,548,550,-1,549,550,551,-1,551,550,552,-1,551,552,553,-1,553,552,554,-1,553,554,555,-1,555,554,556,-1,555,556,557,-1,557,556,558,-1,532,558,556,-1,532,556,534,-1,534,556,554,-1,534,554,536,-1,536,554,552,-1,536,552,538,-1,538,552,550,-1,538,550,540,-1,540,550,548,-1,540,548,542,-1,542,548,546,-1,542,546,544,-1,543,545,541,-1,541,545,547,-1,541,547,539,-1,539,547,549,-1,539,549,537,-1,537,549,551,-1,537,551,535,-1,535,551,553,-1,535,553,533,-1,533,553,555,-1,533,555,531,-1,531,555,557,-1,545,559,546,-1,546,559,560,-1,544,561,543,-1,543,561,562,-1,563,546,564,-1,564,546,560,-1,565,566,567,-1,568,569,544,-1,544,569,570,-1,544,570,561,-1,561,570,571,-1,563,572,546,-1,546,572,573,-1,546,573,544,-1,544,573,565,-1,544,565,568,-1,568,565,567,-1,568,567,574,-1,574,567,575,-1,574,575,570,-1,570,575,576,-1,570,576,571,-1,571,577,561,-1,561,577,578,-1,561,578,579,-1,579,578,580,-1,579,580,581,-1,581,580,560,-1,582,573,583,-1,583,573,572,-1,583,572,584,-1,584,572,585,-1,584,585,586,-1,586,585,564,-1,586,564,587,-1,587,564,560,-1,587,560,588,-1,588,560,580,-1,589,590,591,-1,589,591,592,-1,543,562,593,-1,594,545,589,-1,589,545,543,-1,589,543,590,-1,590,543,593,-1,595,559,596,-1,596,559,545,-1,596,545,597,-1,597,545,594,-1,597,594,598,-1,594,599,598,-1,598,599,600,-1,598,600,601,-1,601,600,602,-1,601,602,596,-1,596,602,603,-1,596,603,595,-1,595,604,559,-1,559,604,605,-1,559,605,606,-1,606,605,607,-1,606,607,608,-1,608,607,562,-1,607,609,562,-1,562,609,610,-1,562,610,593,-1,593,610,611,-1,593,611,612,-1,612,611,613,-1,612,613,591,-1,591,613,614,-1,591,614,592,-1,562,561,608,-1,608,561,579,-1,608,579,615,-1,615,579,616,-1,615,616,617,-1,617,616,618,-1,617,618,619,-1,619,618,620,-1,619,620,621,-1,621,620,622,-1,621,622,623,-1,623,622,624,-1,623,624,625,-1,625,624,626,-1,627,628,629,-1,629,628,630,-1,629,630,631,-1,631,630,632,-1,631,632,633,-1,633,632,634,-1,633,634,635,-1,635,634,636,-1,635,636,637,-1,637,636,638,-1,637,638,606,-1,606,638,581,-1,579,581,638,-1,579,638,616,-1,616,638,636,-1,616,636,618,-1,618,636,634,-1,618,634,620,-1,620,634,632,-1,620,632,622,-1,622,632,630,-1,622,630,624,-1,624,630,628,-1,624,628,626,-1,625,627,623,-1,623,627,629,-1,623,629,621,-1,621,629,631,-1,621,631,619,-1,619,631,633,-1,619,633,617,-1,617,633,635,-1,617,635,615,-1,615,635,637,-1,615,637,608,-1,608,637,606,-1,627,639,628,-1,628,639,640,-1,626,641,625,-1,625,641,642,-1,628,640,626,-1,626,640,641,-1,642,639,625,-1,625,639,627,-1,641,640,642,-1,642,640,639,-1,594,589,573,-1,573,589,565,-1,589,592,565,-1,565,592,566,-1,592,614,566,-1,566,614,567,-1,614,613,567,-1,567,613,575,-1,613,611,575,-1,575,611,576,-1,609,607,577,-1,577,607,578,-1,607,605,578,-1,578,605,580,-1,595,603,587,-1,587,603,586,-1,603,602,586,-1,586,602,584,-1,602,600,584,-1,584,600,583,-1,600,599,583,-1,583,599,582,-1,599,594,582,-1,582,594,573,-1,591,590,568,-1,568,590,569,-1,590,593,569,-1,569,593,570,-1,593,612,570,-1,570,612,574,-1,612,591,574,-1,574,591,568,-1,601,596,585,-1,585,596,564,-1,596,597,564,-1,564,597,563,-1,597,598,563,-1,563,598,572,-1,598,601,572,-1,572,601,585,-1,643,644,645,-1,645,644,646,-1,647,646,648,-1,648,646,644,-1,649,650,651,-1,651,650,652,-1,650,643,652,-1,652,643,645,-1,653,654,655,-1,655,654,656,-1,655,656,657,-1,657,658,655,-1,655,658,659,-1,655,659,660,-1,653,661,662,-1,653,662,654,-1,654,662,663,-1,654,663,656,-1,656,663,664,-1,656,664,657,-1,657,664,665,-1,657,665,658,-1,658,665,666,-1,658,666,659,-1,659,666,648,-1,659,648,660,-1,662,661,647,-1,648,666,647,-1,647,666,665,-1,665,664,647,-1,647,664,663,-1,647,663,662,-1,667,653,668,-1,668,653,655,-1,661,669,647,-1,647,669,670,-1,669,661,667,-1,667,661,653,-1,647,670,655,-1,655,670,668,-1,671,672,673,-1,671,673,674,-1,674,673,675,-1,674,675,676,-1,676,675,677,-1,676,677,678,-1,678,677,679,-1,678,679,680,-1,680,679,681,-1,680,681,682,-1,682,681,683,-1,682,683,684,-1,684,683,685,-1,684,685,686,-1,686,685,687,-1,686,687,688,-1,688,687,689,-1,688,689,690,-1,690,689,691,-1,690,691,692,-1,692,691,693,-1,693,691,694,-1,693,694,695,-1,695,694,696,-1,695,696,697,-1,697,696,698,-1,697,698,699,-1,698,700,699,-1,699,700,701,-1,699,701,702,-1,702,701,703,-1,667,668,704,-1,704,668,705,-1,704,705,706,-1,706,705,707,-1,706,707,708,-1,708,707,709,-1,708,709,710,-1,710,709,711,-1,710,711,703,-1,703,711,712,-1,703,712,702,-1,670,669,713,-1,670,713,714,-1,714,713,715,-1,714,715,716,-1,716,715,717,-1,716,717,718,-1,718,717,719,-1,718,719,720,-1,720,719,721,-1,720,721,722,-1,722,721,723,-1,722,723,724,-1,724,723,725,-1,724,725,726,-1,726,725,727,-1,726,727,728,-1,728,727,729,-1,728,729,730,-1,730,729,731,-1,730,731,732,-1,732,731,733,-1,733,731,734,-1,733,734,735,-1,735,734,736,-1,735,736,737,-1,737,736,738,-1,737,738,739,-1,738,740,739,-1,739,740,741,-1,739,741,742,-1,742,741,743,-1,744,745,746,-1,746,745,747,-1,746,747,748,-1,748,747,749,-1,748,749,750,-1,750,749,751,-1,750,751,752,-1,752,751,753,-1,752,753,743,-1,743,753,754,-1,743,754,742,-1,684,686,742,-1,668,670,705,-1,705,670,714,-1,705,714,707,-1,707,714,716,-1,707,716,709,-1,716,718,709,-1,709,718,720,-1,709,720,711,-1,711,720,712,-1,720,722,712,-1,712,722,724,-1,712,724,755,-1,755,724,726,-1,755,726,699,-1,699,726,728,-1,699,728,697,-1,697,728,730,-1,697,730,695,-1,695,730,732,-1,695,732,693,-1,693,732,733,-1,693,733,692,-1,692,733,690,-1,690,733,735,-1,690,735,688,-1,688,735,737,-1,688,737,686,-1,686,737,739,-1,686,739,742,-1,684,742,682,-1,682,742,754,-1,682,754,756,-1,756,754,757,-1,756,757,678,-1,758,745,671,-1,757,751,678,-1,678,751,749,-1,678,749,676,-1,676,749,758,-1,676,758,759,-1,759,758,671,-1,669,667,713,-1,713,667,704,-1,713,704,715,-1,715,704,706,-1,715,706,760,-1,760,706,719,-1,706,708,719,-1,719,708,710,-1,719,710,721,-1,721,710,723,-1,710,703,723,-1,723,703,701,-1,723,701,725,-1,725,701,700,-1,725,700,727,-1,727,700,729,-1,700,698,729,-1,729,698,696,-1,729,696,731,-1,731,696,761,-1,731,761,762,-1,762,761,691,-1,762,691,736,-1,736,691,738,-1,691,689,738,-1,738,689,687,-1,738,687,740,-1,740,687,685,-1,740,685,741,-1,752,743,681,-1,752,681,750,-1,741,685,743,-1,743,685,683,-1,743,683,681,-1,672,744,673,-1,673,744,746,-1,673,746,675,-1,675,746,677,-1,681,679,750,-1,750,679,677,-1,750,677,748,-1,748,677,746,-1,763,745,764,-1,764,745,744,-1,765,672,766,-1,766,672,671,-1,766,671,767,-1,766,767,768,-1,671,745,767,-1,767,745,763,-1,767,763,769,-1,770,771,772,-1,770,772,767,-1,767,772,773,-1,767,773,768,-1,763,774,769,-1,769,774,775,-1,769,775,776,-1,776,775,777,-1,776,777,778,-1,779,780,744,-1,744,672,779,-1,779,672,765,-1,779,765,781,-1,782,783,784,-1,784,783,779,-1,784,779,785,-1,785,779,781,-1,786,787,780,-1,780,787,764,-1,780,764,744,-1,786,780,788,-1,788,780,789,-1,788,789,790,-1,780,779,769,-1,769,779,767,-1,763,764,787,-1,763,787,774,-1,774,787,786,-1,774,786,775,-1,775,786,788,-1,775,788,777,-1,777,788,790,-1,777,790,778,-1,778,790,789,-1,778,789,776,-1,776,789,780,-1,776,780,769,-1,767,779,783,-1,767,783,770,-1,770,783,782,-1,770,782,771,-1,771,782,784,-1,771,784,772,-1,772,784,785,-1,772,785,773,-1,773,785,781,-1,773,781,768,-1,768,781,765,-1,768,765,766,-1,791,792,793,-1,793,792,794,-1,792,795,794,-1,794,795,796,-1,795,797,796,-1,796,797,798,-1,791,793,799,-1,799,793,800,-1,801,802,800,-1,800,802,803,-1,800,803,804,-1,804,805,800,-1,800,805,806,-1,800,806,799,-1,801,807,808,-1,801,808,802,-1,802,808,809,-1,802,809,803,-1,803,809,810,-1,803,810,804,-1,804,810,811,-1,804,811,805,-1,805,811,812,-1,805,812,806,-1,806,812,813,-1,806,813,799,-1,813,812,814,-1,814,812,811,-1,814,811,810,-1,810,809,814,-1,814,809,808,-1,814,808,807,-1,807,815,814,-1,814,815,816,-1,817,801,818,-1,818,801,800,-1,801,817,807,-1,807,817,815,-1,818,800,816,-1,816,800,814,-1,819,820,821,-1,819,821,822,-1,822,821,823,-1,822,823,824,-1,824,823,825,-1,824,825,826,-1,826,825,827,-1,826,827,828,-1,828,827,829,-1,828,829,830,-1,830,829,831,-1,830,831,832,-1,832,831,833,-1,832,833,834,-1,834,833,835,-1,834,835,836,-1,836,835,837,-1,836,837,838,-1,838,837,839,-1,838,839,840,-1,840,839,841,-1,841,839,842,-1,841,842,843,-1,843,842,844,-1,843,844,845,-1,845,844,846,-1,845,846,847,-1,846,848,847,-1,847,848,849,-1,847,849,850,-1,850,849,851,-1,817,818,852,-1,852,818,853,-1,852,853,854,-1,854,853,855,-1,854,855,856,-1,856,855,857,-1,856,857,858,-1,858,857,859,-1,858,859,851,-1,851,859,860,-1,851,860,850,-1,816,815,861,-1,816,861,862,-1,862,861,863,-1,862,863,864,-1,864,863,865,-1,864,865,866,-1,866,865,867,-1,866,867,868,-1,868,867,869,-1,868,869,870,-1,870,869,871,-1,870,871,872,-1,872,871,873,-1,872,873,874,-1,874,873,875,-1,874,875,876,-1,876,875,877,-1,876,877,878,-1,878,877,879,-1,878,879,880,-1,880,879,881,-1,881,879,882,-1,881,882,883,-1,883,882,884,-1,883,884,885,-1,885,884,886,-1,885,886,887,-1,886,888,887,-1,887,888,889,-1,887,889,890,-1,890,889,891,-1,892,893,894,-1,894,893,895,-1,894,895,896,-1,896,895,897,-1,896,897,898,-1,898,897,899,-1,898,899,900,-1,900,899,901,-1,900,901,891,-1,891,901,902,-1,891,902,890,-1,832,834,890,-1,818,816,853,-1,853,816,862,-1,853,862,855,-1,855,862,864,-1,855,864,857,-1,864,866,857,-1,857,866,868,-1,857,868,859,-1,859,868,860,-1,868,870,860,-1,860,870,872,-1,860,872,850,-1,850,872,874,-1,850,874,847,-1,847,874,876,-1,847,876,845,-1,845,876,878,-1,845,878,843,-1,843,878,880,-1,843,880,841,-1,841,880,881,-1,841,881,840,-1,840,881,838,-1,838,881,903,-1,838,903,836,-1,836,903,885,-1,836,885,834,-1,834,885,887,-1,834,887,890,-1,832,890,830,-1,830,890,902,-1,830,902,828,-1,828,902,901,-1,828,901,826,-1,895,893,819,-1,901,899,826,-1,826,899,897,-1,826,897,824,-1,824,897,895,-1,824,895,822,-1,822,895,819,-1,815,817,861,-1,861,817,852,-1,861,852,863,-1,863,852,854,-1,863,854,865,-1,865,854,867,-1,854,856,867,-1,867,856,858,-1,867,858,869,-1,869,858,871,-1,858,851,871,-1,871,851,849,-1,871,849,873,-1,873,849,848,-1,873,848,875,-1,875,848,877,-1,848,846,877,-1,877,846,844,-1,877,844,879,-1,879,844,904,-1,879,904,905,-1,905,904,839,-1,905,839,884,-1,884,839,886,-1,839,837,886,-1,886,837,835,-1,886,835,888,-1,888,835,833,-1,888,833,889,-1,900,891,829,-1,900,829,898,-1,889,833,891,-1,891,833,831,-1,891,831,829,-1,820,892,821,-1,821,892,894,-1,821,894,823,-1,823,894,825,-1,829,827,898,-1,898,827,825,-1,898,825,896,-1,896,825,894,-1,906,893,907,-1,907,893,892,-1,908,820,909,-1,909,820,819,-1,910,909,911,-1,911,909,819,-1,911,819,912,-1,819,893,912,-1,912,893,906,-1,912,906,913,-1,914,915,916,-1,917,918,919,-1,919,918,912,-1,919,912,920,-1,920,912,913,-1,914,916,911,-1,911,916,921,-1,911,921,910,-1,907,892,922,-1,907,922,923,-1,924,925,926,-1,927,928,929,-1,929,928,930,-1,929,930,931,-1,924,926,922,-1,922,926,932,-1,922,932,923,-1,892,820,922,-1,922,820,908,-1,922,908,930,-1,930,908,933,-1,930,933,931,-1,911,912,930,-1,930,912,922,-1,911,930,928,-1,911,928,914,-1,914,928,927,-1,914,927,915,-1,915,927,929,-1,915,929,916,-1,916,929,931,-1,916,931,921,-1,921,931,933,-1,921,933,910,-1,910,933,908,-1,910,908,909,-1,906,907,923,-1,906,923,913,-1,913,923,932,-1,913,932,920,-1,920,932,926,-1,920,926,919,-1,919,926,925,-1,919,925,917,-1,917,925,924,-1,917,924,918,-1,918,924,922,-1,918,922,912,-1,934,935,936,-1,936,935,937,-1,938,939,940,-1,941,935,934,-1,942,943,941,-1,943,944,941,-1,941,944,945,-1,941,945,946,-1,934,938,941,-1,941,938,940,-1,941,940,942,-1,942,940,947,-1,946,948,941,-1,941,948,949,-1,941,949,950,-1,950,949,951,-1,950,951,952,-1,953,954,955,-1,951,956,952,-1,952,956,953,-1,952,953,957,-1,957,953,955,-1,958,959,960,-1,961,962,304,-1,304,962,963,-1,304,963,964,-1,936,937,960,-1,960,937,304,-1,960,304,958,-1,958,304,964,-1,958,964,965,-1,966,967,304,-1,304,967,968,-1,304,968,961,-1,969,970,971,-1,966,304,970,-1,970,304,302,-1,970,302,971,-1,972,973,974,-1,969,971,974,-1,974,971,975,-1,974,975,972,-1,976,977,978,-1,978,977,979,-1,939,959,940,-1,940,959,958,-1,940,976,980,-1,981,982,983,-1,976,940,977,-1,977,940,958,-1,977,958,984,-1,984,958,983,-1,983,958,985,-1,983,985,981,-1,980,986,940,-1,940,986,987,-1,940,987,988,-1,988,987,989,-1,988,989,990,-1,958,965,991,-1,958,991,985,-1,985,991,992,-1,985,992,981,-1,981,992,993,-1,981,993,982,-1,982,993,994,-1,982,994,983,-1,983,994,995,-1,983,995,984,-1,984,995,979,-1,984,979,977,-1,976,978,996,-1,976,996,980,-1,980,996,997,-1,980,997,986,-1,986,997,998,-1,986,998,987,-1,987,998,999,-1,987,999,989,-1,989,999,1000,-1,989,1000,990,-1,990,1000,1001,-1,990,1001,988,-1,988,1001,947,-1,988,947,940,-1,1002,1003,1004,-1,1004,1003,1005,-1,1006,1007,1008,-1,1008,1007,1009,-1,1008,1010,1011,-1,1012,1013,1014,-1,1010,1008,1015,-1,1015,1008,1009,-1,1015,1009,1016,-1,1016,1009,1014,-1,1014,1009,1017,-1,1014,1017,1012,-1,1011,1018,1008,-1,1008,1018,1019,-1,1008,1019,1020,-1,1020,1019,1021,-1,1020,1021,1022,-1,
        ]
    }
}
Shape{
    appearance Appearance {
        material  Material 	{
            diffuseColor 0.25098039215686274 0.25098039215686274 0.25098039215686274
            specularColor 0.12549019607843137 0.12549019607843137 0.12549019607843137
            ambientIntensity 0.251
            transparency 0.0
            shininess 0.5
        }
    }
    geometry IndexedFaceSet {
        ccw TRUE
        solid FALSE
        coord DEF co Coordinate {
            point [
                2.4016 -3.6839 -0.0079, 2.3531 -3.6112 -1.2283, 2.4134 -3.7058 -1.2283, 2.4273 -3.735 -0.0079, 2.4693 -3.8731 -1.0709, 2.4693 -3.8731 -0.0079, 2.4529 -3.804 -1.1384, 2.4254 -3.7358 -1.2009, 2.0994 -3.4265 0.1496, 1.9891 -3.3929 0.1496, 1.9891 -3.3929 -1.0709, 2.251 -3.5092 0.1496, 2.1272 -3.4349 0.1496, 2.1272 -3.4349 -1.2028, 2.0583 -3.4093 -1.1384, 2.1565 -3.4489 -1.2283, 2.251 -3.5092 -1.2283, 2.2953 -3.5535 0.1496, 2.3531 -3.6112 0.1496, 2.4016 -3.6839 0.1496, 3.0109 -3.3929 -1.0709, 3.0109 -3.3929 0.1496, 2.9418 -3.4093 -1.1384, 2.8728 -3.4349 0.1496, 2.5727 -3.735 -0.0079, 2.5307 -3.8731 -0.0079, 2.5307 -3.8731 -1.0709, 2.5471 -3.804 -1.1384, 2.5727 -3.735 -1.2028, 2.5985 -3.6839 -0.0079, 2.5867 -3.7058 -1.2283, 2.647 -3.6112 -1.2283, 2.5985 -3.6839 0.1496, 2.647 -3.6112 0.1496, 2.7491 -3.5092 0.1496, 2.7491 -3.5092 -1.2283, 2.755 -3.5056 0.1496, 2.8436 -3.4489 -1.2283, 2.8736 -3.4368 -1.2009, 2.5985 -3.0405 -0.0079, 2.5985 -3.0405 0.1496, 2.647 -3.1132 0.1496, 2.5307 -2.8513 -1.0709, 2.5307 -2.8513 -0.0079, 2.5471 -2.9204 -1.1384, 2.5727 -2.9894 -0.0079, 2.8728 -3.2895 0.1496, 3.0109 -3.3315 0.1496, 3.0109 -3.3315 -1.0709, 2.7491 -3.2152 0.1496, 2.755 -3.2188 0.1496, 2.8728 -3.2895 -1.2028, 2.9418 -3.3151 -1.1384, 2.8436 -3.2755 -1.2283, 2.7491 -3.2152 -1.2283, 2.647 -3.1132 -1.2283, 2.5867 -3.0186 -1.2283, 2.5746 -2.9886 -1.2009, 2.4273 -2.9894 -0.0079, 2.4693 -2.8513 -0.0079, 2.4693 -2.8513 -1.0709, 2.4529 -2.9204 -1.1384, 2.4273 -2.9894 -1.2028, 2.4016 -3.0405 -0.0079, 2.4134 -3.0186 -1.2283, 2.3531 -3.1132 -1.2283, 2.4016 -3.0405 0.1496, 2.3531 -3.1132 0.1496, 2.2953 -3.1709 0.1496, 2.251 -3.2152 -1.2283, 2.251 -3.2152 0.1496, 2.1565 -3.2755 -1.2283, 2.1272 -3.2895 0.1496, 2.1265 -3.2876 -1.2009, 2.0994 -3.2979 0.1496, 2.0583 -3.3151 -1.1384, 1.9891 -3.3315 0.1496, 1.9891 -3.3315 -1.0709, -1.9891 -3.3315 -1.0709, -1.9891 -3.3315 0.1496, -1.9882 -3.3622 -1.0709, -1.9891 -3.3929 0.1496, -1.9891 -3.3929 -1.0709, -2.749 -3.5092 -1.2283, -2.8435 -3.4489 -1.2283, -2.353 -3.1132 -1.2283, -2.8543 -3.3622 -1.2283, -2.8435 -3.2755 -1.2283, -2.749 -3.2152 -1.2283, -2.2509 -3.5092 -1.2283, -2.353 -3.6112 -1.2283, -2.6469 -3.6112 -1.2283, -2.4133 -3.7058 -1.2283, -2.5 -3.7165 -1.2283, -2.5866 -3.7058 -1.2283, -2.6469 -3.1132 -1.2283, -2.2509 -3.2152 -1.2283, -2.1564 -3.2755 -1.2283, -2.1456 -3.3622 -1.2283, -2.1564 -3.4489 -1.2283, -2.5866 -3.0186 -1.2283, -2.5 -3.0079 -1.2283, -2.4133 -3.0186 -1.2283, -2.4529 -3.804 -1.1384, -2.4254 -3.7358 -1.2009, -2.5307 -3.8731 -1.0709, -2.5 -3.874 -1.0709, -2.4693 -3.8731 -1.0709, -2.5471 -3.804 -1.1384, -2.5727 -3.735 -1.2028, -2.4273 -3.735 -0.0079, -2.4015 -3.6839 -0.0079, -2.4015 -5.3307 -0.0079, -2.5984 -3.6839 -0.0079, -2.5727 -3.735 -0.0079, -2.5984 -5.3307 -0.0079, -2.5307 -3.8731 -0.0079, -2.4693 -3.8731 -0.0079, -2.4049 -5.3562 -0.0079, -2.4147 -5.3799 -0.0079, -2.4304 -5.4003 -0.0079, -2.595 -5.3562 -0.0079, -2.5852 -5.3799 -0.0079, -2.4745 -5.4258 -0.0079, -2.5 -5.4291 -0.0079, -2.5696 -5.4003 -0.0079, -2.5254 -5.4258 -0.0079, -2.5492 -5.4159 -0.0079, -2.4508 -5.4159 -0.0079, -2.5984 -3.6839 0.1496, -2.5984 -5.3307 0.1496, -2.4015 -3.6839 0.1496, -2.4015 -5.3307 0.1496, -2.4049 -5.3562 0.1496, -2.4147 -5.3799 0.1496, -2.4304 -5.4003 0.1496, -2.4508 -5.4159 0.1496, -2.4745 -5.4258 0.1496, -2.5 -5.4291 0.1496, -2.5254 -5.4258 0.1496, -2.5492 -5.4159 0.1496, -2.5696 -5.4003 0.1496, -2.5852 -5.3799 0.1496, -2.595 -5.3562 0.1496, -2.4015 -3.0405 -0.0079, -2.4015 -1.3937 -0.0079, -2.4015 -3.0405 0.1496, -2.4015 -1.3937 0.1496, -2.5984 -3.0405 0.1496, -2.5984 -1.3937 0.1496, -2.5984 -3.0405 -0.0079, -2.5984 -1.3937 -0.0079, -2.5727 -2.9894 -0.0079, -2.4273 -2.9894 -0.0079, -2.4693 -2.8513 -0.0079, -2.5307 -2.8513 -0.0079, -2.595 -1.3682 -0.0079, -2.5852 -1.3445 -0.0079, -2.5696 -1.3241 -0.0079, -2.4049 -1.3682 -0.0079, -2.4147 -1.3445 -0.0079, -2.5254 -1.2986 -0.0079, -2.5 -1.2953 -0.0079, -2.4304 -1.3241 -0.0079, -2.4745 -1.2986 -0.0079, -2.4508 -1.3084 -0.0079, -2.5492 -1.3084 -0.0079, -2.595 -1.3682 0.1496, -2.5852 -1.3445 0.1496, -2.5696 -1.3241 0.1496, -2.5492 -1.3084 0.1496, -2.5254 -1.2986 0.1496, -2.5 -1.2953 0.1496, -2.4745 -1.2986 0.1496, -2.4508 -1.3084 0.1496, -2.4304 -1.3241 0.1496, -2.4147 -1.3445 0.1496, -2.4049 -1.3682 0.1496, 2.4016 -1.3937 -0.0079, 2.5985 -1.3937 -0.0079, 2.405 -1.3682 -0.0079, 2.4148 -1.3445 -0.0079, 2.4304 -1.3241 -0.0079, 2.5951 -1.3682 -0.0079, 2.5853 -1.3445 -0.0079, 2.4746 -1.2986 -0.0079, 2.5 -1.2953 -0.0079, 2.5696 -1.3241 -0.0079, 2.5255 -1.2986 -0.0079, 2.5492 -1.3084 -0.0079, 2.4508 -1.3084 -0.0079, 2.4016 -1.3937 0.1496, 2.5985 -1.3937 0.1496, 2.405 -1.3682 0.1496, 2.4148 -1.3445 0.1496, 2.4304 -1.3241 0.1496, 2.4508 -1.3084 0.1496, 2.4746 -1.2986 0.1496, 2.4931 -1.2962 0.1496, 2.5 -1.2953 0.1496, 2.5255 -1.2986 0.1496, 2.5492 -1.3084 0.1496, 2.5696 -1.3241 0.1496, 2.5853 -1.3445 0.1496, 2.5951 -1.3682 0.1496, 2.5985 -5.3307 0.1496, 2.5985 -5.3307 -0.0079, 2.4016 -5.3307 -0.0079, 2.4016 -5.3307 0.1496, 2.5951 -5.3562 -0.0079, 2.5853 -5.3799 -0.0079, 2.5696 -5.4003 -0.0079, 2.405 -5.3562 -0.0079, 2.4148 -5.3799 -0.0079, 2.5255 -5.4258 -0.0079, 2.5 -5.4291 -0.0079, 2.4304 -5.4003 -0.0079, 2.4746 -5.4258 -0.0079, 2.4508 -5.4159 -0.0079, 2.5492 -5.4159 -0.0079, 2.5951 -5.3562 0.1496, 2.5853 -5.3799 0.1496, 2.5696 -5.4003 0.1496, 2.5492 -5.4159 0.1496, 2.5255 -5.4258 0.1496, 2.5 -5.4291 0.1496, 2.4931 -5.4282 0.1496, 2.4746 -5.4258 0.1496, 2.4508 -5.4159 0.1496, 2.4304 -5.4003 0.1496, 2.4148 -5.3799 0.1496, 2.405 -5.3562 0.1496
            ]
        }
        coordIndex [
            0,1,2,-1,0,2,3,-1,4,5,6,-1,6,5,3,-1,6,3,7,-1,7,3,2,-1,8,9,10,-1,11,12,13,-1,13,12,8,-1,13,8,14,-1,14,8,10,-1,13,15,11,-1,11,15,16,-1,11,16,17,-1,17,16,1,-1,17,1,18,-1,18,1,0,-1,18,0,19,-1,20,21,22,-1,22,21,23,-1,24,25,26,-1,26,27,24,-1,24,27,28,-1,24,28,29,-1,29,28,30,-1,29,30,31,-1,32,29,33,-1,33,29,31,-1,33,31,34,-1,34,31,35,-1,34,35,36,-1,36,35,37,-1,36,37,23,-1,23,37,38,-1,23,38,22,-1,39,40,41,-1,42,43,44,-1,44,43,45,-1,46,47,48,-1,49,50,51,-1,51,50,46,-1,51,46,52,-1,52,46,48,-1,51,53,49,-1,49,53,54,-1,49,54,41,-1,41,54,55,-1,41,55,39,-1,39,55,56,-1,39,56,45,-1,45,56,57,-1,45,57,44,-1,58,59,60,-1,60,61,58,-1,58,61,62,-1,58,62,63,-1,63,62,64,-1,63,64,65,-1,66,63,67,-1,67,63,65,-1,67,65,68,-1,68,65,69,-1,68,69,70,-1,70,69,71,-1,70,71,72,-1,72,71,73,-1,72,73,74,-1,74,73,75,-1,74,75,76,-1,76,75,77,-1,78,79,80,-1,80,79,81,-1,80,81,82,-1,83,84,85,-1,86,87,88,-1,89,90,91,-1,83,85,91,-1,90,92,91,-1,91,92,93,-1,91,93,94,-1,95,85,88,-1,88,85,84,-1,88,84,86,-1,85,96,91,-1,91,96,97,-1,91,97,89,-1,89,97,98,-1,89,98,99,-1,95,100,85,-1,85,100,101,-1,85,101,102,-1,103,93,104,-1,104,93,92,-1,105,93,106,-1,106,93,103,-1,106,103,107,-1,105,108,93,-1,93,108,109,-1,93,109,94,-1,110,111,112,-1,113,114,115,-1,115,114,116,-1,115,116,117,-1,118,115,112,-1,112,115,117,-1,112,117,110,-1,118,119,115,-1,115,119,120,-1,115,120,121,-1,121,120,122,-1,123,124,125,-1,125,124,126,-1,125,126,127,-1,122,120,125,-1,125,120,128,-1,125,128,123,-1,113,115,129,-1,129,115,130,-1,131,132,111,-1,111,132,112,-1,112,132,133,-1,112,133,118,-1,118,133,134,-1,118,134,119,-1,119,134,135,-1,119,135,120,-1,120,135,136,-1,120,136,128,-1,128,136,137,-1,128,137,123,-1,123,137,138,-1,123,138,124,-1,124,138,139,-1,124,139,126,-1,126,139,140,-1,126,140,127,-1,127,140,141,-1,127,141,125,-1,125,141,142,-1,125,142,122,-1,122,142,143,-1,122,143,121,-1,121,143,130,-1,121,130,115,-1,144,145,146,-1,146,145,147,-1,148,149,150,-1,150,149,151,-1,152,150,151,-1,144,153,145,-1,145,153,154,-1,145,154,155,-1,156,145,151,-1,151,145,155,-1,151,155,152,-1,156,157,145,-1,145,157,158,-1,145,158,159,-1,159,158,160,-1,161,162,163,-1,163,162,164,-1,163,164,165,-1,160,158,163,-1,163,158,166,-1,163,166,161,-1,151,149,167,-1,151,167,156,-1,156,167,168,-1,156,168,157,-1,157,168,169,-1,157,169,158,-1,158,169,170,-1,158,170,166,-1,166,170,171,-1,166,171,161,-1,161,171,172,-1,161,172,162,-1,162,172,173,-1,162,173,164,-1,164,173,174,-1,164,174,165,-1,165,174,175,-1,165,175,163,-1,163,175,176,-1,163,176,160,-1,160,176,177,-1,160,177,159,-1,159,177,147,-1,159,147,145,-1,58,63,178,-1,39,45,179,-1,179,45,43,-1,179,43,59,-1,180,179,178,-1,178,179,59,-1,178,59,58,-1,180,181,179,-1,179,181,182,-1,179,182,183,-1,183,182,184,-1,185,186,187,-1,187,186,188,-1,187,188,189,-1,184,182,187,-1,187,182,190,-1,187,190,185,-1,66,191,63,-1,63,191,178,-1,39,179,40,-1,40,179,192,-1,178,191,193,-1,178,193,180,-1,180,193,194,-1,180,194,181,-1,181,194,195,-1,181,195,182,-1,182,195,196,-1,182,196,190,-1,190,196,197,-1,190,197,185,-1,185,197,198,-1,185,198,186,-1,198,199,186,-1,186,199,200,-1,186,200,188,-1,188,200,201,-1,188,201,189,-1,189,201,202,-1,189,202,187,-1,187,202,203,-1,187,203,184,-1,184,203,204,-1,184,204,183,-1,183,204,192,-1,183,192,179,-1,32,205,29,-1,29,205,206,-1,0,207,19,-1,19,207,208,-1,24,29,206,-1,0,3,207,-1,207,3,5,-1,207,5,25,-1,209,207,206,-1,206,207,25,-1,206,25,24,-1,209,210,207,-1,207,210,211,-1,207,211,212,-1,212,211,213,-1,214,215,216,-1,216,215,217,-1,216,217,218,-1,213,211,216,-1,216,211,219,-1,216,219,214,-1,206,205,220,-1,206,220,209,-1,209,220,221,-1,209,221,210,-1,210,221,222,-1,210,222,211,-1,211,222,223,-1,211,223,219,-1,219,223,224,-1,219,224,214,-1,214,224,225,-1,214,225,215,-1,215,225,226,-1,215,226,217,-1,226,227,217,-1,217,227,228,-1,217,228,218,-1,218,228,229,-1,218,229,216,-1,216,229,230,-1,216,230,213,-1,213,230,231,-1,213,231,212,-1,212,231,208,-1,212,208,207,-1,
        ]
    }
}
Shape{
    appearance Appearance {
        material  Material 	{
            diffuseColor 0.7529411764705882 0.7529411764705882 0.7529411764705882
            specularColor 0.3764705882352941 0.3764705882352941 0.3764705882352941
            ambientIntensity 0.7529
            transparency 0.0
            shininess 0.5
        }
    }
    geometry IndexedFaceSet {
        ccw TRUE
        solid FALSE
        coord DEF co Coordinate {
            point [
                2.1122 -0.0728 -1.2598, 2.1122 -0.25 -1.2598, 2.1122 -0.0728 0.1496, 2.1122 -0.25 0.1496, 2.2894 -0.0728 -1.2598, 2.2894 -0.0728 0.1496, 2.2894 -0.25 -1.2598, 2.2894 -0.25 0.1496, 2.1122 -0.6516 -1.2598, 2.1122 -0.8287 -1.2598, 2.1122 -0.6516 0.1496, 2.1122 -0.8287 0.1496, 2.2894 -0.6516 -1.2598, 2.2894 -0.6516 0.1496, 2.2894 -0.8287 -1.2598, 2.2894 -0.8287 0.1496, 1.9095 2.7264 -1.2598, 1.9095 2.5492 -1.2598, 1.9095 2.7264 0.1496, 1.9095 2.5492 0.1496, 2.0866 2.7264 -1.2598, 2.0866 2.7264 0.1496, 2.0866 2.5492 -1.2598, 2.0866 2.5492 0.1496, 1.1103 2.7264 -1.2598, 1.1103 2.5492 -1.2598, 1.1103 2.7264 0.1496, 1.1103 2.5492 0.1496, 1.2874 2.7264 -1.2598, 1.2874 2.7264 0.1496, 1.2874 2.5492 -1.2598, 1.2874 2.5492 0.1496, 0.3111 2.7264 -1.2598, 0.3111 2.5492 -1.2598, 0.3111 2.7264 0.1496, 0.3111 2.5492 0.1496, 0.4882 2.7264 -1.2598, 0.4882 2.7264 0.1496, 0.4882 2.5492 -1.2598, 0.4882 2.5492 0.1496, 2.3111 3.7264 -1.2598, 2.3111 3.5492 -1.2598, 2.3111 3.7264 0.1496, 2.3111 3.5492 0.1496, 2.4882 3.7264 -1.2598, 2.4882 3.7264 0.1496, 2.4882 3.5492 -1.2598, 2.4882 3.5492 0.1496, 1.5118 3.7264 -1.2598, 1.5118 3.5492 -1.2598, 1.5118 3.7264 0.1496, 1.5118 3.5492 0.1496, 1.689 3.7264 -1.2598, 1.689 3.7264 0.1496, 1.689 3.5492 -1.2598, 1.689 3.5492 0.1496, 0.7126 3.7264 -1.2598, 0.7126 3.5492 -1.2598, 0.7126 3.7264 0.1496, 0.7126 3.5492 0.1496, 0.8898 3.7264 -1.2598, 0.8898 3.7264 0.1496, 0.8898 3.5492 -1.2598, 0.8898 3.5492 0.1496, 2.3012 4.7362 -1.2598, 2.3012 4.5394 -1.2598, 2.3012 4.7362 0.1496, 2.3012 4.5394 0.1496, 2.4981 4.7362 0.1496, 2.4981 4.7362 -1.2598, 2.4931 4.7362 0.1496, 2.4981 4.5394 -1.2598, 2.4981 4.5394 0.1496, 2.4931 4.5394 0.1496, 1.3012 4.7362 -1.2598, 1.3012 4.5394 -1.2598, 1.3012 4.7362 0.1496, 1.3012 4.5394 0.1496, 1.4981 4.7362 -1.2598, 1.4981 4.7362 0.1496, 1.4981 4.5394 -1.2598, 1.4981 4.5394 0.1496, -2.1122 -0.25 -1.2598, -2.1122 -0.0728 -1.2598, -2.1122 -0.25 0.1496, -2.1122 -0.0728 0.1496, -2.2893 -0.25 -1.2598, -2.2893 -0.25 0.1496, -2.2893 -0.0728 -1.2598, -2.2893 -0.0728 0.1496, -2.1122 -0.8287 -1.2598, -2.1122 -0.6516 -1.2598, -2.1122 -0.8287 0.1496, -2.1122 -0.6516 0.1496, -2.2893 -0.8287 -1.2598, -2.2893 -0.8287 0.1496, -2.2893 -0.6516 -1.2598, -2.2893 -0.6516 0.1496, -1.9094 2.5492 -1.2598, -1.9094 2.7264 -1.2598, -1.9094 2.5492 0.1496, -1.9094 2.7264 0.1496, -2.0866 2.5492 0.1496, -2.0866 2.5492 -1.2598, -1.9488 2.5492 0.1496, -2.0866 2.7264 -1.2598, -2.0866 2.7264 0.1496, -1.9488 2.7264 0.1496, -1.1102 2.5492 -1.2598, -1.1102 2.7264 -1.2598, -1.1102 2.5492 0.1496, -1.1102 2.7264 0.1496, -1.2874 2.5492 -1.2598, -1.2874 2.5492 0.1496, -1.2874 2.7264 -1.2598, -1.2874 2.7264 0.1496, -0.311 2.5492 -1.2598, -0.311 2.7264 -1.2598, -0.311 2.5492 0.1496, -0.311 2.7264 0.1496, -0.4882 2.5492 -1.2598, -0.4882 2.5492 0.1496, -0.4882 2.7264 -1.2598, -0.4882 2.7264 0.1496, -2.311 3.5492 -1.2598, -2.311 3.7264 -1.2598, -2.311 3.5492 0.1496, -2.311 3.7264 0.1496, -2.4882 3.5492 -1.2598, -2.4882 3.5492 0.1496, -2.4882 3.7264 -1.2598, -2.4882 3.7264 0.1496, -1.5118 3.5492 -1.2598, -1.5118 3.7264 -1.2598, -1.5118 3.5492 0.1496, -1.5118 3.7264 0.1496, -1.6889 3.5492 -1.2598, -1.6889 3.5492 0.1496, -1.6889 3.7264 -1.2598, -1.6889 3.7264 0.1496, -0.7126 3.5492 -1.2598, -0.7126 3.7264 -1.2598, -0.7126 3.5492 0.1496, -0.7126 3.7264 0.1496, -0.8897 3.5492 -1.2598, -0.8897 3.5492 0.1496, -0.8897 3.7264 -1.2598, -0.8897 3.7264 0.1496, -2.3012 4.5394 -1.2598, -2.3012 4.7362 -1.2598, -2.3012 4.5394 0.1496, -2.3012 4.7362 0.1496, -2.498 4.5394 -1.2598, -2.3061 4.5394 0.1496, -2.498 4.5394 0.1496, -2.498 4.7362 -1.2598, -2.498 4.7362 0.1496, -2.3061 4.7362 0.1496, -1.3012 4.5394 -1.2598, -1.3012 4.7362 -1.2598, -1.3012 4.5394 0.1496, -1.3012 4.7362 0.1496, -1.498 4.5394 -1.2598, -1.498 4.5394 0.1496, -1.498 4.7362 -1.2598, -1.498 4.7362 0.1496
            ]
        }
        coordIndex [
            0,1,2,-1,2,1,3,-1,4,0,5,-1,5,0,2,-1,6,4,7,-1,7,4,5,-1,1,6,3,-1,3,6,7,-1,4,6,0,-1,0,6,1,-1,8,9,10,-1,10,9,11,-1,12,8,13,-1,13,8,10,-1,14,12,15,-1,15,12,13,-1,9,14,11,-1,11,14,15,-1,12,14,8,-1,8,14,9,-1,16,17,18,-1,18,17,19,-1,20,16,21,-1,21,16,18,-1,22,20,23,-1,23,20,21,-1,17,22,19,-1,19,22,23,-1,20,22,16,-1,16,22,17,-1,24,25,26,-1,26,25,27,-1,28,24,29,-1,29,24,26,-1,30,28,31,-1,31,28,29,-1,25,30,27,-1,27,30,31,-1,28,30,24,-1,24,30,25,-1,32,33,34,-1,34,33,35,-1,36,32,37,-1,37,32,34,-1,38,36,39,-1,39,36,37,-1,33,38,35,-1,35,38,39,-1,36,38,32,-1,32,38,33,-1,40,41,42,-1,42,41,43,-1,44,40,45,-1,45,40,42,-1,46,44,47,-1,47,44,45,-1,41,46,43,-1,43,46,47,-1,44,46,40,-1,40,46,41,-1,48,49,50,-1,50,49,51,-1,52,48,53,-1,53,48,50,-1,54,52,55,-1,55,52,53,-1,49,54,51,-1,51,54,55,-1,52,54,48,-1,48,54,49,-1,56,57,58,-1,58,57,59,-1,60,56,61,-1,61,56,58,-1,62,60,63,-1,63,60,61,-1,57,62,59,-1,59,62,63,-1,60,62,56,-1,56,62,57,-1,64,65,66,-1,66,65,67,-1,68,69,70,-1,70,69,64,-1,70,64,66,-1,71,69,72,-1,72,69,68,-1,71,72,65,-1,65,72,73,-1,65,73,67,-1,69,71,64,-1,64,71,65,-1,74,75,76,-1,76,75,77,-1,78,74,79,-1,79,74,76,-1,80,78,81,-1,81,78,79,-1,75,80,77,-1,77,80,81,-1,78,80,74,-1,74,80,75,-1,82,83,84,-1,84,83,85,-1,86,82,87,-1,87,82,84,-1,88,86,89,-1,89,86,87,-1,83,88,85,-1,85,88,89,-1,86,88,82,-1,82,88,83,-1,90,91,92,-1,92,91,93,-1,94,90,95,-1,95,90,92,-1,96,94,97,-1,97,94,95,-1,91,96,93,-1,93,96,97,-1,94,96,90,-1,90,96,91,-1,98,99,100,-1,100,99,101,-1,102,103,104,-1,104,103,98,-1,104,98,100,-1,105,103,106,-1,106,103,102,-1,101,99,107,-1,107,99,105,-1,107,105,106,-1,103,105,98,-1,98,105,99,-1,108,109,110,-1,110,109,111,-1,112,108,113,-1,113,108,110,-1,114,112,115,-1,115,112,113,-1,109,114,111,-1,111,114,115,-1,112,114,108,-1,108,114,109,-1,116,117,118,-1,118,117,119,-1,120,116,121,-1,121,116,118,-1,122,120,123,-1,123,120,121,-1,117,122,119,-1,119,122,123,-1,120,122,116,-1,116,122,117,-1,124,125,126,-1,126,125,127,-1,128,124,129,-1,129,124,126,-1,130,128,131,-1,131,128,129,-1,125,130,127,-1,127,130,131,-1,128,130,124,-1,124,130,125,-1,132,133,134,-1,134,133,135,-1,136,132,137,-1,137,132,134,-1,138,136,139,-1,139,136,137,-1,133,138,135,-1,135,138,139,-1,136,138,132,-1,132,138,133,-1,140,141,142,-1,142,141,143,-1,144,140,145,-1,145,140,142,-1,146,144,147,-1,147,144,145,-1,141,146,143,-1,143,146,147,-1,144,146,140,-1,140,146,141,-1,148,149,150,-1,150,149,151,-1,148,150,152,-1,152,150,153,-1,152,153,154,-1,155,152,156,-1,156,152,154,-1,151,149,157,-1,157,149,155,-1,157,155,156,-1,152,155,148,-1,148,155,149,-1,158,159,160,-1,160,159,161,-1,162,158,163,-1,163,158,160,-1,164,162,165,-1,165,162,163,-1,159,164,161,-1,161,164,165,-1,162,164,158,-1,158,164,159,-1,
        ]
    }
}
Shape{
    appearance Appearance {
        material  Material 	{
            diffuseColor 0.25098039215686274 0.25098039215686274 0.25098039215686274
            specularColor 0.12549019607843137 0.12549019607843137 0.12549019607843137
            ambientIntensity 0.251
            transparency 0.0
            shininess 0.5
        }
    }
    geometry IndexedFaceSet {
        ccw TRUE
        solid FALSE
        coord DEF co Coordinate {
            point [
                -0.6734 5.1772 0.5433, -0.6734 4.3894 0.5433, -0.6734 5.1772 0.1496, -0.6734 4.3894 0.1496, 0.6735 4.3894 0.5433, 0.6735 4.3894 0.1496, 0.0 4.3894 0.1496, -0.6004 4.3894 0.1496, 0.6735 5.1772 0.5433, 0.6735 5.1772 0.1496
            ]
        }
        coordIndex [
            0,1,2,-1,2,1,3,-1,1,4,5,-1,5,6,1,-1,1,6,7,-1,1,7,3,-1,4,8,5,-1,5,8,9,-1,
        ]
    }
}
Shape{
    appearance Appearance {
        material  Material 	{
            diffuseColor 0.7529411764705882 0.7529411764705882 0.7529411764705882
            specularColor 0.3764705882352941 0.3764705882352941 0.3764705882352941
            ambientIntensity 0.7529
            transparency 0.0
            shininess 0.5
        }
    }
    geometry IndexedFaceSet {
        ccw TRUE
        solid FALSE
        coord DEF co Coordinate {
            point [
                3.2284 -2.6819 0.1496, 3.3465 -2.6819 0.1496, 3.2282 -2.6819 0.1486, 3.3423 -2.6819 0.118, 3.2278 -2.6819 0.1476, 3.3301 -2.6819 0.0886, 3.2272 -2.6819 0.1468, 3.3107 -2.6819 0.0633, 3.2264 -2.6819 0.1462, 3.2855 -2.6819 0.0439, 3.2255 -2.6819 0.1458, 3.256 -2.6819 0.0317, 3.2244 -2.6819 0.1457, 3.2244 -2.6819 0.0276, 3.2244 -4.0425 0.1457, 3.2244 -4.0425 0.0276, 3.2255 -4.0425 0.1458, 3.256 -4.0425 0.0317, 3.2264 -4.0425 0.1462, 3.2855 -4.0425 0.0439, 3.2272 -4.0425 0.1468, 3.3107 -4.0425 0.0633, 3.2278 -4.0425 0.1476, 3.3301 -4.0425 0.0886, 3.2282 -4.0425 0.1486, 3.3423 -4.0425 0.118, 3.2284 -4.0425 0.1496, 3.3465 -4.0425 0.1496, 2.664 -4.0425 0.1457, 2.664 -4.0425 0.0276, 2.664 -2.6819 0.0276, 2.664 -2.6819 0.1457, 2.8255 -2.8074 0.0276, 2.9494 -2.9702 0.0276, 2.8255 -3.917 0.0276, 2.9494 -3.7542 0.0276, 3.0271 -3.565 0.0276, 3.0537 -3.3622 0.0276, 3.0271 -3.1594 0.0276, 2.8255 -3.917 0.1457, 2.9494 -2.9702 0.1457, 2.8255 -2.8074 0.1457, 2.9494 -3.7542 0.1457, 3.0271 -3.1594 0.1457, 3.0537 -3.3622 0.1457, 3.0271 -3.565 0.1457, 3.2284 1.8305 0.1496, 3.3465 1.8305 0.1496, 3.2282 1.8305 0.1486, 3.3423 1.8305 0.118, 3.2278 1.8305 0.1476, 3.3301 1.8305 0.0886, 3.2272 1.8305 0.1468, 3.3107 1.8305 0.0633, 3.2264 1.8305 0.1462, 3.2855 1.8305 0.0439, 3.2255 1.8305 0.1458, 3.256 1.8305 0.0317, 3.2244 1.8305 0.1457, 3.2244 1.8305 0.0276, 3.2244 0.6202 0.1457, 3.2244 0.6202 0.0276, 3.2255 0.6202 0.1458, 3.256 0.6202 0.0317, 3.2264 0.6202 0.1462, 3.2855 0.6202 0.0439, 3.2272 0.6202 0.1468, 3.3107 0.6202 0.0633, 3.2278 0.6202 0.1476, 3.3301 0.6202 0.0886, 3.2282 0.6202 0.1486, 3.3423 0.6202 0.118, 3.2284 0.6202 0.1496, 3.3465 0.6202 0.1496, 2.7064 0.6202 0.1457, 2.7064 0.6202 0.0276, 2.7064 1.8305 0.0276, 2.7064 1.8305 0.1457, -3.2283 -4.0425 0.1496, -3.3464 -4.0425 0.1496, -3.2282 -4.0425 0.1486, -3.3423 -4.0425 0.118, -3.2278 -4.0425 0.1476, -3.3301 -4.0425 0.0886, -3.2272 -4.0425 0.1468, -3.3107 -4.0425 0.0633, -3.2263 -4.0425 0.1462, -3.2854 -4.0425 0.0439, -3.2254 -4.0425 0.1458, -3.256 -4.0425 0.0317, -3.2244 -4.0425 0.1457, -3.2244 -4.0425 0.0276, -3.2244 -2.6819 0.1457, -3.2244 -2.6819 0.0276, -3.2254 -2.6819 0.1458, -3.256 -2.6819 0.0317, -3.2263 -2.6819 0.1462, -3.2854 -2.6819 0.0439, -3.2272 -2.6819 0.1468, -3.3107 -2.6819 0.0633, -3.2278 -2.6819 0.1476, -3.3301 -2.6819 0.0886, -3.2282 -2.6819 0.1486, -3.3423 -2.6819 0.118, -3.2283 -2.6819 0.1496, -3.3464 -2.6819 0.1496, -2.664 -2.6819 0.1457, -2.664 -2.6819 0.0276, -2.664 -4.0425 0.0276, -2.664 -4.0425 0.1457, -2.8255 -2.8074 0.0276, -2.9493 -2.9702 0.0276, -2.8255 -3.917 0.0276, -2.9493 -3.7542 0.0276, -3.0271 -3.1594 0.0276, -3.0536 -3.3622 0.0276, -3.0271 -3.565 0.0276, -2.8255 -3.917 0.1457, -2.9493 -3.7542 0.1457, -2.8255 -2.8074 0.1457, -2.9493 -2.9702 0.1457, -3.0271 -3.565 0.1457, -3.0536 -3.3622 0.1457, -3.0271 -3.1594 0.1457, -3.2283 0.6202 0.1496, -3.3464 0.6202 0.1496, -3.2282 0.6202 0.1486, -3.3423 0.6202 0.118, -3.2278 0.6202 0.1476, -3.3301 0.6202 0.0886, -3.2272 0.6202 0.1468, -3.3107 0.6202 0.0633, -3.2263 0.6202 0.1462, -3.2854 0.6202 0.0439, -3.2254 0.6202 0.1458, -3.256 0.6202 0.0317, -3.2244 0.6202 0.1457, -3.2244 0.6202 0.0276, -3.2244 1.8305 0.1457, -3.2244 1.8305 0.0276, -3.2254 1.8305 0.1458, -3.256 1.8305 0.0317, -3.2263 1.8305 0.1462, -3.2854 1.8305 0.0439, -3.2272 1.8305 0.1468, -3.3107 1.8305 0.0633, -3.2278 1.8305 0.1476, -3.3301 1.8305 0.0886, -3.2282 1.8305 0.1486, -3.3423 1.8305 0.118, -3.2283 1.8305 0.1496, -3.3464 1.8305 0.1496, -2.7064 1.8305 0.1457, -2.7064 1.8305 0.0276, -2.7064 0.6202 0.0276, -2.7064 0.6202 0.1457
            ]
        }
        coordIndex [
            0,1,2,-1,2,1,3,-1,2,3,4,-1,4,3,5,-1,4,5,6,-1,6,5,7,-1,6,7,8,-1,8,7,9,-1,8,9,10,-1,10,9,11,-1,10,11,12,-1,12,11,13,-1,14,15,16,-1,16,15,17,-1,16,17,18,-1,18,17,19,-1,18,19,20,-1,20,19,21,-1,20,21,22,-1,22,21,23,-1,22,23,24,-1,24,23,25,-1,24,25,26,-1,26,25,27,-1,1,27,25,-1,1,25,3,-1,3,25,23,-1,3,23,5,-1,5,23,21,-1,5,21,7,-1,7,21,19,-1,7,19,9,-1,9,19,17,-1,9,17,11,-1,11,17,15,-1,11,15,13,-1,12,14,10,-1,10,14,16,-1,10,16,8,-1,8,16,18,-1,8,18,6,-1,6,18,20,-1,6,20,4,-1,4,20,22,-1,4,22,2,-1,2,22,24,-1,2,24,0,-1,0,24,26,-1,14,28,15,-1,15,28,29,-1,13,30,12,-1,12,30,31,-1,30,13,32,-1,32,13,33,-1,29,34,15,-1,15,34,35,-1,35,36,15,-1,15,36,37,-1,15,37,13,-1,13,37,38,-1,13,38,33,-1,39,28,14,-1,40,12,41,-1,41,12,31,-1,39,14,42,-1,40,43,12,-1,12,43,44,-1,12,44,14,-1,14,44,45,-1,14,45,42,-1,29,28,34,-1,34,28,39,-1,34,39,35,-1,35,39,42,-1,35,42,36,-1,36,42,45,-1,36,45,37,-1,37,45,44,-1,37,44,38,-1,38,44,43,-1,38,43,33,-1,33,43,40,-1,33,40,32,-1,32,40,41,-1,32,41,30,-1,30,41,31,-1,46,47,48,-1,48,47,49,-1,48,49,50,-1,50,49,51,-1,50,51,52,-1,52,51,53,-1,52,53,54,-1,54,53,55,-1,54,55,56,-1,56,55,57,-1,56,57,58,-1,58,57,59,-1,60,61,62,-1,62,61,63,-1,62,63,64,-1,64,63,65,-1,64,65,66,-1,66,65,67,-1,66,67,68,-1,68,67,69,-1,68,69,70,-1,70,69,71,-1,70,71,72,-1,72,71,73,-1,47,73,71,-1,47,71,49,-1,49,71,69,-1,49,69,51,-1,51,69,67,-1,51,67,53,-1,53,67,65,-1,53,65,55,-1,55,65,63,-1,55,63,57,-1,57,63,61,-1,57,61,59,-1,58,60,56,-1,56,60,62,-1,56,62,54,-1,54,62,64,-1,54,64,52,-1,52,64,66,-1,52,66,50,-1,50,66,68,-1,50,68,48,-1,48,68,70,-1,48,70,46,-1,46,70,72,-1,60,74,61,-1,61,74,75,-1,59,76,58,-1,58,76,77,-1,61,75,59,-1,59,75,76,-1,77,74,58,-1,58,74,60,-1,76,75,77,-1,77,75,74,-1,78,79,80,-1,80,79,81,-1,80,81,82,-1,82,81,83,-1,82,83,84,-1,84,83,85,-1,84,85,86,-1,86,85,87,-1,86,87,88,-1,88,87,89,-1,88,89,90,-1,90,89,91,-1,92,93,94,-1,94,93,95,-1,94,95,96,-1,96,95,97,-1,96,97,98,-1,98,97,99,-1,98,99,100,-1,100,99,101,-1,100,101,102,-1,102,101,103,-1,102,103,104,-1,104,103,105,-1,79,105,103,-1,79,103,81,-1,81,103,101,-1,81,101,83,-1,83,101,99,-1,83,99,85,-1,85,99,97,-1,85,97,87,-1,87,97,95,-1,87,95,89,-1,89,95,93,-1,89,93,91,-1,90,92,88,-1,88,92,94,-1,88,94,86,-1,86,94,96,-1,86,96,84,-1,84,96,98,-1,84,98,82,-1,82,98,100,-1,82,100,80,-1,80,100,102,-1,80,102,78,-1,78,102,104,-1,106,107,92,-1,92,107,93,-1,108,109,91,-1,91,109,90,-1,107,110,93,-1,93,110,111,-1,108,91,112,-1,112,91,113,-1,111,114,93,-1,93,114,115,-1,93,115,91,-1,91,115,116,-1,91,116,113,-1,109,117,90,-1,90,117,118,-1,106,92,119,-1,119,92,120,-1,118,121,90,-1,90,121,122,-1,90,122,92,-1,92,122,123,-1,92,123,120,-1,107,106,110,-1,110,106,119,-1,110,119,111,-1,111,119,120,-1,111,120,114,-1,114,120,123,-1,114,123,115,-1,115,123,122,-1,115,122,116,-1,116,122,121,-1,116,121,113,-1,113,121,118,-1,113,118,112,-1,112,118,117,-1,112,117,108,-1,108,117,109,-1,124,125,126,-1,126,125,127,-1,126,127,128,-1,128,127,129,-1,128,129,130,-1,130,129,131,-1,130,131,132,-1,132,131,133,-1,132,133,134,-1,134,133,135,-1,134,135,136,-1,136,135,137,-1,138,139,140,-1,140,139,141,-1,140,141,142,-1,142,141,143,-1,142,143,144,-1,144,143,145,-1,144,145,146,-1,146,145,147,-1,146,147,148,-1,148,147,149,-1,148,149,150,-1,150,149,151,-1,125,151,149,-1,125,149,127,-1,127,149,147,-1,127,147,129,-1,129,147,145,-1,129,145,131,-1,131,145,143,-1,131,143,133,-1,133,143,141,-1,133,141,135,-1,135,141,139,-1,135,139,137,-1,136,138,134,-1,134,138,140,-1,134,140,132,-1,132,140,142,-1,132,142,130,-1,130,142,144,-1,130,144,128,-1,128,144,146,-1,128,146,126,-1,126,146,148,-1,126,148,124,-1,124,148,150,-1,152,153,138,-1,138,153,139,-1,154,155,137,-1,137,155,136,-1,139,153,137,-1,137,153,154,-1,155,152,136,-1,136,152,138,-1,154,153,155,-1,155,153,152,-1,
        ]
    }
}
Shape{
    appearance Appearance {
        material  Material 	{
            diffuseColor 0.25098039215686274 0.25098039215686274 0.25098039215686274
            specularColor 0.12549019607843137 0.12549019607843137 0.12549019607843137
            ambientIntensity 0.251
            transparency 0.0
            shininess 0.5
        }
    }
    geometry IndexedFaceSet {
        ccw TRUE
        solid FALSE
        coord DEF co Coordinate {
            point [
                0.6341 5.1772 0.5433, 0.6341 4.4288 0.5433, 0.6341 5.1772 -0.0079, 0.6341 4.4288 -0.0079, -0.634 4.4288 0.5433, -0.634 4.4288 -0.0079, -0.634 5.1772 0.5433, -0.634 5.1772 -0.0079
            ]
        }
        coordIndex [
            0,1,2,-1,2,1,3,-1,1,4,3,-1,3,4,5,-1,4,6,5,-1,5,6,7,-1,3,5,2,-1,2,5,7,-1,
        ]
    }
}
Shape{
    appearance Appearance {
        material  Material 	{
            diffuseColor 0.7529411764705882 0.7529411764705882 0.7529411764705882
            specularColor 0.3764705882352941 0.3764705882352941 0.3764705882352941
            ambientIntensity 0.7529
            transparency 0.0
            shininess 0.5
        }
    }
    geometry IndexedFaceSet {
        ccw TRUE
        solid FALSE
        coord DEF co Coordinate {
            point [
                3.2737 -4.4173 -0.0079, 3.3071 -4.4173 -0.0079, 3.2737 -4.811 -0.0079, 3.3071 -4.811 -0.0079, 3.2343 -4.4173 -0.0472, 3.2343 -4.811 -0.0472, 3.2343 -4.4173 -0.9646, 3.2343 -4.811 -0.9646, 3.2343 -4.5551 -1.1024, 3.2343 -4.6732 -1.1024, 3.2343 -4.7039 -1.0989, 3.2343 -4.4862 -1.0839, 3.2343 -4.4577 -1.062, 3.2343 -4.4358 -1.0335, 3.2343 -4.7974 -1.0244, 3.2343 -4.7809 -1.0505, 3.2343 -4.8076 -0.9952, 3.2343 -4.7591 -1.0723, 3.2343 -4.733 -1.0887, 3.2343 -4.5194 -1.0977, 3.2343 -4.422 -1.0002, -3.2736 -4.811 -0.0079, -3.3071 -4.811 -0.0079, -3.2736 -4.4173 -0.0079, -3.3071 -4.4173 -0.0079, -3.2342 -4.811 -0.0472, -3.2342 -4.4173 -0.0472, -3.2342 -4.811 -0.9646, -3.2342 -4.4173 -0.9646, -3.2342 -4.6732 -1.1024, -3.2342 -4.5551 -1.1024, -3.2342 -4.5244 -1.0989, -3.2342 -4.7421 -1.0839, -3.2342 -4.7707 -1.062, -3.2342 -4.7925 -1.0335, -3.2342 -4.431 -1.0244, -3.2342 -4.4474 -1.0505, -3.2342 -4.4208 -0.9952, -3.2342 -4.4692 -1.0723, -3.2342 -4.4953 -1.0887, -3.2342 -4.7089 -1.0977, -3.2342 -4.8063 -1.0002, -3.2634 -4.811 -0.0092, -3.2634 -4.4173 -0.0092, -3.2539 -4.811 -0.0131, -3.2539 -4.4173 -0.0131, -3.2458 -4.811 -0.0194, -3.2458 -4.4173 -0.0194, -3.2395 -4.811 -0.0276, -3.2395 -4.4173 -0.0276, -3.2356 -4.811 -0.0371, -3.2356 -4.4173 -0.0371, -3.3172 -4.811 -0.0065, -3.3172 -4.4173 -0.0065, -3.3267 -4.811 -0.0026, -3.3267 -4.4173 -0.0026, -3.3349 -4.811 0.0037, -3.3349 -4.4173 0.0037, -3.3412 -4.811 0.0118, -3.3412 -4.4173 0.0118, -3.3451 -4.811 0.0213, -3.3451 -4.4173 0.0213, -3.3464 -4.811 0.0315, -3.3464 -4.4173 0.0315, 3.2635 -4.4173 -0.0092, 3.2635 -4.811 -0.0092, 3.254 -4.4173 -0.0131, 3.254 -4.811 -0.0131, 3.2458 -4.4173 -0.0194, 3.2458 -4.811 -0.0194, 3.2396 -4.4173 -0.0276, 3.2396 -4.811 -0.0276, 3.2356 -4.4173 -0.0371, 3.2356 -4.811 -0.0371, 3.3173 -4.4173 -0.0065, 3.3173 -4.811 -0.0065, 3.3268 -4.4173 -0.0026, 3.3268 -4.811 -0.0026, 3.335 -4.4173 0.0037, 3.335 -4.811 0.0037, 3.3412 -4.4173 0.0118, 3.3412 -4.811 0.0118, 3.3451 -4.4173 0.0213, 3.3451 -4.811 0.0213, 3.3465 -4.4173 0.0315, 3.3465 -4.811 0.0315
            ]
        }
        coordIndex [
            0,1,2,-1,2,1,3,-1,4,5,6,-1,6,5,7,-1,8,6,9,-1,9,6,7,-1,9,7,10,-1,11,12,13,-1,14,15,16,-1,16,15,17,-1,16,17,7,-1,7,17,18,-1,7,18,10,-1,8,19,6,-1,6,19,11,-1,6,11,20,-1,20,11,13,-1,21,22,23,-1,23,22,24,-1,25,26,27,-1,27,26,28,-1,29,27,30,-1,30,27,28,-1,30,28,31,-1,32,33,34,-1,35,36,37,-1,37,36,38,-1,37,38,28,-1,28,38,39,-1,28,39,31,-1,29,40,27,-1,27,40,32,-1,27,32,41,-1,41,32,34,-1,21,23,42,-1,42,23,43,-1,42,43,44,-1,44,43,45,-1,44,45,46,-1,46,45,47,-1,46,47,48,-1,48,47,49,-1,48,49,50,-1,50,49,51,-1,50,51,25,-1,25,51,26,-1,24,22,52,-1,24,52,53,-1,53,52,54,-1,53,54,55,-1,55,54,56,-1,55,56,57,-1,57,56,58,-1,57,58,59,-1,59,58,60,-1,59,60,61,-1,61,60,62,-1,61,62,63,-1,0,2,64,-1,64,2,65,-1,64,65,66,-1,66,65,67,-1,66,67,68,-1,68,67,69,-1,68,69,70,-1,70,69,71,-1,70,71,72,-1,72,71,73,-1,72,73,4,-1,4,73,5,-1,3,1,74,-1,3,74,75,-1,75,74,76,-1,75,76,77,-1,77,76,78,-1,77,78,79,-1,79,78,80,-1,79,80,81,-1,81,80,82,-1,81,82,83,-1,83,82,84,-1,83,84,85,-1,
        ]
    }
}
Shape{
    appearance Appearance {
        material  Material 	{
            diffuseColor 0.0 0.0 0.0
            specularColor 0.0 0.0 0.0
            ambientIntensity 0.0
            transparency 0.0
            shininess 0.5
        }
    }
    geometry IndexedFaceSet {
        ccw TRUE
        solid FALSE
        coord DEF co Coordinate {
            point [
                3.3504 4.5572 0.4936, 3.3504 4.5572 0.4814, 3.3465 4.5572 0.4936, 3.3465 4.5572 0.4814, 3.3504 4.5147 0.4936, 3.3465 4.5147 0.4936, 3.3504 4.5147 0.5882, 3.3465 4.5147 0.5882, 3.3504 4.5009 0.5882, 3.3465 4.5009 0.5882, 3.3504 4.5009 0.4814, 3.3465 4.5009 0.4814, 3.3504 4.6295 0.4814, 3.3504 4.6119 0.4796, 3.3465 4.6295 0.4814, 3.3465 4.6119 0.4796, 3.3504 4.6415 0.4858, 3.3465 4.6369 0.4842, 3.3465 4.6415 0.4858, 3.3504 4.6415 0.499, 3.3465 4.6415 0.499, 3.3465 4.6369 0.497, 3.3504 4.6306 0.4942, 3.3465 4.6306 0.4942, 3.3465 4.6184 0.492, 3.3504 4.6184 0.492, 3.3465 4.6139 0.4919, 3.3504 4.6139 0.4919, 3.3465 4.604 0.493, 3.3504 4.604 0.493, 3.3465 4.5962 0.4958, 3.3504 4.5962 0.4958, 3.3465 4.5891 0.5006, 3.3504 4.5891 0.5006, 3.3465 4.5865 0.5031, 3.3504 4.5865 0.5031, 3.3465 4.5811 0.5108, 3.3504 4.5811 0.5108, 3.3465 4.5777 0.5195, 3.3504 4.5777 0.5195, 3.3465 4.576 0.5326, 3.3504 4.576 0.5326, 3.3465 4.576 0.5336, 3.3504 4.576 0.5336, 3.3465 4.5775 0.5469, 3.3504 4.5775 0.5469, 3.3465 4.5808 0.5564, 3.3504 4.5808 0.5564, 3.3465 4.5858 0.564, 3.3504 4.5858 0.564, 3.3465 4.5872 0.5657, 3.3504 4.5872 0.5657, 3.3465 4.5941 0.5714, 3.3504 4.5941 0.5714, 3.3465 4.6024 0.5754, 3.3504 4.6024 0.5754, 3.3465 4.6116 0.5773, 3.3504 4.6116 0.5773, 3.3465 4.6163 0.5775, 3.3504 4.6163 0.5775, 3.3465 4.6289 0.5761, 3.3465 4.6369 0.5731, 3.3504 4.6398 0.5721, 3.3504 4.6289 0.5761, 3.3465 4.6398 0.5721, 3.3465 4.6415 0.5712, 3.3504 4.6415 0.5712, 3.3504 4.6415 0.5856, 3.3465 4.6415 0.5856, 3.3465 4.6162 0.59, 3.3504 4.6162 0.59, 3.3504 4.6172 0.59, 3.3465 4.6369 0.587, 3.3504 4.631 0.5887, 3.3465 4.631 0.5887, 3.3465 4.6272 0.5891, 3.3465 4.6172 0.59, 3.3504 4.6019 0.5884, 3.3465 4.6081 0.5891, 3.3465 4.6019 0.5884, 3.3465 4.5906 0.5843, 3.3504 4.5906 0.5843, 3.3465 4.5801 0.5772, 3.3504 4.5801 0.5772, 3.3465 4.577 0.5742, 3.3504 4.577 0.5742, 3.3465 4.5696 0.5647, 3.3465 4.5663 0.5574, 3.3504 4.5644 0.5529, 3.3504 4.5696 0.5647, 3.3465 4.5644 0.5529, 3.3465 4.5618 0.5391, 3.3504 4.5618 0.5391, 3.3465 4.5616 0.5328, 3.3504 4.5616 0.5328, 3.3465 4.5633 0.5169, 3.3465 4.5663 0.5084, 3.3504 4.5674 0.5054, 3.3504 4.5633 0.5169, 3.3465 4.5674 0.5054, 3.3465 4.5735 0.4961, 3.3504 4.5735 0.4961, 3.3465 4.5753 0.4942, 3.3504 4.5753 0.4942, 3.3465 4.5833 0.4874, 3.3504 4.5833 0.4874, 3.3465 4.5933 0.4825, 3.3504 4.5933 0.4825, 3.3465 4.6048 0.48, 3.3504 4.6048 0.48, 3.3504 4.7203 0.4936, 3.3504 4.7203 0.4814, 3.3465 4.7203 0.4936, 3.3465 4.7203 0.4814, 3.3465 4.6766 0.4936, 3.3504 4.6766 0.4936, 3.3465 4.7055 0.4936, 3.3504 4.6766 0.5295, 3.3465 4.6766 0.5295, 3.3504 4.7148 0.5295, 3.3465 4.7055 0.5295, 3.3465 4.7148 0.5295, 3.3504 4.7148 0.5417, 3.3465 4.7148 0.5417, 3.3465 4.6766 0.5417, 3.3504 4.6766 0.5417, 3.3465 4.7055 0.5417, 3.3504 4.6766 0.5759, 3.3465 4.6766 0.5759, 3.3465 4.7179 0.5759, 3.3504 4.7179 0.5759, 3.3465 4.7055 0.5759, 3.3504 4.7179 0.5882, 3.3465 4.7179 0.5882, 3.3465 4.6629 0.5882, 3.3504 4.6629 0.5882, 3.3465 4.7055 0.5882, 3.3504 4.6629 0.4814, 3.3465 4.6629 0.4814, 3.3465 4.7055 0.4814, 3.3504 4.8126 0.5297, 3.3504 4.827 0.5286, 3.3504 4.8129 0.5358, 3.3504 4.8274 0.5361, 3.3504 4.8116 0.5478, 3.3504 4.8259 0.5497, 3.3504 4.8088 0.5559, 3.3504 4.8221 0.5601, 3.3504 4.8048 0.5621, 3.3504 4.8157 0.5696, 3.3504 4.8012 0.5658, 3.3504 4.8113 0.574, 3.3504 4.793 0.5712, 3.3504 4.8007 0.5813, 3.3504 4.7836 0.5745, 3.3504 4.7879 0.5862, 3.3504 4.7704 0.5759, 3.3504 4.7709 0.5882, 3.3504 4.7542 0.5759, 3.3504 4.7405 0.5882, 3.3504 4.7542 0.4936, 3.3504 4.7405 0.4814, 3.3504 4.7697 0.4936, 3.3504 4.7698 0.4814, 3.3504 4.7831 0.495, 3.3504 4.7864 0.4832, 3.3504 4.7923 0.4982, 3.3504 4.7989 0.4877, 3.3504 4.7994 0.5028, 3.3504 4.8094 0.4947, 3.3504 4.8015 0.5047, 3.3504 4.8113 0.4964, 3.3504 4.807 0.5117, 3.3504 4.8188 0.5052, 3.3504 4.8106 0.5198, 3.3504 4.8242 0.5162, 3.3465 4.7698 0.4814, 3.3465 4.7405 0.4814, 3.3465 4.7864 0.4832, 3.3465 4.7989 0.4877, 3.3465 4.8094 0.4947, 3.3465 4.8113 0.4964, 3.3465 4.8188 0.5052, 3.3465 4.8242 0.5162, 3.3465 4.827 0.5286, 3.3465 4.8274 0.5361, 3.3465 4.8259 0.5497, 3.3465 4.8221 0.5601, 3.3465 4.8157 0.5696, 3.3465 4.8113 0.574, 3.3465 4.8007 0.5813, 3.3465 4.7879 0.5862, 3.3465 4.7709 0.5882, 3.3465 4.7405 0.5882, 3.3465 4.7704 0.5759, 3.3465 4.7542 0.5759, 3.3465 4.7542 0.4936, 3.3465 4.7697 0.4936, 3.3465 4.8015 0.5047, 3.3465 4.7994 0.5028, 3.3465 4.7923 0.4982, 3.3465 4.7831 0.495, 3.3465 4.8129 0.5358, 3.3465 4.8126 0.5297, 3.3465 4.8106 0.5198, 3.3465 4.807 0.5117, 3.3465 4.8012 0.5658, 3.3465 4.8048 0.5621, 3.3465 4.8088 0.5559, 3.3465 4.8116 0.5478, 3.3465 4.7836 0.5745, 3.3465 4.793 0.5712
            ]
        }
        coordIndex [
            0,1,2,-1,2,1,3,-1,4,0,5,-1,5,0,2,-1,6,4,7,-1,7,4,5,-1,8,6,9,-1,9,6,7,-1,10,8,11,-1,11,8,9,-1,1,10,3,-1,3,10,11,-1,6,8,4,-1,4,8,10,-1,4,10,0,-1,0,10,1,-1,12,13,14,-1,14,13,15,-1,12,14,16,-1,16,14,17,-1,16,17,18,-1,19,16,20,-1,20,16,18,-1,19,20,21,-1,19,21,22,-1,21,23,22,-1,22,23,24,-1,22,24,25,-1,25,24,26,-1,25,26,27,-1,27,26,28,-1,27,28,29,-1,29,28,30,-1,29,30,31,-1,31,30,32,-1,31,32,33,-1,33,32,34,-1,33,34,35,-1,35,34,36,-1,35,36,37,-1,37,36,38,-1,37,38,39,-1,39,38,40,-1,39,40,41,-1,41,40,42,-1,41,42,43,-1,43,42,44,-1,43,44,45,-1,45,44,46,-1,45,46,47,-1,47,46,48,-1,47,48,49,-1,49,48,50,-1,49,50,51,-1,51,50,52,-1,51,52,53,-1,53,52,54,-1,53,54,55,-1,55,54,56,-1,55,56,57,-1,57,56,58,-1,57,58,59,-1,59,58,60,-1,61,62,60,-1,60,62,63,-1,60,63,59,-1,61,64,62,-1,62,64,65,-1,62,65,66,-1,67,66,68,-1,68,66,65,-1,69,70,71,-1,67,68,72,-1,67,72,73,-1,72,74,73,-1,73,74,75,-1,73,75,71,-1,71,75,76,-1,71,76,69,-1,70,69,77,-1,77,69,78,-1,78,79,77,-1,77,79,80,-1,77,80,81,-1,81,80,82,-1,81,82,83,-1,83,82,84,-1,83,84,85,-1,85,84,86,-1,87,88,86,-1,86,88,89,-1,86,89,85,-1,87,90,88,-1,88,90,91,-1,88,91,92,-1,92,91,93,-1,92,93,94,-1,94,93,95,-1,96,97,95,-1,95,97,98,-1,95,98,94,-1,96,99,97,-1,97,99,100,-1,97,100,101,-1,101,100,102,-1,101,102,103,-1,103,102,104,-1,103,104,105,-1,105,104,106,-1,105,106,107,-1,107,106,108,-1,107,108,109,-1,109,108,15,-1,109,15,13,-1,62,66,67,-1,37,39,98,-1,45,47,89,-1,98,39,94,-1,89,47,85,-1,62,67,63,-1,63,67,73,-1,63,73,59,-1,59,73,71,-1,59,71,57,-1,57,71,70,-1,57,70,55,-1,55,70,77,-1,55,77,53,-1,16,19,12,-1,12,19,22,-1,12,22,13,-1,77,81,53,-1,53,81,83,-1,53,83,51,-1,51,83,85,-1,51,85,49,-1,49,85,47,-1,98,97,37,-1,37,97,101,-1,37,101,35,-1,35,101,103,-1,35,103,33,-1,33,103,105,-1,33,105,31,-1,31,105,107,-1,31,107,29,-1,29,107,109,-1,29,109,27,-1,27,109,13,-1,27,13,25,-1,25,13,22,-1,39,41,94,-1,94,41,43,-1,94,43,92,-1,92,43,45,-1,92,45,88,-1,88,45,89,-1,110,111,112,-1,112,111,113,-1,114,115,116,-1,116,115,110,-1,116,110,112,-1,117,115,118,-1,118,115,114,-1,117,118,119,-1,119,118,120,-1,119,120,121,-1,122,119,123,-1,123,119,121,-1,124,125,126,-1,126,125,122,-1,126,122,123,-1,127,125,128,-1,128,125,124,-1,129,130,131,-1,131,130,127,-1,131,127,128,-1,132,130,133,-1,133,130,129,-1,134,135,136,-1,136,135,132,-1,136,132,133,-1,137,135,138,-1,138,135,134,-1,113,111,139,-1,139,111,137,-1,139,137,138,-1,137,111,110,-1,110,115,137,-1,137,115,117,-1,137,117,135,-1,130,132,127,-1,127,132,135,-1,127,135,125,-1,125,135,117,-1,125,117,122,-1,122,117,119,-1,140,141,142,-1,142,141,143,-1,142,143,144,-1,144,143,145,-1,144,145,146,-1,146,145,147,-1,146,147,148,-1,148,147,149,-1,148,149,150,-1,150,149,151,-1,150,151,152,-1,152,151,153,-1,152,153,154,-1,154,153,155,-1,154,155,156,-1,156,155,157,-1,156,157,158,-1,158,157,159,-1,158,159,160,-1,160,159,161,-1,160,161,162,-1,162,161,163,-1,162,163,164,-1,164,163,165,-1,164,165,166,-1,166,165,167,-1,166,167,168,-1,168,167,169,-1,168,169,170,-1,170,169,171,-1,170,171,172,-1,172,171,173,-1,172,173,174,-1,174,173,175,-1,174,175,140,-1,140,175,141,-1,163,161,176,-1,176,161,177,-1,163,176,178,-1,163,178,165,-1,165,178,179,-1,165,179,167,-1,167,179,180,-1,167,180,169,-1,169,180,181,-1,169,181,171,-1,171,181,182,-1,171,182,173,-1,173,182,183,-1,173,183,175,-1,175,183,184,-1,175,184,141,-1,141,184,185,-1,141,185,143,-1,143,185,186,-1,143,186,145,-1,145,186,187,-1,145,187,147,-1,147,187,188,-1,147,188,149,-1,149,188,189,-1,149,189,151,-1,151,189,190,-1,151,190,153,-1,153,190,191,-1,153,191,155,-1,155,191,192,-1,155,192,157,-1,159,157,193,-1,193,157,192,-1,161,159,177,-1,177,159,193,-1,156,158,194,-1,194,158,195,-1,158,160,195,-1,195,160,196,-1,160,162,196,-1,196,162,197,-1,170,198,199,-1,170,199,168,-1,168,199,200,-1,168,200,166,-1,166,200,201,-1,166,201,164,-1,164,201,197,-1,164,197,162,-1,142,202,203,-1,142,203,140,-1,140,203,204,-1,140,204,174,-1,174,204,205,-1,174,205,172,-1,172,205,198,-1,172,198,170,-1,150,206,207,-1,150,207,148,-1,148,207,208,-1,148,208,146,-1,146,208,209,-1,146,209,144,-1,144,209,202,-1,144,202,142,-1,156,194,210,-1,156,210,154,-1,154,210,211,-1,154,211,152,-1,152,211,206,-1,152,206,150,-1,
        ]
    }
}
Shape{
    appearance Appearance {
        material  Material 	{
            diffuseColor 0.7529411764705882 0.7529411764705882 0.7529411764705882
            specularColor 0.3764705882352941 0.3764705882352941 0.3764705882352941
            ambientIntensity 0.7529
            transparency 0.0
            shininess 0.5
        }
    }
    geometry IndexedFaceSet {
        ccw TRUE
        solid FALSE
        coord DEF co Coordinate {
            point [
                3.3465 4.7542 0.5759, 3.3465 4.7542 0.4936, 3.3465 4.7704 0.5759, 3.3465 4.7697 0.4936, 3.3465 4.7831 0.495, 3.3465 4.7923 0.4982, 3.3465 4.7994 0.5028, 3.3465 4.8015 0.5047, 3.3465 4.807 0.5117, 3.3465 4.8106 0.5198, 3.3465 4.8126 0.5297, 3.3465 4.8129 0.5358, 3.3465 4.8116 0.5478, 3.3465 4.8088 0.5559, 3.3465 4.8048 0.5621, 3.3465 4.8012 0.5658, 3.3465 4.7836 0.5745, 3.3465 4.793 0.5712
            ]
        }
        coordIndex [
            0,1,2,-1,2,1,3,-1,2,3,4,-1,4,5,2,-1,2,5,6,-1,2,6,7,-1,7,8,2,-1,2,8,9,-1,2,9,10,-1,10,11,2,-1,2,11,12,-1,2,12,13,-1,13,14,2,-1,2,14,15,-1,2,15,16,-1,16,15,17,-1,
        ]
    }
}
Shape{
    appearance Appearance {
        material  Material 	{
            diffuseColor 0.0 0.0 0.0
            specularColor 0.0 0.0 0.0
            ambientIntensity 0.0
            transparency 0.0
            shininess 0.5
        }
    }
    geometry IndexedFaceSet {
        ccw TRUE
        solid FALSE
        coord DEF co Coordinate {
            point [
                3.3504 4.8631 0.5227, 3.3504 4.8588 0.5106, 3.3504 4.899 0.5227, 3.3504 4.9032 0.5106, 3.3504 4.8791 0.567, 3.3504 4.874 0.5882, 3.3504 4.8333 0.4814, 3.3504 4.8485 0.4814, 3.3504 4.88 0.5702, 3.3504 4.8809 0.5745, 3.3504 4.8887 0.5882, 3.3504 4.8812 0.5745, 3.3504 4.8821 0.57, 3.3504 4.8829 0.567, 3.3504 4.9294 0.4814, 3.3504 4.9141 0.4814, 3.3465 4.8887 0.5882, 3.3465 4.9294 0.4814, 3.3465 4.874 0.5882, 3.3465 4.8333 0.4814, 3.3465 4.8641 0.5622, 3.3465 4.8485 0.4814, 3.3465 4.8588 0.5106, 3.3465 4.9032 0.5106, 3.3465 4.8641 0.5106, 3.3465 4.9141 0.4814, 3.3465 4.8631 0.5227, 3.3465 4.899 0.5227, 3.3465 4.8829 0.567, 3.3465 4.8812 0.5745, 3.3465 4.8821 0.57, 3.3465 4.8809 0.5745, 3.3465 4.8791 0.567, 3.3465 4.88 0.5702
            ]
        }
        coordIndex [
            0,1,2,-1,2,1,3,-1,4,5,0,-1,0,5,6,-1,0,6,1,-1,1,6,7,-1,4,8,5,-1,5,8,9,-1,5,9,10,-1,10,9,11,-1,10,11,12,-1,12,13,10,-1,10,13,2,-1,10,2,14,-1,14,2,3,-1,14,3,15,-1,10,14,16,-1,16,14,17,-1,5,10,18,-1,18,10,16,-1,19,6,20,-1,20,6,5,-1,20,5,18,-1,7,6,21,-1,21,6,19,-1,1,7,22,-1,22,7,21,-1,23,3,24,-1,24,3,1,-1,24,1,22,-1,15,3,25,-1,25,3,23,-1,14,15,17,-1,17,15,25,-1,0,2,26,-1,26,2,27,-1,2,13,27,-1,27,13,28,-1,11,29,30,-1,11,30,12,-1,12,30,28,-1,12,28,13,-1,11,9,29,-1,29,9,31,-1,4,32,33,-1,4,33,8,-1,8,33,31,-1,8,31,9,-1,4,0,32,-1,32,0,26,-1,
        ]
    }
}
Shape{
    appearance Appearance {
        material  Material 	{
            diffuseColor 0.7529411764705882 0.7529411764705882 0.7529411764705882
            specularColor 0.3764705882352941 0.3764705882352941 0.3764705882352941
            ambientIntensity 0.7529
            transparency 0.0
            shininess 0.5
        }
    }
    geometry IndexedFaceSet {
        ccw TRUE
        solid FALSE
        coord DEF co Coordinate {
            point [
                3.3465 4.8812 0.5745, 3.3465 4.8809 0.5745, 3.3465 4.8821 0.57, 3.3465 4.88 0.5702, 3.3465 4.8829 0.567, 3.3465 4.8791 0.567, 3.3465 4.899 0.5227, 3.3465 4.8631 0.5227
            ]
        }
        coordIndex [
            0,1,2,-1,2,1,3,-1,2,3,4,-1,4,3,5,-1,4,5,6,-1,6,5,7,-1,
        ]
    }
}
Shape{
    appearance Appearance {
        material  Material 	{
            diffuseColor 0.0 0.0 0.0
            specularColor 0.0 0.0 0.0
            ambientIntensity 0.0
            transparency 0.0
            shininess 0.5
        }
    }
    geometry IndexedFaceSet {
        ccw TRUE
        solid FALSE
        coord DEF co Coordinate {
            point [
                3.3504 4.5583 0.3242, 3.3504 4.5583 0.312, 3.3465 4.5583 0.3242, 3.3465 4.5583 0.312, 3.3504 4.5147 0.3242, 3.3465 4.5147 0.3242, 3.3504 4.5147 0.3601, 3.3465 4.5147 0.3601, 3.3504 4.5529 0.3601, 3.3465 4.5529 0.3601, 3.3504 4.5529 0.3724, 3.3465 4.5529 0.3724, 3.3504 4.5147 0.3724, 3.3465 4.5147 0.3724, 3.3504 4.5147 0.4065, 3.3465 4.5147 0.4065, 3.3504 4.5559 0.4065, 3.3465 4.5559 0.4065, 3.3504 4.5559 0.4188, 3.3465 4.5559 0.4188, 3.3504 4.5009 0.4188, 3.3465 4.5009 0.4188, 3.3504 4.5009 0.312, 3.3465 4.5009 0.312, 3.3504 4.6187 0.3238, 3.3504 4.619 0.3238, 3.3504 4.6181 0.3361, 3.3504 4.5867 0.355, 3.3504 4.5808 0.3521, 3.3504 4.5882 0.3432, 3.3504 4.619 0.3421, 3.3504 4.6324 0.3611, 3.3504 4.619 0.343, 3.3504 4.619 0.3503, 3.3504 4.619 0.312, 3.3504 4.6324 0.312, 3.3504 4.6162 0.3314, 3.3504 4.6133 0.3274, 3.3504 4.6166 0.3207, 3.3504 4.6116 0.3258, 3.3504 4.6123 0.3161, 3.3504 4.6078 0.3232, 3.3504 4.6076 0.313, 3.3504 4.6038 0.3218, 3.3504 4.6022 0.311, 3.3504 4.5988 0.3212, 3.3504 4.5953 0.3102, 3.3504 4.5942 0.3217, 3.3504 4.5873 0.3112, 3.3504 4.5912 0.3228, 3.3504 4.5822 0.3131, 3.3504 4.5886 0.3246, 3.3504 4.5777 0.3162, 3.3504 4.5874 0.3258, 3.3504 4.5866 0.3412, 3.3504 4.5767 0.3486, 3.3504 4.5855 0.3387, 3.3504 4.574 0.3448, 3.3504 4.5848 0.3357, 3.3504 4.59 0.3446, 3.3504 4.5932 0.3461, 3.3504 4.5964 0.3573, 3.3504 4.6012 0.3479, 3.3504 4.619 0.3605, 3.3504 4.5786 0.3829, 3.3504 4.5786 0.3699, 3.3504 4.5822 0.385, 3.3504 4.5871 0.3754, 3.3504 4.5923 0.3886, 3.3504 4.5955 0.3783, 3.3504 4.6048 0.39, 3.3504 4.6036 0.3792, 3.3504 4.613 0.3893, 3.3504 4.6081 0.3787, 3.3504 4.6186 0.3875, 3.3504 4.6112 0.3776, 3.3504 4.6231 0.385, 3.3504 4.6136 0.3761, 3.3504 4.6266 0.3815, 3.3504 4.6156 0.3739, 3.3504 4.6293 0.3772, 3.3504 4.6172 0.3712, 3.3504 4.6314 0.371, 3.3504 4.6185 0.3664, 3.3504 4.5721 0.3401, 3.3504 4.5712 0.3344, 3.3504 4.5847 0.3335, 3.3504 4.5711 0.3325, 3.3504 4.585 0.3305, 3.3504 4.5718 0.3264, 3.3504 4.5859 0.328, 3.3504 4.5734 0.3219, 3.3504 4.5762 0.3178, 3.3465 4.6048 0.39, 3.3465 4.5923 0.3886, 3.3465 4.5822 0.385, 3.3465 4.5786 0.3829, 3.3465 4.5786 0.3699, 3.3465 4.5871 0.3754, 3.3465 4.5955 0.3783, 3.3465 4.6036 0.3792, 3.3465 4.6081 0.3787, 3.3465 4.6112 0.3776, 3.3465 4.6136 0.3761, 3.3465 4.6156 0.3739, 3.3465 4.6172 0.3712, 3.3465 4.6185 0.3664, 3.3465 4.619 0.3605, 3.3465 4.5964 0.3573, 3.3465 4.5867 0.355, 3.3465 4.5808 0.3521, 3.3465 4.5767 0.3486, 3.3465 4.574 0.3448, 3.3465 4.5721 0.3401, 3.3465 4.5712 0.3344, 3.3465 4.5711 0.3325, 3.3465 4.5718 0.3264, 3.3465 4.5734 0.3219, 3.3465 4.5762 0.3178, 3.3465 4.5777 0.3162, 3.3465 4.5953 0.3102, 3.3465 4.5875 0.3111, 3.3465 4.5873 0.3112, 3.3465 4.5822 0.3131, 3.3465 4.6022 0.311, 3.3465 4.6026 0.3111, 3.3465 4.6076 0.313, 3.3465 4.6123 0.3161, 3.3465 4.6166 0.3207, 3.3465 4.6187 0.3238, 3.3465 4.619 0.3238, 3.3465 4.619 0.312, 3.3465 4.6324 0.312, 3.3465 4.6324 0.3611, 3.3465 4.6314 0.371, 3.3465 4.6293 0.3772, 3.3465 4.6266 0.3815, 3.3465 4.6231 0.385, 3.3465 4.6186 0.3875, 3.3465 4.613 0.3893, 3.3465 4.5882 0.3432, 3.3465 4.59 0.3446, 3.3465 4.5932 0.3461, 3.3465 4.6012 0.3479, 3.3465 4.5847 0.3335, 3.3465 4.5848 0.3357, 3.3465 4.5855 0.3387, 3.3465 4.5866 0.3412, 3.3465 4.5886 0.3246, 3.3465 4.5874 0.3258, 3.3465 4.5859 0.328, 3.3465 4.585 0.3305, 3.3465 4.5988 0.3212, 3.3465 4.5942 0.3217, 3.3465 4.5912 0.3228, 3.3465 4.6133 0.3274, 3.3465 4.6116 0.3258, 3.3465 4.6078 0.3232, 3.3465 4.6038 0.3218, 3.3465 4.619 0.343, 3.3465 4.619 0.3421, 3.3465 4.6181 0.3361, 3.3465 4.6162 0.3314, 3.3465 4.619 0.3503
            ]
        }
        coordIndex [
            0,1,2,-1,2,1,3,-1,4,0,5,-1,5,0,2,-1,6,4,7,-1,7,4,5,-1,8,6,9,-1,9,6,7,-1,10,8,11,-1,11,8,9,-1,12,10,13,-1,13,10,11,-1,14,12,15,-1,15,12,13,-1,16,14,17,-1,17,14,15,-1,18,16,19,-1,19,16,17,-1,20,18,21,-1,21,18,19,-1,22,20,23,-1,23,20,21,-1,1,22,3,-1,3,22,23,-1,22,1,0,-1,0,4,22,-1,22,4,6,-1,22,6,20,-1,16,18,14,-1,14,18,20,-1,14,20,12,-1,12,20,6,-1,12,6,10,-1,10,6,8,-1,24,25,26,-1,27,28,29,-1,30,31,32,-1,32,31,33,-1,34,35,25,-1,25,35,31,-1,25,31,26,-1,26,31,30,-1,26,36,24,-1,24,36,37,-1,24,37,38,-1,38,37,39,-1,38,39,40,-1,40,39,41,-1,40,41,42,-1,42,41,43,-1,42,43,44,-1,44,43,45,-1,44,45,46,-1,46,45,47,-1,46,47,48,-1,48,47,49,-1,48,49,50,-1,50,49,51,-1,50,51,52,-1,52,51,53,-1,29,28,54,-1,54,28,55,-1,54,55,56,-1,56,55,57,-1,56,57,58,-1,29,59,27,-1,27,59,60,-1,27,60,61,-1,61,60,62,-1,61,62,63,-1,64,65,66,-1,66,65,67,-1,66,67,68,-1,68,67,69,-1,68,69,70,-1,70,69,71,-1,70,71,72,-1,72,71,73,-1,72,73,74,-1,74,73,75,-1,74,75,76,-1,76,75,77,-1,76,77,78,-1,78,77,79,-1,78,79,80,-1,80,79,81,-1,80,81,82,-1,82,81,83,-1,82,83,31,-1,31,83,63,-1,31,63,33,-1,33,63,62,-1,57,84,58,-1,58,84,85,-1,58,85,86,-1,86,85,87,-1,86,87,88,-1,88,87,89,-1,88,89,90,-1,90,89,91,-1,90,91,53,-1,53,91,92,-1,53,92,52,-1,70,93,94,-1,70,94,68,-1,68,94,95,-1,68,95,66,-1,66,95,96,-1,66,96,64,-1,65,64,97,-1,97,64,96,-1,65,97,98,-1,65,98,67,-1,67,98,99,-1,67,99,69,-1,69,99,100,-1,69,100,71,-1,71,100,101,-1,71,101,73,-1,73,101,102,-1,73,102,75,-1,75,102,103,-1,75,103,77,-1,77,103,104,-1,77,104,79,-1,79,104,105,-1,79,105,81,-1,81,105,106,-1,81,106,83,-1,83,106,107,-1,83,107,63,-1,61,63,108,-1,108,63,107,-1,61,108,109,-1,61,109,27,-1,27,109,110,-1,27,110,28,-1,28,110,111,-1,28,111,55,-1,55,111,112,-1,55,112,57,-1,57,112,113,-1,57,113,84,-1,84,113,114,-1,84,114,85,-1,85,114,115,-1,85,115,87,-1,87,115,116,-1,87,116,89,-1,89,116,117,-1,89,117,91,-1,91,117,118,-1,91,118,92,-1,92,118,119,-1,92,119,52,-1,120,46,121,-1,121,46,48,-1,121,48,122,-1,122,48,50,-1,122,50,123,-1,123,50,52,-1,123,52,119,-1,46,120,124,-1,46,124,44,-1,44,124,125,-1,44,125,42,-1,125,126,42,-1,42,126,127,-1,42,127,40,-1,40,127,128,-1,40,128,38,-1,38,128,129,-1,38,129,24,-1,25,24,130,-1,130,24,129,-1,34,25,131,-1,131,25,130,-1,35,34,132,-1,132,34,131,-1,31,35,133,-1,133,35,132,-1,31,133,134,-1,31,134,82,-1,82,134,135,-1,82,135,80,-1,80,135,136,-1,80,136,78,-1,78,136,137,-1,78,137,76,-1,76,137,138,-1,76,138,74,-1,74,138,139,-1,74,139,72,-1,72,139,93,-1,72,93,70,-1,29,140,141,-1,29,141,59,-1,59,141,142,-1,59,142,60,-1,60,142,143,-1,60,143,62,-1,86,144,145,-1,86,145,58,-1,58,145,146,-1,58,146,56,-1,56,146,147,-1,56,147,54,-1,54,147,140,-1,54,140,29,-1,51,148,149,-1,51,149,53,-1,53,149,150,-1,53,150,90,-1,90,150,151,-1,90,151,88,-1,88,151,144,-1,88,144,86,-1,45,152,153,-1,45,153,47,-1,47,153,154,-1,47,154,49,-1,49,154,148,-1,49,148,51,-1,37,155,156,-1,37,156,39,-1,39,156,157,-1,39,157,41,-1,41,157,158,-1,41,158,43,-1,43,158,152,-1,43,152,45,-1,32,159,160,-1,32,160,30,-1,30,160,161,-1,30,161,26,-1,26,161,162,-1,26,162,36,-1,36,162,155,-1,36,155,37,-1,32,33,159,-1,159,33,163,-1,33,62,163,-1,163,62,143,-1,
        ]
    }
}
Shape{
    appearance Appearance {
        material  Material 	{
            diffuseColor 0.7529411764705882 0.7529411764705882 0.7529411764705882
            specularColor 0.3764705882352941 0.3764705882352941 0.3764705882352941
            ambientIntensity 0.7529
            transparency 0.0
            shininess 0.5
        }
    }
    geometry IndexedFaceSet {
        ccw TRUE
        solid FALSE
        coord DEF co Coordinate {
            point [
                3.3465 4.619 0.3503, 3.3465 4.6012 0.3479, 3.3465 4.619 0.343, 3.3465 4.5932 0.3461, 3.3465 4.59 0.3446, 3.3465 4.5882 0.3432, 3.3465 4.619 0.3421, 3.3465 4.6181 0.3361, 3.3465 4.5866 0.3412, 3.3465 4.6162 0.3314, 3.3465 4.5874 0.3258, 3.3465 4.5886 0.3246, 3.3465 4.6116 0.3258, 3.3465 4.5859 0.328, 3.3465 4.6078 0.3232, 3.3465 4.6038 0.3218, 3.3465 4.5988 0.3212, 3.3465 4.5855 0.3387, 3.3465 4.5848 0.3357, 3.3465 4.6133 0.3274, 3.3465 4.5847 0.3335, 3.3465 4.585 0.3305, 3.3465 4.5912 0.3228, 3.3465 4.5942 0.3217
            ]
        }
        coordIndex [
            0,1,2,-1,2,1,3,-1,3,4,2,-1,2,4,5,-1,2,5,6,-1,6,5,7,-1,7,5,8,-1,7,8,9,-1,10,11,12,-1,10,12,13,-1,14,12,15,-1,15,12,16,-1,8,17,9,-1,9,17,18,-1,9,18,19,-1,19,18,20,-1,19,20,12,-1,12,20,21,-1,12,21,13,-1,11,22,12,-1,12,22,23,-1,12,23,16,-1,
        ]
    }
}
Shape{
    appearance Appearance {
        material  Material 	{
            diffuseColor 0.0 0.0 0.0
            specularColor 0.0 0.0 0.0
            ambientIntensity 0.0
            transparency 0.0
            shininess 0.5
        }
    }
    geometry IndexedFaceSet {
        ccw TRUE
        solid FALSE
        coord DEF co Coordinate {
            point [
                3.3465 4.6505 0.3285, 3.3504 4.6505 0.3285, 3.3504 4.6557 0.3253, 3.3504 4.6725 0.3212, 3.3465 4.6725 0.3212, 3.3465 4.6641 0.3221, 3.3504 4.6641 0.3221, 3.3465 4.6567 0.3249, 3.3465 4.6557 0.3253, 3.3504 4.6505 0.3147, 3.3465 4.6505 0.3147, 3.3504 4.6601 0.3114, 3.3465 4.6567 0.3126, 3.3465 4.6712 0.3102, 3.3504 4.6712 0.3102, 3.3465 4.6624 0.3111, 3.3465 4.6601 0.3114, 3.3465 4.6798 0.3111, 3.3504 4.6821 0.3114, 3.3465 4.6821 0.3114, 3.3465 4.6894 0.3139, 3.3504 4.6894 0.3139, 3.3465 4.6934 0.3163, 3.3504 4.6934 0.3163, 3.3465 4.6972 0.3196, 3.3504 4.6972 0.3196, 3.3465 4.6997 0.3232, 3.3504 4.6997 0.3232, 3.3465 4.7014 0.3274, 3.3504 4.7014 0.3274, 3.3465 4.702 0.3328, 3.3504 4.702 0.3328, 3.3465 4.7014 0.3378, 3.3504 4.7014 0.3378, 3.3465 4.7 0.3417, 3.3504 4.7 0.3417, 3.3465 4.6975 0.3454, 3.3504 4.6975 0.3454, 3.3465 4.6943 0.3482, 3.3504 4.6943 0.3482, 3.3465 4.6855 0.3532, 3.3504 4.6855 0.3532, 3.3465 4.6803 0.3553, 3.3504 4.6803 0.3553, 3.3465 4.672 0.3589, 3.3504 4.672 0.3589, 3.3465 4.6673 0.3618, 3.3504 4.6673 0.3618, 3.3465 4.666 0.3633, 3.3504 4.666 0.3633, 3.3465 4.665 0.3651, 3.3504 4.665 0.3651, 3.3465 4.6645 0.3671, 3.3504 4.6645 0.3671, 3.3465 4.6644 0.3689, 3.3504 4.6644 0.3689, 3.3465 4.6646 0.371, 3.3504 4.6646 0.371, 3.3465 4.6653 0.3729, 3.3504 4.6653 0.3729, 3.3465 4.6664 0.3746, 3.3504 4.6664 0.3746, 3.3465 4.6684 0.3763, 3.3504 4.6684 0.3763, 3.3465 4.6714 0.3779, 3.3504 4.6714 0.3779, 3.3465 4.675 0.3789, 3.3504 4.675 0.3789, 3.3465 4.679 0.3792, 3.3504 4.679 0.3792, 3.3465 4.6877 0.3782, 3.3504 4.6877 0.3782, 3.3465 4.6953 0.3754, 3.3504 4.6953 0.3754, 3.3465 4.6983 0.3737, 3.3504 4.6983 0.3737, 3.3504 4.6983 0.3867, 3.3465 4.6983 0.3867, 3.3465 4.6876 0.3895, 3.3504 4.6876 0.3895, 3.3465 4.6803 0.39, 3.3504 4.6803 0.39, 3.3465 4.6705 0.389, 3.3504 4.6705 0.389, 3.3465 4.6631 0.3863, 3.3504 4.6631 0.3863, 3.3465 4.6592 0.384, 3.3504 4.6592 0.384, 3.3465 4.6567 0.3818, 3.3504 4.6552 0.3804, 3.3465 4.6552 0.3804, 3.3465 4.6527 0.3768, 3.3504 4.6527 0.3768, 3.3465 4.6511 0.3725, 3.3504 4.6511 0.3725, 3.3465 4.6506 0.3677, 3.3504 4.6506 0.3677, 3.3465 4.6512 0.3625, 3.3504 4.6512 0.3625, 3.3465 4.6526 0.3584, 3.3504 4.6526 0.3584, 3.3465 4.6544 0.3556, 3.3504 4.6544 0.3556, 3.3465 4.6708 0.3456, 3.3504 4.6708 0.3456, 3.3504 4.6629 0.3492, 3.3465 4.6566 0.3534, 3.3504 4.6566 0.3534, 3.3465 4.6567 0.3533, 3.3465 4.6629 0.3492, 3.3465 4.6796 0.3419, 3.3504 4.6796 0.3419, 3.3465 4.6848 0.3387, 3.3504 4.6848 0.3387, 3.3465 4.6865 0.337, 3.3504 4.6865 0.337, 3.3465 4.6875 0.3352, 3.3504 4.6875 0.3352, 3.3465 4.6881 0.3331, 3.3504 4.6881 0.3331, 3.3465 4.6883 0.3315, 3.3504 4.6883 0.3315, 3.3465 4.688 0.3289, 3.3504 4.688 0.3289, 3.3465 4.6873 0.327, 3.3504 4.6873 0.327, 3.3465 4.6861 0.3253, 3.3504 4.6861 0.3253, 3.3465 4.6846 0.3239, 3.3504 4.6846 0.3239, 3.3465 4.6834 0.3232, 3.3504 4.6834 0.3232, 3.3465 4.6799 0.3219, 3.3504 4.6799 0.3219, 3.3465 4.6731 0.3212, 3.3504 4.6731 0.3212, 3.3504 4.7683 0.3883, 3.3504 4.7822 0.3883, 3.3465 4.7683 0.3883, 3.3465 4.7822 0.3883, 3.3504 4.7475 0.3309, 3.3465 4.7475 0.3309, 3.3465 4.7464 0.3273, 3.3504 4.7464 0.3273, 3.3465 4.7458 0.3247, 3.3504 4.7458 0.3247, 3.3504 4.7455 0.3247, 3.3465 4.7455 0.3247, 3.3504 4.7438 0.331, 3.3465 4.7438 0.331, 3.3465 4.7239 0.3883, 3.3504 4.7239 0.3883, 3.3465 4.7304 0.3697, 3.3504 4.709 0.3883, 3.3465 4.709 0.3883, 3.3465 4.7389 0.3122, 3.3504 4.7389 0.3122, 3.3465 4.7304 0.3338, 3.3465 4.733 0.2983, 3.3504 4.733 0.2983, 3.3465 4.7384 0.3111, 3.3465 4.7304 0.2935, 3.3504 4.7304 0.2935, 3.3465 4.7304 0.2935, 3.3504 4.7279 0.2907, 3.3465 4.7279 0.2907, 3.3465 4.7254 0.289, 3.3504 4.7254 0.289, 3.3465 4.7225 0.2879, 3.3504 4.7225 0.2879, 3.3465 4.7193 0.2876, 3.3504 4.7193 0.2876, 3.3465 4.7145 0.2882, 3.3504 4.7145 0.2882, 3.3465 4.7117 0.2891, 3.3504 4.7117 0.2891, 3.3504 4.7117 0.2772, 3.3465 4.7117 0.2772, 3.3465 4.7174 0.2762, 3.3504 4.7174 0.2762, 3.3465 4.7203 0.2761, 3.3504 4.7203 0.2761, 3.3465 4.7257 0.2767, 3.3504 4.7257 0.2767, 3.3465 4.7304 0.2785, 3.3504 4.731 0.2788, 3.3465 4.731 0.2788, 3.3465 4.7357 0.282, 3.3504 4.7357 0.282, 3.3465 4.7366 0.2829, 3.3504 4.7366 0.2829, 3.3465 4.7415 0.2887, 3.3504 4.7415 0.2887, 3.3465 4.7475 0.3005, 3.3504 4.7475 0.3005, 3.3465 4.7517 0.3111, 3.3504 4.854 0.3242, 3.3504 4.854 0.312, 3.3465 4.854 0.3242, 3.3465 4.854 0.312, 3.3465 4.8103 0.3242, 3.3504 4.8103 0.3242, 3.3465 4.8303 0.3242, 3.3504 4.8103 0.3601, 3.3465 4.8103 0.3601, 3.3465 4.8485 0.3601, 3.3504 4.8485 0.3601, 3.3465 4.8303 0.3601, 3.3504 4.8485 0.3724, 3.3465 4.8485 0.3724, 3.3465 4.8103 0.3724, 3.3504 4.8103 0.3724, 3.3465 4.8303 0.3724, 3.3504 4.8103 0.4065, 3.3465 4.8103 0.4065, 3.3465 4.8516 0.4065, 3.3504 4.8516 0.4065, 3.3465 4.8303 0.4065, 3.3504 4.8516 0.4188, 3.3465 4.8516 0.4188, 3.3465 4.7966 0.4188, 3.3504 4.7966 0.4188, 3.3465 4.8303 0.4188, 3.3504 4.7966 0.312, 3.3465 4.7966 0.312, 3.3465 4.8303 0.312, 3.3504 4.9463 0.3603, 3.3504 4.9607 0.3592, 3.3504 4.9466 0.3664, 3.3504 4.9611 0.3668, 3.3504 4.9453 0.3784, 3.3504 4.9596 0.3803, 3.3504 4.9425 0.3866, 3.3504 4.9558 0.3907, 3.3504 4.9385 0.3928, 3.3504 4.9494 0.4002, 3.3504 4.9349 0.3965, 3.3504 4.945 0.4047, 3.3504 4.9267 0.4019, 3.3504 4.9344 0.412, 3.3504 4.9173 0.4051, 3.3504 4.9216 0.4168, 3.3504 4.9041 0.4065, 3.3504 4.9046 0.4188, 3.3504 4.8879 0.4065, 3.3504 4.8741 0.4188, 3.3504 4.8879 0.3242, 3.3504 4.8741 0.312, 3.3504 4.9034 0.3242, 3.3504 4.9035 0.312, 3.3504 4.9168 0.3256, 3.3504 4.9201 0.3139, 3.3504 4.926 0.3288, 3.3504 4.9326 0.3184, 3.3504 4.9331 0.3334, 3.3504 4.943 0.3253, 3.3504 4.9352 0.3353, 3.3504 4.945 0.327, 3.3504 4.9407 0.3424, 3.3504 4.9525 0.3359, 3.3504 4.9443 0.3504, 3.3504 4.9579 0.3468, 3.3465 4.9035 0.312, 3.3465 4.8741 0.312, 3.3465 4.9201 0.3139, 3.3465 4.9326 0.3184, 3.3465 4.943 0.3253, 3.3465 4.945 0.327, 3.3465 4.9525 0.3359, 3.3465 4.9579 0.3468, 3.3465 4.9607 0.3592, 3.3465 4.9611 0.3668, 3.3465 4.9596 0.3803, 3.3465 4.9558 0.3907, 3.3465 4.9494 0.4002, 3.3465 4.945 0.4047, 3.3465 4.9344 0.412, 3.3465 4.9216 0.4168, 3.3465 4.9046 0.4188, 3.3465 4.8741 0.4188, 3.3465 4.9041 0.4065, 3.3465 4.8879 0.4065, 3.3465 4.8879 0.3242, 3.3465 4.9034 0.3242, 3.3465 4.9352 0.3353, 3.3465 4.9331 0.3334, 3.3465 4.926 0.3288, 3.3465 4.9168 0.3256, 3.3465 4.9466 0.3664, 3.3465 4.9463 0.3603, 3.3465 4.9443 0.3504, 3.3465 4.9407 0.3424, 3.3465 4.9349 0.3965, 3.3465 4.9385 0.3928, 3.3465 4.9425 0.3866, 3.3465 4.9453 0.3784, 3.3465 4.9173 0.4051, 3.3465 4.9267 0.4019
            ]
        }
        coordIndex [
            0,1,2,-1,3,4,5,-1,3,5,6,-1,6,5,7,-1,6,7,2,-1,2,7,8,-1,2,8,0,-1,9,1,10,-1,10,1,0,-1,9,10,11,-1,11,10,12,-1,13,14,15,-1,15,14,11,-1,15,11,16,-1,16,11,12,-1,13,17,14,-1,14,17,18,-1,17,19,18,-1,18,19,20,-1,18,20,21,-1,21,20,22,-1,21,22,23,-1,23,22,24,-1,23,24,25,-1,25,24,26,-1,25,26,27,-1,27,26,28,-1,27,28,29,-1,29,28,30,-1,29,30,31,-1,31,30,32,-1,31,32,33,-1,33,32,34,-1,33,34,35,-1,35,34,36,-1,35,36,37,-1,37,36,38,-1,37,38,39,-1,39,38,40,-1,39,40,41,-1,41,40,42,-1,41,42,43,-1,43,42,44,-1,43,44,45,-1,45,44,46,-1,45,46,47,-1,47,46,48,-1,47,48,49,-1,49,48,50,-1,49,50,51,-1,51,50,52,-1,51,52,53,-1,53,52,54,-1,53,54,55,-1,55,54,56,-1,55,56,57,-1,57,56,58,-1,57,58,59,-1,59,58,60,-1,59,60,61,-1,61,60,62,-1,61,62,63,-1,63,62,64,-1,63,64,65,-1,65,64,66,-1,65,66,67,-1,67,66,68,-1,67,68,69,-1,69,68,70,-1,69,70,71,-1,71,70,72,-1,71,72,73,-1,73,72,74,-1,73,74,75,-1,76,75,77,-1,77,75,74,-1,76,77,78,-1,76,78,79,-1,79,78,80,-1,79,80,81,-1,81,80,82,-1,81,82,83,-1,83,82,84,-1,83,84,85,-1,85,84,86,-1,85,86,87,-1,86,88,87,-1,87,88,89,-1,88,90,89,-1,89,90,91,-1,89,91,92,-1,92,91,93,-1,92,93,94,-1,94,93,95,-1,94,95,96,-1,96,95,97,-1,96,97,98,-1,98,97,99,-1,98,99,100,-1,100,99,101,-1,100,101,102,-1,103,104,105,-1,102,101,106,-1,102,106,107,-1,107,106,108,-1,107,108,105,-1,105,108,109,-1,105,109,103,-1,104,103,110,-1,104,110,111,-1,111,110,112,-1,111,112,113,-1,113,112,114,-1,113,114,115,-1,115,114,116,-1,115,116,117,-1,117,116,118,-1,117,118,119,-1,119,118,120,-1,119,120,121,-1,121,120,122,-1,121,122,123,-1,123,122,124,-1,123,124,125,-1,125,124,126,-1,125,126,127,-1,127,126,128,-1,127,128,129,-1,129,128,130,-1,129,130,131,-1,131,130,132,-1,131,132,133,-1,133,132,134,-1,133,134,135,-1,135,134,4,-1,135,4,3,-1,61,63,85,-1,85,63,83,-1,111,43,104,-1,104,43,45,-1,21,23,127,-1,127,23,25,-1,127,25,125,-1,125,25,27,-1,125,27,123,-1,123,27,29,-1,123,29,121,-1,121,29,31,-1,121,31,119,-1,119,31,33,-1,119,33,117,-1,117,33,35,-1,117,35,115,-1,115,35,37,-1,115,37,113,-1,113,37,39,-1,113,39,111,-1,111,39,41,-1,111,41,43,-1,14,3,11,-1,11,3,6,-1,11,6,9,-1,9,6,2,-1,9,2,1,-1,63,65,83,-1,83,65,67,-1,83,67,81,-1,81,67,69,-1,81,69,79,-1,79,69,71,-1,79,71,76,-1,76,71,73,-1,76,73,75,-1,127,129,21,-1,21,129,131,-1,21,131,18,-1,18,131,133,-1,18,133,14,-1,14,133,135,-1,14,135,3,-1,85,87,61,-1,61,87,89,-1,61,89,59,-1,59,89,92,-1,59,92,57,-1,57,92,94,-1,57,94,55,-1,55,94,96,-1,55,96,53,-1,53,96,98,-1,53,98,51,-1,51,98,100,-1,51,100,49,-1,49,100,102,-1,49,102,47,-1,47,102,107,-1,47,107,45,-1,45,107,105,-1,45,105,104,-1,136,137,138,-1,138,137,139,-1,140,136,141,-1,141,136,138,-1,140,141,142,-1,140,142,143,-1,143,142,144,-1,143,144,145,-1,146,145,147,-1,147,145,144,-1,148,146,149,-1,149,146,147,-1,150,151,152,-1,152,151,148,-1,152,148,149,-1,153,151,154,-1,154,151,150,-1,155,156,157,-1,157,156,153,-1,157,153,154,-1,158,159,160,-1,160,159,156,-1,160,156,155,-1,159,158,161,-1,159,161,162,-1,162,161,163,-1,162,163,164,-1,163,165,164,-1,164,165,166,-1,164,166,167,-1,167,166,168,-1,167,168,169,-1,169,168,170,-1,169,170,171,-1,171,170,172,-1,171,172,173,-1,173,172,174,-1,173,174,175,-1,176,175,177,-1,177,175,174,-1,176,177,178,-1,176,178,179,-1,179,178,180,-1,179,180,181,-1,181,180,182,-1,181,182,183,-1,183,182,184,-1,183,184,185,-1,184,186,185,-1,185,186,187,-1,185,187,188,-1,188,187,189,-1,188,189,190,-1,190,189,191,-1,190,191,192,-1,192,191,193,-1,192,193,194,-1,139,137,195,-1,195,137,194,-1,195,194,193,-1,143,145,194,-1,137,136,194,-1,194,136,140,-1,194,140,143,-1,151,153,148,-1,148,153,156,-1,148,156,146,-1,192,162,190,-1,190,162,164,-1,175,176,173,-1,173,176,179,-1,173,179,171,-1,171,179,181,-1,171,181,169,-1,169,181,183,-1,169,183,167,-1,167,183,185,-1,167,185,164,-1,164,185,188,-1,164,188,190,-1,145,146,194,-1,194,146,156,-1,194,156,192,-1,192,156,159,-1,192,159,162,-1,196,197,198,-1,198,197,199,-1,200,201,202,-1,202,201,196,-1,202,196,198,-1,203,201,204,-1,204,201,200,-1,205,206,207,-1,207,206,203,-1,207,203,204,-1,208,206,209,-1,209,206,205,-1,210,211,212,-1,212,211,208,-1,212,208,209,-1,213,211,214,-1,214,211,210,-1,215,216,217,-1,217,216,213,-1,217,213,214,-1,218,216,219,-1,219,216,215,-1,220,221,222,-1,222,221,218,-1,222,218,219,-1,223,221,224,-1,224,221,220,-1,199,197,225,-1,225,197,223,-1,225,223,224,-1,223,197,196,-1,196,201,223,-1,223,201,203,-1,223,203,221,-1,216,218,213,-1,213,218,221,-1,213,221,211,-1,211,221,203,-1,211,203,208,-1,208,203,206,-1,226,227,228,-1,228,227,229,-1,228,229,230,-1,230,229,231,-1,230,231,232,-1,232,231,233,-1,232,233,234,-1,234,233,235,-1,234,235,236,-1,236,235,237,-1,236,237,238,-1,238,237,239,-1,238,239,240,-1,240,239,241,-1,240,241,242,-1,242,241,243,-1,242,243,244,-1,244,243,245,-1,244,245,246,-1,246,245,247,-1,246,247,248,-1,248,247,249,-1,248,249,250,-1,250,249,251,-1,250,251,252,-1,252,251,253,-1,252,253,254,-1,254,253,255,-1,254,255,256,-1,256,255,257,-1,256,257,258,-1,258,257,259,-1,258,259,260,-1,260,259,261,-1,260,261,226,-1,226,261,227,-1,249,247,262,-1,262,247,263,-1,249,262,264,-1,249,264,251,-1,251,264,265,-1,251,265,253,-1,253,265,266,-1,253,266,255,-1,255,266,267,-1,255,267,257,-1,257,267,268,-1,257,268,259,-1,259,268,269,-1,259,269,261,-1,261,269,270,-1,261,270,227,-1,227,270,271,-1,227,271,229,-1,229,271,272,-1,229,272,231,-1,231,272,273,-1,231,273,233,-1,233,273,274,-1,233,274,235,-1,235,274,275,-1,235,275,237,-1,237,275,276,-1,237,276,239,-1,239,276,277,-1,239,277,241,-1,241,277,278,-1,241,278,243,-1,245,243,279,-1,279,243,278,-1,247,245,263,-1,263,245,279,-1,242,244,280,-1,280,244,281,-1,244,246,281,-1,281,246,282,-1,246,248,282,-1,282,248,283,-1,256,284,285,-1,256,285,254,-1,254,285,286,-1,254,286,252,-1,252,286,287,-1,252,287,250,-1,250,287,283,-1,250,283,248,-1,228,288,289,-1,228,289,226,-1,226,289,290,-1,226,290,260,-1,260,290,291,-1,260,291,258,-1,258,291,284,-1,258,284,256,-1,236,292,293,-1,236,293,234,-1,234,293,294,-1,234,294,232,-1,232,294,295,-1,232,295,230,-1,230,295,288,-1,230,288,228,-1,242,280,296,-1,242,296,240,-1,240,296,297,-1,240,297,238,-1,238,297,292,-1,238,292,236,-1,
        ]
    }
}
Shape{
    appearance Appearance {
        material  Material 	{
            diffuseColor 0.7529411764705882 0.7529411764705882 0.7529411764705882
            specularColor 0.3764705882352941 0.3764705882352941 0.3764705882352941
            ambientIntensity 0.7529
            transparency 0.0
            shininess 0.5
        }
    }
    geometry IndexedFaceSet {
        ccw TRUE
        solid FALSE
        coord DEF co Coordinate {
            point [
                3.3465 4.8879 0.4065, 3.3465 4.8879 0.3242, 3.3465 4.9041 0.4065, 3.3465 4.9034 0.3242, 3.3465 4.9168 0.3256, 3.3465 4.926 0.3288, 3.3465 4.9331 0.3334, 3.3465 4.9352 0.3353, 3.3465 4.9407 0.3424, 3.3465 4.9443 0.3504, 3.3465 4.9463 0.3603, 3.3465 4.9466 0.3664, 3.3465 4.9453 0.3784, 3.3465 4.9425 0.3866, 3.3465 4.9385 0.3928, 3.3465 4.9349 0.3965, 3.3465 4.9173 0.4051, 3.3465 4.9267 0.4019
            ]
        }
        coordIndex [
            0,1,2,-1,2,1,3,-1,2,3,4,-1,4,5,2,-1,2,5,6,-1,2,6,7,-1,7,8,2,-1,2,8,9,-1,2,9,10,-1,10,11,2,-1,2,11,12,-1,2,12,13,-1,13,14,2,-1,2,14,15,-1,2,15,16,-1,16,15,17,-1,
        ]
    }
}
Shape{
    appearance Appearance {
        material  Material 	{
            diffuseColor 0.0 0.0 0.0
            specularColor 0.0 0.0 0.0
            ambientIntensity 0.0
            transparency 0.0
            shininess 0.5
        }
    }
    geometry IndexedFaceSet {
        ccw TRUE
        solid FALSE
        coord DEF co Coordinate {
            point [
                3.3504 4.9968 0.3533, 3.3504 4.9925 0.3412, 3.3504 5.0327 0.3533, 3.3504 5.0369 0.3412, 3.3504 5.0128 0.3977, 3.3504 5.0077 0.4188, 3.3504 4.967 0.312, 3.3504 4.9822 0.312, 3.3504 5.0137 0.4009, 3.3504 5.0146 0.4052, 3.3504 5.0224 0.4188, 3.3504 5.0149 0.4052, 3.3504 5.0157 0.4006, 3.3504 5.0165 0.3977, 3.3504 5.0631 0.312, 3.3504 5.0478 0.312, 3.3465 5.0224 0.4188, 3.3465 5.0631 0.312, 3.3465 5.0077 0.4188, 3.3465 4.967 0.312, 3.3465 4.9822 0.312, 3.3465 4.9925 0.3412, 3.3465 5.0369 0.3412, 3.3465 5.0478 0.312, 3.3465 4.9968 0.3533, 3.3465 5.0327 0.3533, 3.3465 5.0165 0.3977, 3.3465 5.0149 0.4052, 3.3465 5.0157 0.4006, 3.3465 5.0146 0.4052, 3.3465 5.0128 0.3977, 3.3465 5.0137 0.4009
            ]
        }
        coordIndex [
            0,1,2,-1,2,1,3,-1,4,5,0,-1,0,5,6,-1,0,6,1,-1,1,6,7,-1,4,8,5,-1,5,8,9,-1,5,9,10,-1,10,9,11,-1,10,11,12,-1,12,13,10,-1,10,13,2,-1,10,2,14,-1,14,2,3,-1,14,3,15,-1,10,14,16,-1,16,14,17,-1,5,10,18,-1,18,10,16,-1,6,5,19,-1,19,5,18,-1,7,6,20,-1,20,6,19,-1,1,7,21,-1,21,7,20,-1,3,1,22,-1,22,1,21,-1,15,3,23,-1,23,3,22,-1,14,15,17,-1,17,15,23,-1,0,2,24,-1,24,2,25,-1,2,13,25,-1,25,13,26,-1,11,27,28,-1,11,28,12,-1,12,28,26,-1,12,26,13,-1,11,9,27,-1,27,9,29,-1,4,30,31,-1,4,31,8,-1,8,31,29,-1,8,29,9,-1,4,0,30,-1,30,0,24,-1,
        ]
    }
}
Shape{
    appearance Appearance {
        material  Material 	{
            diffuseColor 0.7529411764705882 0.7529411764705882 0.7529411764705882
            specularColor 0.3764705882352941 0.3764705882352941 0.3764705882352941
            ambientIntensity 0.7529
            transparency 0.0
            shininess 0.5
        }
    }
    geometry IndexedFaceSet {
        ccw TRUE
        solid FALSE
        coord DEF co Coordinate {
            point [
                3.3465 5.0149 0.4052, 3.3465 5.0146 0.4052, 3.3465 5.0157 0.4006, 3.3465 5.0137 0.4009, 3.3465 5.0165 0.3977, 3.3465 5.0128 0.3977, 3.3465 5.0327 0.3533, 3.3465 4.9968 0.3533
            ]
        }
        coordIndex [
            0,1,2,-1,2,1,3,-1,2,3,4,-1,4,3,5,-1,4,5,6,-1,6,5,7,-1,
        ]
    }
}
Shape{
    appearance Appearance {
        material  Material 	{
            diffuseColor 0.0 0.0 0.0
            specularColor 0.0 0.0 0.0
            ambientIntensity 0.0
            transparency 0.0
            shininess 0.5
        }
    }
    geometry IndexedFaceSet {
        ccw TRUE
        solid FALSE
        coord DEF co Coordinate {
            point [
                3.3504 4.0297 0.2964, 3.3504 4.0411 0.2826, 3.3504 4.0226 0.364, 3.3504 4.0087 0.4955, 3.3504 4.0255 0.5046, 3.3504 4.0221 0.5516, 3.3504 4.3396 0.3673, 3.3504 4.3263 0.3609, 3.3504 4.3385 0.316, 3.3504 4.1208 0.4093, 3.3504 4.1024 0.4137, 3.3504 4.0857 0.3654, 3.3504 4.0522 0.5553, 3.3504 4.0995 0.3656, 3.3504 4.1065 0.3631, 3.3504 4.1698 0.3451, 3.3504 4.1126 0.359, 3.3504 4.1175 0.3535, 3.3504 4.2761 0.4012, 3.3504 4.2525 0.4415, 3.3504 4.1508 0.3883, 3.3504 4.0931 0.3663, 3.3504 4.0636 0.3345, 3.3504 4.064 0.3419, 3.3504 4.0662 0.3491, 3.3504 4.0307 0.3801, 3.3504 4.0702 0.3554, 3.3504 4.0432 0.3945, 3.3504 4.0732 0.3585, 3.3504 4.0587 0.4053, 3.3504 4.0791 0.3628, 3.3504 4.0754 0.4118, 3.3504 4.0939 0.4141, 3.3504 4.0696 0.5538, 3.3504 4.0931 0.4984, 3.3504 4.1028 0.5193, 3.3504 4.006 0.3742, 3.3504 4.0121 0.3161, 3.3504 4.0218 0.3132, 3.3504 4.1208 0.3473, 3.3504 4.1225 0.3403, 3.3504 4.1698 0.3375, 3.3504 4.1226 0.3333, 3.3504 4.1693 0.3288, 3.3504 4.137 0.4008, 3.3504 4.3163 0.3117, 3.3504 4.3118 0.358, 3.3504 4.2715 0.3117, 3.3504 4.2776 0.358, 3.3504 4.2672 0.3124, 3.3504 4.0852 0.5719, 3.3504 4.1191 0.5401, 3.3504 4.103 0.5872, 3.3504 4.1398 0.5563, 3.3504 4.1215 0.5986, 3.3504 4.0442 0.5093, 3.3504 4.0529 0.5098, 3.3504 4.0609 0.5548, 3.3504 4.0704 0.5076, 3.3504 4.0875 0.5015, 3.3504 4.3011 0.4764, 3.3504 4.3072 0.4764, 3.3504 4.3383 0.5174, 3.3504 4.3222 0.4745, 3.3504 4.3449 0.515, 3.3504 4.3354 0.4692, 3.3504 4.3672 0.5032, 3.3504 4.3471 0.4609, 3.3504 4.3872 0.4852, 3.3504 4.3543 0.453, 3.3504 4.4021 0.4632, 3.3504 4.3617 0.4402, 3.3504 4.4107 0.4399, 3.3504 4.3658 0.4258, 3.3504 4.4135 0.4179, 3.3504 4.3664 0.4172, 3.3504 4.4133 0.4124, 3.3504 4.3644 0.4018, 3.3504 4.1565 0.6122, 3.3504 4.1643 0.5669, 3.3504 4.1941 0.6168, 3.3504 4.2973 0.5773, 3.3504 4.275 0.5348, 3.3504 4.3222 0.5486, 3.3504 4.2902 0.5126, 3.3504 4.2993 0.4871, 3.3504 3.9793 0.4525, 3.3504 3.9294 0.4394, 3.3504 3.977 0.4339, 3.3504 3.9292 0.4324, 3.3504 3.9779 0.4223, 3.3504 3.9329 0.4024, 3.3504 3.9833 0.4037, 3.3504 3.9439 0.3742, 3.3504 3.9924 0.3882, 3.3504 3.9611 0.3496, 3.3504 3.9847 0.3295, 3.3504 4.065 0.3274, 3.3504 4.068 0.321, 3.3504 4.3619 0.3266, 3.3504 4.3821 0.3424, 3.3504 4.3507 0.3768, 3.3504 4.3854 0.3458, 3.3504 4.359 0.3883, 3.3504 4.3988 0.3639, 3.3504 4.4091 0.3876, 3.3504 3.994 0.5407, 3.3504 3.9699 0.5237, 3.3504 3.9965 0.4845, 3.3504 3.9649 0.5189, 3.3504 3.9859 0.4694, 3.3504 3.9465 0.4953, 3.3504 3.9344 0.468, 3.3504 4.1647 0.3101, 3.3504 4.1207 0.326, 3.3504 4.1555 0.2933, 3.3504 4.1172 0.3195, 3.3504 4.1445 0.281, 3.3504 4.1131 0.3149, 3.3504 4.1294 0.2705, 3.3504 4.1073 0.3107, 3.3504 4.1125 0.2639, 3.3504 4.1007 0.3081, 3.3504 4.0939 0.2616, 3.3504 4.0931 0.3071, 3.3504 4.0916 0.2616, 3.3504 4.0919 0.3071, 3.3504 4.0736 0.2643, 3.3504 4.085 0.3083, 3.3504 4.056 0.2715, 3.3504 4.0782 0.3112, 3.3504 4.0724 0.3157, 3.3504 4.2738 0.3587, 3.3504 4.2555 0.3196, 3.3504 4.2573 0.3178, 3.3504 4.1895 0.5711, 3.3504 4.1949 0.5713, 3.3504 4.2254 0.6135, 3.3504 4.2173 0.5689, 3.3504 4.2635 0.6001, 3.3504 4.2413 0.5605, 3.3504 4.263 0.5465, 3.3504 4.2761 0.3582, 3.3504 4.2622 0.3143, 3.3504 4.2495 0.3352, 3.3504 4.2502 0.3295, 3.3504 4.2522 0.3244, 3.3504 4.2672 0.358, 3.3504 4.262 0.3559, 3.3504 4.2497 0.3382, 3.3504 4.2573 0.3526, 3.3504 4.2541 0.3492, 3.3504 4.2512 0.344, 3.3504 4.273 0.3587, 3.3465 4.4135 0.4179, 3.3465 4.4107 0.4399, 3.3465 4.4073 0.4492, 3.3465 4.4021 0.4632, 3.3465 4.3872 0.4852, 3.3465 4.3672 0.5032, 3.3465 4.3449 0.515, 3.3465 4.3383 0.5174, 3.3465 4.3222 0.5486, 3.3465 4.2973 0.5773, 3.3465 4.2799 0.5891, 3.3465 4.2635 0.6001, 3.3465 4.2254 0.6135, 3.3465 4.1941 0.6168, 3.3465 4.1565 0.6122, 3.3465 4.1215 0.5986, 3.3465 4.106 0.5891, 3.3465 4.103 0.5872, 3.3465 4.0852 0.5719, 3.3465 4.0696 0.5538, 3.3465 4.0609 0.5548, 3.3465 4.0522 0.5553, 3.3465 4.0221 0.5516, 3.3465 3.994 0.5407, 3.3465 3.9699 0.5237, 3.3465 3.9649 0.5189, 3.3465 3.9344 0.468, 3.3465 3.9465 0.4953, 3.3465 3.9311 0.4492, 3.3465 3.9294 0.4394, 3.3465 3.9292 0.4324, 3.3465 3.9329 0.4024, 3.3465 3.9439 0.3742, 3.3465 3.9611 0.3496, 3.3465 3.9847 0.3295, 3.3465 4.0121 0.3161, 3.3465 4.0218 0.3132, 3.3465 4.0228 0.3111, 3.3465 4.0297 0.2964, 3.3465 4.0411 0.2826, 3.3465 4.056 0.2715, 3.3465 4.0625 0.2688, 3.3465 4.0736 0.2643, 3.3465 4.0916 0.2616, 3.3465 4.0939 0.2616, 3.3465 4.1698 0.3375, 3.3465 4.1125 0.2639, 3.3465 4.1253 0.2688, 3.3465 4.1294 0.2705, 3.3465 4.1445 0.281, 3.3465 4.1555 0.2933, 3.3465 4.1647 0.3101, 3.3465 4.1649 0.3111, 3.3465 4.1693 0.3288, 3.3465 4.1698 0.3451, 3.3465 4.2761 0.4012, 3.3465 4.2525 0.4415, 3.3465 4.1508 0.3883, 3.3465 4.137 0.4008, 3.3465 4.1208 0.4093, 3.3465 4.1024 0.4137, 3.3465 4.0939 0.4141, 3.3465 4.0754 0.4118, 3.3465 4.0587 0.4053, 3.3465 4.0432 0.3945, 3.3465 4.0307 0.3801, 3.3465 4.0226 0.364, 3.3465 4.006 0.3742, 3.3465 3.9924 0.3882, 3.3465 3.9833 0.4037, 3.3465 3.9779 0.4223, 3.3465 3.977 0.4339, 3.3465 3.9789 0.4492, 3.3465 3.9793 0.4525, 3.3465 3.9859 0.4694, 3.3465 3.9965 0.4845, 3.3465 4.0087 0.4955, 3.3465 4.0255 0.5046, 3.3465 4.0442 0.5093, 3.3465 4.0529 0.5098, 3.3465 4.0704 0.5076, 3.3465 4.0875 0.5015, 3.3465 4.0931 0.4984, 3.3465 4.1028 0.5193, 3.3465 4.1191 0.5401, 3.3465 4.1398 0.5563, 3.3465 4.1643 0.5669, 3.3465 4.1895 0.5711, 3.3465 4.1949 0.5713, 3.3465 4.2173 0.5689, 3.3465 4.2413 0.5605, 3.3465 4.263 0.5465, 3.3465 4.275 0.5348, 3.3465 4.2902 0.5126, 3.3465 4.2993 0.4871, 3.3465 4.3011 0.4764, 3.3465 4.3072 0.4764, 3.3465 4.3222 0.4745, 3.3465 4.3354 0.4692, 3.3465 4.3471 0.4609, 3.3465 4.3543 0.453, 3.3465 4.3565 0.4492, 3.3465 4.3617 0.4402, 3.3465 4.3658 0.4258, 3.3465 4.3664 0.4172, 3.3465 4.3644 0.4018, 3.3465 4.359 0.3883, 3.3465 4.3507 0.3768, 3.3465 4.3396 0.3673, 3.3465 4.3263 0.3609, 3.3465 4.3118 0.358, 3.3465 4.2776 0.358, 3.3465 4.2761 0.3582, 3.3465 4.2738 0.3587, 3.3465 4.273 0.3587, 3.3465 4.2672 0.358, 3.3465 4.262 0.3559, 3.3465 4.2573 0.3526, 3.3465 4.2541 0.3492, 3.3465 4.2512 0.344, 3.3465 4.2497 0.3382, 3.3465 4.2495 0.3352, 3.3465 4.2502 0.3295, 3.3465 4.2522 0.3244, 3.3465 4.2555 0.3196, 3.3465 4.2573 0.3178, 3.3465 4.2622 0.3143, 3.3465 4.2672 0.3124, 3.3465 4.2715 0.3117, 3.3465 4.3163 0.3117, 3.3465 4.3385 0.316, 3.3465 4.3619 0.3266, 3.3465 4.3821 0.3424, 3.3465 4.3854 0.3458, 3.3465 4.3988 0.3639, 3.3465 4.4091 0.3876, 3.3465 4.4133 0.4124, 3.3465 4.0931 0.3663, 3.3465 4.0995 0.3656, 3.3465 4.1065 0.3631, 3.3465 4.1126 0.359, 3.3465 4.1175 0.3535, 3.3465 4.1208 0.3473, 3.3465 4.1225 0.3403, 3.3465 4.1226 0.3333, 3.3465 4.1207 0.326, 3.3465 4.1172 0.3195, 3.3465 4.1131 0.3149, 3.3465 4.1073 0.3107, 3.3465 4.1007 0.3081, 3.3465 4.0931 0.3071, 3.3465 4.0919 0.3071, 3.3465 4.085 0.3083, 3.3465 4.0782 0.3112, 3.3465 4.0724 0.3157, 3.3465 4.068 0.321, 3.3465 4.065 0.3274, 3.3465 4.0636 0.3345, 3.3465 4.064 0.3419, 3.3465 4.0662 0.3491, 3.3465 4.0702 0.3554, 3.3465 4.0732 0.3585, 3.3465 4.0791 0.3628, 3.3465 4.0857 0.3654
            ]
        }
        coordIndex [
            0,1,2,-1,3,4,5,-1,6,7,8,-1,9,10,11,-1,5,4,12,-1,13,14,15,-1,15,14,16,-1,15,16,17,-1,18,19,15,-1,15,19,20,-1,15,20,13,-1,13,20,21,-1,22,23,2,-1,2,23,24,-1,2,24,25,-1,25,24,26,-1,25,26,27,-1,27,26,28,-1,27,28,29,-1,29,28,30,-1,29,30,31,-1,31,30,11,-1,31,11,32,-1,32,11,10,-1,33,34,35,-1,36,37,2,-1,2,37,38,-1,2,38,0,-1,17,39,15,-1,15,39,40,-1,15,40,41,-1,41,40,42,-1,41,42,43,-1,21,20,11,-1,11,20,44,-1,11,44,9,-1,8,7,45,-1,45,7,46,-1,45,46,47,-1,47,46,48,-1,47,48,49,-1,33,35,50,-1,50,35,51,-1,50,51,52,-1,52,51,53,-1,52,53,54,-1,4,55,12,-1,12,55,56,-1,12,56,57,-1,57,56,58,-1,57,58,33,-1,33,58,59,-1,33,59,34,-1,60,61,62,-1,62,61,63,-1,62,63,64,-1,64,63,65,-1,64,65,66,-1,66,65,67,-1,66,67,68,-1,68,67,69,-1,68,69,70,-1,70,69,71,-1,70,71,72,-1,72,71,73,-1,72,73,74,-1,74,73,75,-1,74,75,76,-1,76,75,77,-1,54,53,78,-1,78,53,79,-1,78,79,80,-1,81,82,83,-1,83,82,84,-1,83,84,62,-1,62,84,85,-1,62,85,60,-1,86,87,88,-1,88,87,89,-1,88,89,90,-1,90,89,91,-1,90,91,92,-1,92,91,93,-1,92,93,94,-1,94,93,95,-1,94,95,36,-1,36,95,96,-1,36,96,37,-1,22,2,97,-1,97,2,1,-1,97,1,98,-1,8,99,6,-1,6,99,100,-1,6,100,101,-1,101,100,102,-1,101,102,103,-1,103,102,104,-1,103,104,77,-1,77,104,105,-1,77,105,76,-1,5,106,3,-1,3,106,107,-1,3,107,108,-1,108,107,109,-1,108,109,110,-1,110,109,111,-1,110,111,86,-1,86,111,112,-1,86,112,87,-1,43,42,113,-1,113,42,114,-1,113,114,115,-1,115,114,116,-1,115,116,117,-1,117,116,118,-1,117,118,119,-1,119,118,120,-1,119,120,121,-1,121,120,122,-1,121,122,123,-1,123,122,124,-1,123,124,125,-1,125,124,126,-1,125,126,127,-1,127,126,128,-1,127,128,129,-1,129,128,130,-1,129,130,1,-1,1,130,131,-1,1,131,98,-1,132,133,134,-1,79,135,80,-1,80,135,136,-1,80,136,137,-1,137,136,138,-1,137,138,139,-1,139,138,140,-1,139,140,81,-1,81,140,141,-1,81,141,82,-1,48,142,49,-1,49,142,132,-1,49,132,143,-1,143,132,134,-1,144,145,132,-1,132,145,146,-1,132,146,133,-1,147,148,149,-1,148,150,149,-1,149,150,151,-1,149,151,152,-1,144,132,149,-1,149,132,153,-1,149,153,147,-1,74,154,155,-1,74,155,72,-1,72,155,156,-1,72,156,70,-1,156,157,70,-1,70,157,158,-1,70,158,68,-1,68,158,159,-1,68,159,66,-1,66,159,160,-1,66,160,64,-1,64,160,161,-1,64,161,62,-1,62,161,162,-1,62,162,83,-1,83,162,163,-1,83,163,81,-1,139,81,164,-1,164,81,163,-1,164,165,139,-1,139,165,166,-1,139,166,137,-1,137,166,167,-1,137,167,80,-1,80,167,168,-1,80,168,78,-1,78,168,169,-1,78,169,54,-1,54,169,52,-1,52,169,170,-1,52,170,171,-1,52,171,172,-1,52,172,50,-1,50,172,173,-1,50,173,33,-1,33,173,174,-1,33,174,57,-1,57,174,175,-1,57,175,12,-1,12,175,176,-1,12,176,5,-1,5,176,177,-1,5,177,106,-1,106,177,178,-1,106,178,107,-1,107,178,179,-1,107,179,109,-1,180,111,181,-1,181,111,109,-1,181,109,179,-1,182,87,180,-1,180,87,112,-1,180,112,111,-1,182,183,87,-1,87,183,184,-1,87,184,89,-1,89,184,185,-1,89,185,91,-1,91,185,186,-1,91,186,93,-1,93,186,187,-1,93,187,95,-1,95,187,188,-1,95,188,96,-1,96,188,189,-1,96,189,37,-1,37,189,190,-1,37,190,38,-1,38,190,191,-1,38,191,0,-1,191,192,0,-1,0,192,193,-1,0,193,1,-1,1,193,194,-1,1,194,129,-1,129,194,195,-1,129,195,127,-1,195,196,127,-1,127,196,197,-1,127,197,125,-1,125,197,198,-1,125,198,123,-1,199,41,43,-1,123,198,200,-1,201,119,200,-1,200,119,121,-1,200,121,123,-1,201,202,119,-1,119,202,203,-1,119,203,117,-1,117,203,204,-1,117,204,115,-1,115,204,205,-1,115,205,113,-1,113,205,206,-1,113,206,43,-1,43,206,207,-1,43,207,199,-1,15,41,208,-1,208,41,199,-1,18,15,209,-1,209,15,208,-1,19,18,210,-1,210,18,209,-1,20,19,211,-1,211,19,210,-1,20,211,212,-1,20,212,44,-1,44,212,213,-1,44,213,9,-1,9,213,214,-1,9,214,10,-1,10,214,215,-1,10,215,32,-1,32,215,216,-1,32,216,31,-1,31,216,217,-1,31,217,29,-1,29,217,218,-1,29,218,27,-1,27,218,219,-1,27,219,25,-1,25,219,220,-1,25,220,2,-1,2,220,221,-1,2,221,36,-1,36,221,222,-1,36,222,94,-1,94,222,223,-1,94,223,92,-1,92,223,224,-1,92,224,90,-1,90,224,225,-1,90,225,88,-1,88,225,86,-1,86,225,226,-1,226,227,86,-1,86,227,228,-1,86,228,110,-1,110,228,229,-1,110,229,108,-1,108,229,230,-1,108,230,3,-1,3,230,231,-1,3,231,4,-1,4,231,232,-1,4,232,55,-1,55,232,233,-1,55,233,56,-1,56,233,234,-1,56,234,58,-1,58,234,235,-1,58,235,59,-1,59,235,236,-1,59,236,34,-1,34,236,237,-1,34,237,35,-1,35,237,238,-1,35,238,51,-1,51,238,239,-1,51,239,53,-1,53,239,240,-1,53,240,79,-1,79,240,241,-1,79,241,135,-1,135,241,242,-1,135,242,136,-1,136,242,243,-1,136,243,138,-1,138,243,244,-1,138,244,140,-1,140,244,245,-1,140,245,141,-1,141,245,246,-1,141,246,82,-1,82,246,247,-1,82,247,84,-1,84,247,248,-1,84,248,85,-1,85,248,249,-1,85,249,60,-1,61,60,250,-1,250,60,249,-1,61,250,251,-1,61,251,63,-1,63,251,252,-1,63,252,65,-1,65,252,253,-1,65,253,67,-1,67,253,254,-1,67,254,69,-1,69,254,255,-1,69,255,71,-1,255,256,71,-1,71,256,257,-1,71,257,73,-1,73,257,258,-1,73,258,75,-1,75,258,259,-1,75,259,77,-1,77,259,260,-1,77,260,103,-1,103,260,261,-1,103,261,101,-1,101,261,262,-1,101,262,6,-1,6,262,263,-1,6,263,7,-1,7,263,264,-1,7,264,46,-1,48,46,265,-1,265,46,264,-1,48,265,266,-1,48,266,142,-1,142,266,267,-1,142,267,132,-1,132,267,268,-1,132,268,153,-1,153,268,269,-1,153,269,147,-1,147,269,270,-1,147,270,148,-1,148,270,271,-1,148,271,150,-1,150,271,272,-1,150,272,151,-1,151,272,273,-1,151,273,152,-1,152,273,274,-1,152,274,149,-1,149,274,275,-1,149,275,144,-1,144,275,276,-1,144,276,145,-1,145,276,277,-1,145,277,146,-1,146,277,278,-1,146,278,133,-1,133,278,279,-1,133,279,134,-1,134,279,280,-1,134,280,143,-1,143,280,281,-1,143,281,49,-1,49,281,282,-1,49,282,47,-1,45,47,283,-1,283,47,282,-1,45,283,284,-1,45,284,8,-1,8,284,285,-1,8,285,99,-1,99,285,286,-1,99,286,100,-1,100,286,287,-1,100,287,102,-1,102,287,288,-1,102,288,104,-1,104,288,289,-1,104,289,105,-1,105,289,290,-1,105,290,76,-1,76,290,154,-1,76,154,74,-1,21,291,292,-1,21,292,13,-1,13,292,293,-1,13,293,14,-1,14,293,294,-1,14,294,16,-1,16,294,295,-1,16,295,17,-1,17,295,296,-1,17,296,39,-1,39,296,297,-1,39,297,40,-1,40,297,298,-1,40,298,42,-1,42,298,299,-1,42,299,114,-1,114,299,300,-1,114,300,116,-1,116,300,301,-1,116,301,118,-1,118,301,302,-1,118,302,120,-1,120,302,303,-1,120,303,122,-1,122,303,304,-1,122,304,124,-1,124,304,305,-1,124,305,126,-1,126,305,306,-1,126,306,128,-1,128,306,307,-1,128,307,130,-1,130,307,308,-1,130,308,131,-1,131,308,309,-1,131,309,98,-1,98,309,310,-1,98,310,97,-1,97,310,311,-1,97,311,22,-1,22,311,312,-1,22,312,23,-1,23,312,313,-1,23,313,24,-1,24,313,314,-1,24,314,26,-1,26,314,315,-1,26,315,28,-1,28,315,316,-1,28,316,30,-1,30,316,317,-1,30,317,11,-1,11,317,291,-1,11,291,21,-1,
        ]
    }
}
Shape{
    appearance Appearance {
        material  Material 	{
            diffuseColor 0.7529411764705882 0.7529411764705882 0.7529411764705882
            specularColor 0.3764705882352941 0.3764705882352941 0.3764705882352941
            ambientIntensity 0.7529
            transparency 0.0
            shininess 0.5
        }
    }
    geometry IndexedFaceSet {
        ccw TRUE
        solid FALSE
        coord DEF co Coordinate {
            point [
                3.3465 4.0919 0.3071, 3.3465 4.0732 0.3585, 3.3465 4.0702 0.3554, 3.3465 4.1007 0.3081, 3.3465 4.1073 0.3107, 3.3465 4.0995 0.3656, 3.3465 4.0931 0.3663, 3.3465 4.0857 0.3654, 3.3465 4.0791 0.3628, 3.3465 4.065 0.3274, 3.3465 4.068 0.321, 3.3465 4.0724 0.3157, 3.3465 4.0931 0.3071, 3.3465 4.0662 0.3491, 3.3465 4.064 0.3419, 3.3465 4.0636 0.3345, 3.3465 4.0782 0.3112, 3.3465 4.085 0.3083, 3.3465 4.1131 0.3149, 3.3465 4.1172 0.3195, 3.3465 4.1207 0.326, 3.3465 4.1226 0.3333, 3.3465 4.1225 0.3403, 3.3465 4.1208 0.3473, 3.3465 4.1175 0.3535, 3.3465 4.1126 0.359, 3.3465 4.1065 0.3631, -2.6768 -7.635 2.1892, -2.7004 -7.6515 2.1892, -2.7559 -7.5472 2.1892, -2.7273 -7.6618 2.1892, -2.7559 -7.6653 2.1892, -2.6384 -7.5596 2.1892, -2.6449 -7.5876 2.1892, -2.658 -7.6133 2.1892, -2.6384 -7.5596 2.7942, -2.6449 -7.5876 2.7942, -2.658 -7.6133 2.7942, -2.6768 -7.635 2.7942, -2.7004 -7.6515 2.7942, -2.7273 -7.6618 2.7942, -2.7559 -7.6653 2.7942, -2.7559 -7.5472 2.7942, -2.3615 -4.9245 2.1892, -2.4789 -4.9122 2.1892, -2.3615 -4.9245 2.7942, -2.4789 -4.9122 2.7942, 2.6769 -7.635 2.7942, 2.7005 -7.6515 2.7942, 2.7559 -7.5472 2.7942, 2.7274 -7.6618 2.7942, 2.7559 -7.6653 2.7942, 2.6385 -7.5596 2.7942, 2.6449 -7.5876 2.7942, 2.658 -7.6133 2.7942, 2.6385 -7.5596 2.1892, 2.6449 -7.5876 2.1892, 2.658 -7.6133 2.1892, 2.6769 -7.635 2.1892, 2.7005 -7.6515 2.1892, 2.7274 -7.6618 2.1892, 2.7559 -7.6653 2.1892, 2.7559 -7.5472 2.1892, 2.3615 -4.9245 2.7942, 2.479 -4.9122 2.7942, 2.3615 -4.9245 2.1892, 2.479 -4.9122 2.1892, -3.2283 0.3081 5.0237, -3.2283 -0.0711 5.0237, -3.3464 0.3081 5.0237, -3.3464 -0.0711 5.0237, -3.2283 -0.0711 4.7426, -3.3464 -0.0711 4.7426, -3.2283 0.3081 4.7426, -3.3464 0.3081 4.7426, -3.2283 4.1696 2.0698, -3.2283 3.8539 2.0698, -3.3464 4.1696 2.0698, -3.3464 3.8539 2.0698, -3.2283 3.8539 1.5814, -3.3464 3.8539 1.5814, -3.2283 4.1696 1.5814, -3.3464 4.1696 1.5814, 3.2284 -0.0711 5.0237, 3.2284 0.3081 5.0237, 3.3465 -0.0711 5.0237, 3.3465 0.3081 5.0237, 3.2284 0.3081 4.7426, 3.3465 0.3081 4.7426, 3.2284 -0.0711 4.7426, 3.3465 -0.0711 4.7426, 3.2284 3.8539 2.0698, 3.2284 4.1696 2.0698, 3.3465 3.8539 2.0698, 3.3465 4.1696 2.0698, 3.2284 4.1696 1.5814, 3.3465 4.1696 1.5814, 3.2284 3.8539 1.5814, 3.3465 3.8539 1.5814
            ]
        }
        coordIndex [
            0,1,2,-1,3,4,5,-1,6,7,0,-1,0,7,8,-1,0,8,1,-1,9,10,2,-1,2,10,11,-1,6,0,5,-1,5,0,12,-1,5,12,3,-1,13,14,2,-1,2,14,15,-1,2,15,9,-1,11,16,2,-1,2,16,17,-1,2,17,0,-1,4,18,5,-1,5,18,19,-1,5,19,20,-1,20,21,5,-1,5,21,22,-1,5,22,23,-1,23,24,5,-1,5,24,25,-1,5,25,26,-1,27,28,29,-1,29,28,30,-1,29,30,31,-1,32,33,29,-1,29,33,34,-1,29,34,27,-1,32,35,36,-1,32,36,33,-1,33,36,37,-1,33,37,34,-1,34,37,38,-1,34,38,27,-1,27,38,39,-1,27,39,28,-1,28,39,40,-1,28,40,30,-1,30,40,41,-1,30,41,31,-1,41,40,42,-1,42,40,39,-1,42,39,38,-1,38,37,42,-1,42,37,36,-1,42,36,35,-1,43,32,44,-1,44,32,29,-1,45,43,46,-1,46,43,44,-1,35,45,42,-1,42,45,46,-1,43,45,32,-1,32,45,35,-1,46,44,42,-1,42,44,29,-1,47,48,49,-1,49,48,50,-1,49,50,51,-1,52,53,49,-1,49,53,54,-1,49,54,47,-1,52,55,56,-1,52,56,53,-1,53,56,57,-1,53,57,54,-1,54,57,58,-1,54,58,47,-1,47,58,59,-1,47,59,48,-1,48,59,60,-1,48,60,50,-1,50,60,61,-1,50,61,51,-1,61,60,62,-1,62,60,59,-1,62,59,58,-1,58,57,62,-1,62,57,56,-1,62,56,55,-1,63,52,64,-1,64,52,49,-1,65,63,66,-1,66,63,64,-1,55,65,62,-1,62,65,66,-1,63,65,52,-1,52,65,55,-1,66,64,62,-1,62,64,49,-1,67,68,69,-1,69,68,70,-1,68,71,70,-1,70,71,72,-1,71,73,72,-1,72,73,74,-1,73,67,74,-1,74,67,69,-1,75,76,77,-1,77,76,78,-1,76,79,78,-1,78,79,80,-1,79,81,80,-1,80,81,82,-1,81,75,82,-1,82,75,77,-1,83,84,85,-1,85,84,86,-1,84,87,86,-1,86,87,88,-1,87,89,88,-1,88,89,90,-1,89,83,90,-1,90,83,85,-1,91,92,93,-1,93,92,94,-1,92,95,94,-1,94,95,96,-1,95,97,96,-1,96,97,98,-1,97,91,98,-1,98,91,93,-1,
        ]
    }
}