#VRML V2.0 utf8
# 3D model generated by easyeda2kicad.py (https://github.com/uPesy/easyeda2kicad.py)

Shape{
    appearance Appearance {
        material  Material 	{
            diffuseColor 0.9686274509803922 0.8784313725490196 0.6
            specularColor 0.6784313725490196 0.615686274509804 0.4196078431372549
            ambientIntensity 0.8737
            transparency 0.0
            shininess 0.5
        }
    }
    geometry IndexedFaceSet {
        ccw TRUE
        solid FALSE
        coord DEF co Coordinate {
            point [
                -0.2373 1.0678 0.2968, -0.2333 1.0687 0.2892, -0.2743 1.0589 0.3055, 0.1687 1.0811 0.8661, 0.1687 1.0811 0.5364, 0.0345 1.0935 0.8661, 0.1524 1.0835 0.5346, 0.1239 1.0871 0.5243, 0.0987 1.0897 0.5071, 0.0802 1.0912 0.4855, 0.0682 1.092 0.4619, 0.0644 1.0922 0.4606, 0.0477 1.0931 0.4518, 0.3003 1.0523 0.8661, 0.2827 1.0572 0.4919, 0.2761 1.0589 0.4913, 0.2443 1.0666 0.5155, 0.2578 1.0635 0.5042, 0.2696 1.0606 0.4906, 0.2305 1.0697 0.524, 0.2041 1.075 0.5339, 0.1759 1.08 0.5372, 0.3067 1.0504 0.3104, 0.317 1.0474 0.3138, 0.4274 1.0075 0.0, 0.3371 1.0411 0.3247, 0.3521 1.0362 0.3381, 0.3545 1.0353 0.341, 0.3663 1.0312 0.3595, 0.3736 1.0286 0.3809, 0.3755 1.0279 0.4003, 0.3752 1.028 0.4075, 0.4274 1.0075 0.8661, 0.3735 1.0287 0.4189, 0.3705 1.0298 0.4299, 0.3606 1.0332 0.4499, 0.3483 1.0374 0.465, 0.3428 1.0393 0.4701, 0.3235 1.0454 0.4826, 0.3022 1.0518 0.4899, 0.3003 1.0523 0.4901, 0.1955 1.0766 0.3336, 0.1956 1.0766 0.3279, 0.1686 1.0805 0.3475, 0.1959 1.0765 0.322, 0.1687 1.0811 0.0, 0.2686 1.0608 0.2736, 0.2817 1.0574 0.2792, 0.3003 1.0523 0.0, 0.1993 1.0759 0.308, 0.2061 1.0746 0.2954, 0.215 1.0729 0.2855, 0.2551 1.0641 0.2714, 0.2264 1.0706 0.2777, 0.2391 1.0678 0.2729, 0.2529 1.0646 0.2713, 0.2927 1.0544 0.2877, 0.3003 1.0523 0.2973, 0.3011 1.0521 0.2982, 0.0595 1.0925 0.3566, 0.0531 1.0928 0.3654, 0.1155 1.088 0.3751, 0.0492 1.093 0.3755, 0.0477 1.0931 0.3866, 0.0479 1.093 0.3915, 0.0505 1.0929 0.4025, 0.0557 1.0927 0.4123, 0.0623 1.0923 0.4198, 0.0711 1.0918 0.426, 0.081 1.0911 0.4299, 0.0918 1.0903 0.4313, 0.133 1.0861 0.4054, 0.0964 1.0899 0.4313, 0.0985 1.0897 0.443, 0.1061 1.089 0.4619, 0.118 1.0878 0.478, 0.1686 1.0804 0.3871, 0.1236 1.0872 0.4833, 0.1397 1.0852 0.4943, 0.1357 1.0857 0.3274, 0.1347 1.0858 0.3317, 0.0505 1.0929 0.3193, 0.068 1.092 0.3112, 0.0345 1.0935 0.0, 0.0858 1.0908 0.3077, 0.1194 1.0876 0.308, 0.1219 1.0873 0.3083, 0.1257 1.0869 0.3097, 0.1295 1.0865 0.3122, 0.1358 1.0857 0.3257, 0.1315 1.0862 0.3142, 0.1339 1.0859 0.3178, 0.1354 1.0858 0.3217, 0.1326 1.0861 0.3357, 0.1296 1.0865 0.339, 0.1261 1.0869 0.3414, 0.1221 1.0873 0.3428, 0.118 1.0878 0.3433, 0.1175 1.0878 0.3432, 0.1158 1.088 0.3428, 0.1146 1.0881 0.3427, 0.089 1.0905 0.3425, 0.0788 1.0913 0.3443, 0.0688 1.092 0.3489, 0.0603 1.0924 0.3557, 0.2194 1.072 0.3752, 0.2095 1.074 0.3661, 0.1783 1.0796 0.503, 0.1973 1.0763 0.5003, 0.2159 1.0727 0.4927, 0.1576 1.0828 0.5009, 0.1687 1.0811 0.5022, 0.1755 1.08 0.5031, 0.3003 1.0523 0.4547, 0.3003 1.0523 0.3591, 0.2995 1.0525 0.3608, 0.2317 1.0694 0.481, 0.2443 1.0666 0.4656, 0.2314 1.0695 0.3818, 0.2522 1.0648 0.449, 0.2451 1.0664 0.3853, 0.2521 1.0648 0.3858, 0.29 1.0552 0.3715, 0.2783 1.0583 0.3795, 0.2882 1.0557 0.4575, 0.2657 1.0615 0.3842, 0.2823 1.0572 0.4577, 0.2691 1.0607 0.456, 0.2564 1.0638 0.4513, 0.3249 1.045 0.4389, 0.3329 1.0425 0.4276, 0.3201 1.0465 0.4279, 0.3379 1.0409 0.4149, 0.3022 1.0517 0.4543, 0.315 1.048 0.4476, 0.3397 1.0403 0.4012, 0.3391 1.0405 0.3925, 0.3375 1.041 0.3854, 0.3351 1.0418 0.3785, 0.3059 1.0507 0.3486, 0.3182 1.047 0.3563, 0.3283 1.0439 0.3668, -0.1002 1.0894 0.4636, -0.0957 1.0898 0.3159, -0.0957 1.0898 0.3067, 0.0339 1.0936 0.333, 0.0345 1.0935 0.3323, 0.0355 1.0935 0.3313, 0.0155 1.094 0.3653, 0.0231 1.0938 0.3475, -0.0526 1.0928 0.307, -0.0957 1.0898 0.4338, -0.0535 1.0927 0.434, -0.0532 1.0927 0.3871, 0.0345 1.0935 0.4402, 0.0325 1.0936 0.4384, -0.0541 1.0927 0.5141, 0.0212 1.0939 0.422, 0.0146 1.094 0.4045, 0.0124 1.094 0.3869, 0.0125 1.094 0.384, -0.1002 1.0894 0.8661, -0.0644 1.0921 0.514, -0.1002 1.0894 0.4804, -0.0944 1.0899 0.3868, -0.0943 1.0899 0.3776, -0.0958 1.0898 0.4429, -0.0639 1.0921 0.4431, -0.0993 1.0895 0.4722, -0.0994 1.0895 0.4764, -0.0632 1.0922 0.343, -0.063 1.0922 0.3161, -0.0918 1.0901 0.3428, -0.0919 1.0901 0.352, -0.0633 1.0922 0.3522, -0.0634 1.0922 0.3778, -0.3161 1.0472 0.376, -0.2852 1.056 0.3762, -0.285 1.0561 0.3506, -0.3161 1.0472 0.3852, -0.3142 1.0477 0.4322, -0.2749 1.0588 0.3855, -0.3028 1.0511 0.4323, -0.3331 1.0419 0.3851, -0.3559 1.0343 0.385, -0.3629 1.0318 0.4332, -0.3629 1.0318 0.3841, -0.3634 1.0317 0.4319, -0.3136 1.0479 0.3504, -0.3554 1.0345 0.4538, -0.3221 1.0454 0.454, -0.2849 1.0561 0.3414, -0.2847 1.0562 0.3145, -0.3136 1.0479 0.3412, -0.3175 1.0468 0.3143, -0.2333 1.0687 0.8661, -0.2333 1.0687 0.4554, -0.2337 1.0686 0.5128, -0.2333 1.0687 0.3246, -0.2349 1.0684 0.3199, -0.2376 1.0678 0.3198, -0.2361 1.0681 0.3152, -0.2364 1.0681 0.3152, -0.2369 1.0679 0.3172, -0.3629 1.0318 0.8661, -0.2566 1.0634 0.5127, -0.2688 1.0603 0.5112, -0.2895 1.0549 0.4991, -0.3339 1.0416 0.5121, -0.2868 1.0556 0.5019, -0.2784 1.0578 0.5076, -0.2944 1.0535 0.4922, -0.2974 1.0527 0.4845, -0.2984 1.0524 0.479, -0.2986 1.0523 0.4734, -0.2984 1.0524 0.4683, -0.2964 1.0529 0.4589, -0.2924 1.0541 0.4507, -0.2864 1.0557 0.4436, -0.278 1.0579 0.4377, -0.2535 1.0641 0.3628, -0.2689 1.0603 0.4342, -0.2552 1.0637 0.4326, -0.2333 1.0687 0.4328, -0.3325 1.0421 0.305, -0.2333 1.0687 0.0, -0.3545 1.0348 0.3049, -0.3629 1.0318 0.0, -0.3629 1.0318 0.3059, -0.3174 1.0468 0.3052, -0.2639 1.0616 0.3627, -0.2375 1.0678 0.2971, -0.4548 0.9947 0.3261, -0.4214 1.0093 0.3263, -0.4628 0.991 0.3041, -0.4136 1.0126 0.3045, -0.487 0.9793 0.0, -0.4022 1.0172 0.3046, -0.4443 0.9995 0.3843, -0.487 0.9793 0.8661, -0.4742 0.9856 0.304, -0.3748 1.0276 0.4318, -0.3681 1.03 0.3835, -0.3778 1.0265 0.3799, -0.3861 1.0234 0.3741, -0.3889 1.0223 0.3714, -0.4332 1.0043 0.3844, -0.3449 1.038 0.5121, -0.3629 1.0317 0.4638, -0.3938 1.0204 0.3644, -0.3967 1.0193 0.3568, -0.3977 1.0189 0.3513, -0.398 1.0188 0.3456, -0.3977 1.0189 0.3406, -0.3957 1.0197 0.3312, -0.3917 1.0212 0.3229, -0.3857 1.0235 0.3159, -0.3774 1.0266 0.31, -0.3683 1.0299 0.3065, -0.1075 1.0887 0.331, -0.1095 1.0885 0.3339, -0.1112 1.0883 0.35, -0.1126 1.0882 0.3365, -0.1169 1.0877 0.3387, -0.1181 1.0876 0.3544, -0.1245 1.0869 0.3405, -0.1334 1.0858 0.3564, -0.13 1.0862 0.3568, -0.1244 1.0869 0.3563, -0.1414 1.0848 0.3428, -0.1411 1.0848 0.3471, -0.1401 1.0849 0.3507, -0.139 1.0851 0.3528, -0.1375 1.0853 0.3544, -0.1357 1.0855 0.3556, -0.1648 1.0815 0.3082, -0.1649 1.0814 0.3186, -0.1002 1.0894 0.0, -0.2325 1.0689 0.2877, -0.2288 1.0697 0.2835, -0.2287 1.0697 0.2834, -0.2252 1.0705 0.2809, -0.2212 1.0713 0.2794, -0.2105 1.0735 0.2798, -0.2148 1.0726 0.279, -0.217 1.0722 0.2789, -0.1718 1.0804 0.3057, -0.1894 1.0774 0.3058, -0.1803 1.079 0.3048, -0.2126 1.073 0.288, -0.2001 1.0755 0.3119, -0.2106 1.0735 0.2887, -0.197 1.076 0.3092, -0.1947 1.0765 0.3078, -0.2163 1.0723 0.2875, -0.2182 1.0719 0.2877, -0.2204 1.0715 0.2884, -0.1668 1.0812 0.3408, -0.1656 1.0813 0.3438, -0.1515 1.0834 0.3431, -0.2167 1.0722 0.5038, -0.1858 1.078 0.504, -0.1856 1.0781 0.4783, -0.1013 1.0893 0.4869, -0.1052 1.0889 0.4957, -0.1111 1.0883 0.5033, -0.113 1.0881 0.5051, -0.1205 1.0873 0.5103, -0.1289 1.0864 0.5135, -0.1405 1.0849 0.5149, -0.1407 1.0849 0.5148, -0.1512 1.0835 0.5139, -0.1595 1.0823 0.5114, -0.2143 1.0727 0.4781, -0.2168 1.0722 0.513, -0.1755 1.0798 0.5133, -0.1856 1.0781 0.4692, -0.1854 1.0781 0.4422, -0.2142 1.0727 0.469, -0.2181 1.0719 0.442, -0.159 1.0823 0.4465, -0.1594 1.0823 0.5006, -0.1512 1.0835 0.4431, -0.1585 1.0824 0.501, -0.1421 1.0847 0.4414, -0.1101 1.0884 0.4728, -0.1105 1.0884 0.4784, -0.1504 1.0836 0.5043, -0.1406 1.0849 0.5055, -0.1375 1.0853 0.5054, -0.1116 1.0883 0.4839, -0.1305 1.0862 0.5041, -0.1143 1.088 0.4908, -0.1242 1.0869 0.5013, -0.1187 1.0875 0.4968, -0.1102 1.0884 0.4698, -0.1114 1.0883 0.4618, -0.114 1.088 0.4553, -0.1178 1.0876 0.4499, -0.1194 1.0874 0.4483, -0.1246 1.0869 0.4446, -0.1303 1.0862 0.4423, -0.1383 1.0852 0.4413, -0.2332 1.0688 0.4328, -0.1112 1.0883 0.3598, -0.1132 1.0881 0.3609, -0.1445 1.0844 0.3612, -0.1471 1.084 0.3586, -0.1667 1.0812 0.3545, -0.1507 1.0835 0.3509, -0.1652 1.0814 0.348, -0.1655 1.0813 0.3513, -0.1492 1.0837 0.3554, -0.1411 1.0848 0.3631, -0.1685 1.0809 0.3573, -0.1369 1.0854 0.3644, -0.1741 1.08 0.3616, -0.1795 1.0791 0.3637, -0.1717 1.0804 0.3601, -0.131 1.0861 0.365, -0.1207 1.0873 0.3638, -0.1875 1.0777 0.3646, -0.1946 1.0765 0.3639, -0.175 1.0799 0.4332, -0.218 1.072 0.4329, -0.1412 1.0848 0.3152, -0.141 1.0848 0.3152, -0.1412 1.0848 0.3064, -0.1393 1.0851 0.3128, -0.1361 1.0855 0.3094, -0.1324 1.0859 0.3071, -0.1283 1.0864 0.3057, -0.1234 1.087 0.3052, -0.123 1.087 0.3052, -0.1172 1.0877 0.306, -0.1134 1.0881 0.3075, -0.1102 1.0884 0.3098, -0.1091 1.0885 0.3109, -0.1005 1.0894 0.4603, -0.1061 1.0888 0.3275, -0.1071 1.0887 0.3139, -0.1058 1.0889 0.3173, -0.1054 1.0889 0.322, -0.1055 1.0889 0.3231, -0.159 1.0823 0.4366, -0.1576 1.0825 0.4359, -0.149 1.0838 0.4332, -0.1368 1.0854 0.4321, -0.1319 1.086 0.4324, -0.1233 1.087 0.4342, -0.1157 1.0878 0.4378, -0.1093 1.0885 0.4432, -0.1081 1.0886 0.4447, -0.1035 1.0891 0.4517, -0.1818 1.0787 0.313, -0.1802 1.079 0.3313, -0.1813 1.0788 0.313, -0.1747 1.0799 0.3138, -0.1869 1.0778 0.3135, -0.1895 1.0774 0.3144, -0.1904 1.0772 0.315, -0.1916 1.077 0.316, -0.1921 1.0769 0.3166, -0.1868 1.0779 0.3285, -0.1925 1.0769 0.3173, -0.193 1.0768 0.3187, -0.1932 1.0767 0.3206, -0.1931 1.0767 0.3219, -0.1927 1.0768 0.3234, -0.1919 1.077 0.3248, -0.1907 1.0772 0.3261, -0.1685 1.0809 0.3163, -0.1743 1.08 0.334, -0.1696 1.0807 0.3372, -0.1679 1.081 0.3389, -0.1512 1.0835 0.3063, -0.2011 1.0753 0.3619, -0.201 1.0753 0.3522, -0.209 1.0738 0.3631, -0.2203 1.0715 0.363, -0.2002 1.0754 0.331, -0.2019 1.0751 0.3285, -0.1979 1.0759 0.3331, -0.1757 1.0797 0.3504, -0.1755 1.0798 0.3488, -0.177 1.0795 0.3516, -0.1786 1.0793 0.3544, -0.1771 1.0795 0.353, -0.1762 1.0797 0.3518, -0.1808 1.0789 0.3555, -0.1835 1.0784 0.3562, -0.1756 1.0798 0.3475, -0.176 1.0797 0.3459, -0.1767 1.0796 0.3446, -0.1777 1.0794 0.3435, -0.1812 1.0788 0.3412, -0.1912 1.0771 0.3369, -0.1992 1.0756 0.3533, -0.1874 1.0778 0.3385, -0.1935 1.0767 0.3555, -0.1865 1.0779 0.3564, -0.2223 1.0711 0.2895, -0.2244 1.0706 0.2916, -0.2019 1.0751 0.3146, -0.2266 1.0702 0.2955, -0.2031 1.0749 0.3178, -0.2311 1.0692 0.3059, -0.2035 1.0748 0.3215, -0.2034 1.0748 0.3236, -0.2031 1.0749 0.3256, 0.5481 0.9474 0.8661, 0.5481 0.9474 0.0, 0.6604 0.873 0.8661, 0.6604 0.873 0.0, 0.7627 0.7853 0.8661, 0.7627 0.7853 0.0, 0.8535 0.6857 0.8661, 0.8535 0.6857 0.0, 0.9314 0.5757 0.8661, 0.9314 0.5757 0.0, 0.9951 0.457 0.8661, 0.9951 0.457 0.0, 1.0438 0.3314 0.8661, 1.0438 0.3314 0.0, 1.0767 0.2007 0.8661, 1.0767 0.2007 0.0, 1.0932 0.067 0.8661, 1.0932 0.067 0.0, 1.0932 -0.0678 0.8661, 1.0932 -0.0678 0.0, 1.0767 -0.2015 0.8661, 1.0767 -0.2015 0.0, 1.0438 -0.3322 0.8661, 1.0438 -0.3322 0.0, 0.9951 -0.4579 0.8661, 0.9951 -0.4579 0.0, 0.9314 -0.5766 0.8661, 0.9314 -0.5766 0.0, 0.8535 -0.6866 0.8661, 0.8535 -0.6866 0.0, 0.7627 -0.7862 0.8661, 0.7627 -0.7862 0.0, 0.6604 -0.8738 0.8661, 0.6604 -0.8738 0.0, 0.5481 -0.9483 0.8661, 0.5481 -0.9483 0.0, 0.4274 -1.0083 0.8661, 0.4274 -1.0083 0.0, 0.3003 -1.0531 0.8661, 0.3003 -1.0531 0.0, 0.1687 -1.082 0.8661, 0.1687 -1.082 0.0, 0.0345 -1.0944 0.8661, 0.0345 -1.0944 0.0, -0.1002 -1.0902 0.8661, -0.1002 -1.0902 0.0, -0.2333 -1.0696 0.8661, -0.2333 -1.0696 0.0, -0.3629 -1.0327 0.8661, -0.3629 -1.0327 0.0, -0.487 -0.9802 0.8661, -0.487 -0.9802 0.0, -0.6037 -0.9128 0.8661, -0.6037 -0.9128 0.0, -0.7113 -0.8316 0.8661, -0.7113 -0.8316 0.0, -0.808 -0.7378 0.8661, -0.808 -0.7378 0.0, -0.8925 -0.6328 0.8661, -0.8925 -0.6328 0.0, -0.9634 -0.5182 0.8661, -0.9634 -0.5182 0.0, -1.0198 -0.3958 0.8661, -1.0198 -0.3958 0.0, -1.0606 -0.2674 0.8661, -1.0606 -0.2674 0.0, -1.0854 -0.1349 0.8661, -1.0854 -0.1349 0.0, -1.0937 -0.0004 0.8661, -1.0937 -0.0004 0.0, -1.0854 0.1341 0.8661, -1.0854 0.1341 0.0, -1.0606 0.2665 0.8661, -1.0606 0.2665 0.0, -1.0198 0.3949 0.8661, -1.0198 0.3949 0.0, -0.9634 0.5174 0.8661, -0.9634 0.5174 0.0, -0.8925 0.6319 0.8661, -0.8925 0.6319 0.0, -0.808 0.7369 0.8661, -0.808 0.7369 0.0, -0.7113 0.8307 0.8661, -0.7113 0.8307 0.0, -0.6037 0.9119 0.8661, -0.6037 0.9119 0.0, 0.0066 -0.3252 0.8555, 0.0009 -0.3248 0.8551, 0.0008 -0.3252 0.8661, -0.1906 -0.2628 0.5245, -0.2012 -0.2538 0.5234, -0.2013 -0.2539 0.5456, -0.2857 -0.1535 0.513, -0.2911 -0.1411 0.5119, -0.2913 -0.1411 0.5341, -0.2963 -0.1317 0.5332, -0.2987 0.1252 0.4909, -0.2911 0.1401 0.4896, -0.2914 0.1403 0.5117, -0.2891 0.146 0.5112, -0.0904 0.3113 0.4687, -0.0713 0.3154 0.4672, -0.0714 0.3161 0.4894, 0.3175 -0.0725 0.4166, 0.3175 -0.0727 0.4166, 0.3167 -0.0725 0.4387, 0.1433 -0.2923 0.3941, 0.1417 -0.293 0.394, 0.1414 -0.2924 0.4162, 0.0028 -0.3252 0.3828, 0.0008 -0.3251 0.3826, 0.0008 -0.3244 0.4048, -0.0142 -0.3249 0.4036, -0.2499 -0.2069 0.3607, -0.2528 -0.2027 0.3603, -0.2526 -0.2025 0.3824, -0.0087 0.3242 0.3046, 0.0008 0.3238 0.3039, 0.0008 0.3242 0.326, 0.0039 0.3244 0.3258, -0.0723 0.316 0.1523, -0.0714 0.3162 0.1522, -0.0714 0.316 0.1744, 0.2392 0.2202 -0.3465, 0.254 0.2015 -0.3484, 0.2547 0.202 -0.3262, 0.3256 -0.0004 -0.3654, 0.3248 -0.0004 -0.3432, 0.3223 0.0463 -0.362, 0.3248 0.0233 -0.3416, 0.3166 0.0717 -0.36, 0.3179 0.0701 -0.338, 0.3174 0.0718 -0.3379, 0.3118 0.0933 -0.3583, 0.2942 0.139 -0.3544, 0.3039 0.1165 -0.3342, 0.2934 0.1404 -0.3543, 0.2926 0.1401 -0.3321, 0.2697 0.1818 -0.3504, 0.2828 0.1608 -0.3302, 0.2553 0.2014 -0.3263, 0.2028 0.2528 -0.3206, 0.2033 0.2535 -0.3427, 0.2039 0.2531 -0.3428, 0.2225 0.237 -0.3225, 0.1653 0.2797 -0.3393, 0.1855 0.2668 -0.3189, 0.1414 0.2915 -0.3374, 0.1457 0.2903 -0.3156, 0.1416 0.2919 -0.3153, 0.1234 0.3004 -0.3359, 0.0776 0.3152 -0.3322, 0.102 0.3082 -0.312, 0.0731 0.3159 -0.3319, 0.0729 0.3154 -0.3097, 0.055 0.3198 -0.3083, 0.0293 0.3231 -0.3283, 0.0008 0.3235 -0.326, 0.0062 0.3243 -0.3043, 0.0008 0.324 -0.3039, -0.02 0.3237 -0.3244, -0.0686 0.3169 -0.3204, -0.0427 0.3214 -0.3004, -0.0713 0.3154 -0.298, -0.0714 0.316 -0.3202, -0.0902 0.3114 -0.2965, -0.1149 0.3031 -0.3167, -0.1348 0.2947 -0.2929, -0.1397 0.2915 -0.3147, -0.1399 0.2919 -0.2925, -0.1575 0.2832 -0.3133, -0.1753 0.2725 -0.2896, -0.1965 0.2576 -0.3099, -0.2012 0.2529 -0.2872, -0.2014 0.2532 -0.3094, -0.213 0.2441 -0.2861, -0.2324 0.2256 -0.3062, -0.2469 0.2097 -0.2823, -0.2525 0.2015 -0.3037, -0.2526 0.2017 -0.2815, -0.2637 0.188 -0.3023, -0.2756 0.17 -0.2784, -0.2892 0.1458 -0.2983, -0.2911 0.1401 -0.2757, -0.2914 0.1404 -0.2978, -0.2982 0.1265 -0.2744, -0.3079 0.1005 -0.2944, -0.3138 0.0804 -0.2706, -0.315 0.0716 -0.2921, -0.3153 0.0718 -0.2699, -0.3195 0.0535 -0.2906, -0.3222 0.0335 -0.267, -0.3239 0.0067 -0.2872, -0.3233 -0.0004 -0.2645, -0.3235 -0.0004 -0.2867, -0.3237 -0.0128 -0.2636, -0.3216 -0.0399 -0.2838, -0.3186 -0.0595 -0.2601, -0.3151 -0.0726 -0.2813, -0.3151 -0.0725 -0.2591, -0.3122 -0.087 -0.2801, -0.3063 -0.1062 -0.2564, -0.2957 -0.133 -0.2763, -0.2912 -0.1411 -0.2533, -0.2913 -0.1411 -0.2755, -0.2869 -0.1511 -0.2525, -0.2722 -0.1763 -0.2723, -0.2609 -0.1927 -0.2485, -0.2525 -0.2024 -0.2696, -0.2526 -0.2025 -0.2475, -0.2426 -0.2155 -0.2683, -0.2293 -0.2297 -0.2446, -0.2079 -0.2493 -0.2646, -0.2013 -0.2539 -0.2418, -0.2014 -0.254 -0.264, -0.1932 -0.2609 -0.241, -0.1697 -0.2769 -0.2611, -0.1541 -0.2859 -0.2377, -0.1398 -0.2925 -0.2587, -0.1398 -0.2924 -0.2365, -0.1284 -0.2984 -0.2577, -0.1113 -0.3052 -0.2342, -0.0832 -0.3142 -0.2541, -0.0713 -0.3167 -0.231, -0.0713 -0.3164 -0.2531, -0.065 -0.3185 -0.2305, -0.0351 -0.3232 -0.2502, -0.0166 -0.3248 -0.2265, 0.0009 -0.3245 -0.2473, 0.0008 -0.3244 -0.2251, 0.0141 -0.325 -0.2462, 0.0325 -0.3237 -0.2226, 0.0629 -0.3192 -0.2423, 0.073 -0.3166 -0.2193, 0.0729 -0.3165 -0.2415, 0.0805 -0.3153 -0.2187, 0.1096 -0.3065 -0.2385, 0.1259 -0.3002 -0.215, 0.1415 -0.2925 -0.2359, 0.1414 -0.2924 -0.2138, 0.1529 -0.2875 -0.235, 0.1674 -0.2793 -0.2117, 0.1923 -0.2628 -0.2317, 0.2032 -0.2542 -0.2085, 0.2029 -0.2538 -0.2306, 0.2057 -0.2524 -0.2082, 0.2288 -0.2318 -0.228, 0.2407 -0.2194 -0.2045, 0.2543 -0.2025 -0.225, 0.2541 -0.2024 -0.2028, 0.2609 -0.195 -0.2242, 0.2708 -0.181 -0.2006, 0.2873 -0.1534 -0.2202, 0.2933 -0.1412 -0.1969, 0.2928 -0.1411 -0.2191, 0.2949 -0.1382 -0.1966, 0.3071 -0.1084 -0.2162, 0.3123 -0.0926 -0.1928, 0.3169 -0.0725 -0.2133, 0.3166 -0.0725 -0.1912, 0.3198 -0.0616 -0.2125, 0.3224 -0.0458 -0.1891, 0.3253 -0.0147 -0.2089, 0.3256 -0.0004 -0.1858, 0.3249 -0.0004 -0.2079, 0.3256 0.0007 -0.1857, 0.324 0.0318 -0.2056, 0.3221 0.0472 -0.1823, 0.317 0.0718 -0.2025, 0.3166 0.0717 -0.1804, 0.3158 0.0789 -0.202, 0.3116 0.094 -0.1786, 0.3004 0.1252 -0.1981, 0.2939 0.1395 -0.1747, 0.2927 0.1401 -0.1968, 0.2934 0.1405 -0.1746, 0.2779 0.1691 -0.1941, 0.2695 0.1821 -0.1707, 0.2543 0.2018 -0.1909, 0.2541 0.2015 -0.1687, 0.2491 0.2089 -0.1902, 0.2391 0.2203 -0.1668, 0.2152 0.2436 -0.1864, 0.204 0.253 -0.1631, 0.2029 0.2529 -0.1852, 0.2033 0.2535 -0.1631, 0.1774 0.2722 -0.1829, 0.1655 0.2795 -0.1597, 0.1416 0.2919 -0.1799, 0.1414 0.2915 -0.1578, 0.1367 0.2946 -0.1795, 0.1238 0.3002 -0.1563, 0.092 0.3113 -0.1759, 0.0782 0.315 -0.1526, 0.0729 0.3154 -0.1744, 0.073 0.3159 -0.1522, 0.0443 0.3215 -0.1721, 0.0302 0.3231 -0.1488, 0.0008 0.324 -0.1686, 0.0008 0.3235 -0.1464, -0.0049 0.3243 -0.1681, -0.0189 0.3238 -0.1448, -0.0539 0.3197 -0.1641, -0.0673 0.3171 -0.1409, -0.0712 0.3154 -0.1627, -0.0714 0.316 -0.1406, -0.101 0.308 -0.1603, -0.1135 0.3036 -0.1372, -0.14 0.2919 -0.1572, -0.1398 0.2915 -0.135, -0.1448 0.2899 -0.1568, -0.156 0.284 -0.1337, -0.1848 0.2661 -0.1535, -0.195 0.2587 -0.1304, -0.2011 0.2528 -0.1519, -0.2013 0.2531 -0.1297, -0.2218 0.2361 -0.1499, -0.2309 0.2272 -0.1267, -0.253 0.202 -0.1462, -0.2525 0.2016 -0.124, -0.2546 0.2001 -0.146, -0.2623 0.19 -0.1228, -0.282 0.1592 -0.1421, -0.288 0.1481 -0.1189, -0.291 0.1401 -0.1404, -0.2913 0.1403 -0.1182, -0.3029 0.1147 -0.1381, -0.307 0.1031 -0.115, -0.0685 0.3169 0.1742, -0.0238 0.3234 0.1484, -0.0201 0.3237 0.1703, -0.3156 0.0718 -0.1346, -0.3151 0.0717 -0.1124, -0.3167 0.068 -0.1343, -0.319 0.0564 -0.1112, -0.3233 0.021 -0.1307, -0.3238 0.0097 -0.1077, -0.3231 -0.0004 -0.1292, -0.3234 -0.0004 -0.107, -0.323 -0.0255 -0.1274, -0.322 -0.0366 -0.1044, -0.3159 -0.0725 -0.1238, -0.3152 -0.0726 -0.1016, -0.3158 -0.0727 -0.1238, -0.3132 -0.0835 -0.1008, -0.3015 -0.119 -0.12, -0.2972 -0.1295 -0.0969, -0.291 -0.1409 -0.118, -0.2912 -0.141 -0.0959, -0.2801 -0.1634 -0.116, -0.2744 -0.1729 -0.0929, -0.253 -0.2029 -0.1122, -0.2526 -0.2025 -0.09, -0.2523 -0.204 -0.1121, -0.2454 -0.2123 -0.089, -0.219 -0.2395 -0.1082, -0.2112 -0.2464 -0.0853, -0.2011 -0.2537 -0.1065, -0.2013 -0.2538 -0.0843, -0.1818 -0.2691 -0.1046, -0.1735 -0.2745 -0.0818, -0.1416 -0.2923 -0.1013, -0.1399 -0.2926 -0.079, -0.1401 -0.293 -0.1012, -0.1327 -0.2965 -0.0784, -0.0974 -0.31 -0.0978, -0.088 -0.3128 -0.0748, -0.0712 -0.3162 -0.0956, -0.0713 -0.3163 -0.0735, -0.0501 -0.3212 -0.0939, -0.0404 -0.3226 -0.071, -0.0011 -0.3252 -0.09, 0.0009 -0.3247 -0.0677, 0.0008 -0.3251 -0.0898, 0.0086 -0.3251 -0.067, 0.0481 -0.3218 -0.086, 0.0573 -0.3203 -0.0631, 0.0729 -0.3162 -0.084, 0.0729 -0.3163 -0.0618, 0.0956 -0.3111 -0.0822, 0.1042 -0.3084 -0.0593, 0.14 -0.2939 -0.0786, 0.1416 -0.2927 -0.0563, 0.1417 -0.2929 -0.0784, 0.1477 -0.2901 -0.0558, 0.1804 -0.271 -0.0753, 0.1874 -0.2663 -0.0525, 0.2028 -0.2537 -0.0731, 0.2028 -0.2537 -0.051, 0.218 -0.242 -0.0717, 0.2242 -0.2363 -0.0489, 0.2516 -0.2069 -0.0679, 0.2546 -0.2028 -0.0453, 0.2545 -0.2027 -0.0675, 0.2568 -0.2004 -0.0451, 0.2799 -0.1666 -0.0639, 0.284 -0.1595 -0.0411, 0.2927 -0.1409 -0.0616, 0.2926 -0.141 -0.0395, 0.3018 -0.1225 -0.06, 0.3047 -0.1151 -0.0372, 0.3167 -0.0761 -0.0561, 0.3172 -0.0726 -0.0337, 0.3173 -0.0727 -0.0558, 0.3184 -0.0687 -0.0334, 0.3244 -0.029 -0.0525, 0.3249 -0.0219 -0.0298, 0.3248 -0.0004 -0.0505, 0.3248 -0.0004 -0.0283, 0.3251 0.0174 -0.0492, 0.3247 0.0244 -0.0265, 0.3191 0.0644 -0.0457, 0.3176 0.0713 -0.0229, 0.317 0.0717 -0.0451, 0.3174 0.0718 -0.0229, 0.3059 0.1111 -0.0418, 0.3034 0.1176 -0.0191, 0.2927 0.1401 -0.0393, 0.2926 0.1401 -0.0171, 0.2855 0.1559 -0.0379, 0.2822 0.1618 -0.0152, 0.2586 0.1972 -0.0339, 0.2548 0.2021 -0.0112, 0.2545 0.2018 -0.0334, 0.2546 0.2023 -0.0112, 0.2261 0.2336 -0.0301, 0.2216 0.2378 -0.0074, 0.2028 0.2529 -0.0278, 0.2028 0.2528 -0.0056, 0.1893 0.2641 -0.0264, 0.1846 0.2674 -0.0038, 0.1497 0.2883 -0.0231, 0.1447 0.2908 -0.0005, 0.1415 0.2917 -0.0225, 0.1417 0.292 -0.0003, 0.1061 0.3068 -0.0196, 0.1009 0.3086 0.003, 0.0729 0.3155 -0.0169, 0.0729 0.3154 0.0053, 0.0592 0.3191 -0.0158, 0.0538 0.32 0.0068, 0.0103 0.3242 -0.0119, 0.005 0.3243 0.0107, 0.0009 0.3238 -0.0111, 0.0008 0.3241 0.0111, -0.0389 0.3219 -0.0079, -0.0439 0.3213 0.0147, -0.0713 0.3154 -0.0053, -0.0713 0.3154 0.0169, -0.0868 0.3123 -0.004, -0.0913 0.311 0.0185, -0.1318 0.2961 -0.0004, -0.1358 0.2942 0.0221, -0.1398 0.2917 0.0003, -0.14 0.2919 0.0225, -0.1728 0.2741 0.003, -0.1763 0.2718 0.0254, -0.2013 0.253 0.0056, -0.2012 0.2529 0.0278, -0.2108 0.246 0.0065, -0.2139 0.2433 0.029, -0.2451 0.2118 0.0102, -0.2476 0.2088 0.0327, -0.2525 0.2017 0.0113, -0.2527 0.2018 0.0334, -0.2743 0.1723 0.0142, -0.2763 0.169 0.0367, -0.2912 0.1402 0.0171, -0.2911 0.1401 0.0393, -0.2972 0.1287 0.0182, -0.2986 0.1254 0.0406, -0.3132 0.0825 0.022, -0.314 0.0793 0.0445, -0.3152 0.0717 0.0229, -0.3154 0.0718 0.0451, -0.322 0.0354 0.0257, -0.3223 0.0324 0.0481, -0.3234 -0.0004 0.0283, -0.3233 -0.0004 0.0504, -0.3238 -0.0111 0.029, -0.3237 -0.0139 0.0514, -0.3188 -0.058 0.0325, -0.3183 -0.0607 0.0549, -0.3151 -0.0725 0.0337, -0.3152 -0.0725 0.0559, -0.3067 -0.1049 0.0363, -0.3059 -0.1073 0.0587, -0.2913 -0.1411 0.0395, -0.2912 -0.1411 0.0616, -0.2874 -0.1501 0.0402, -0.2864 -0.1521 0.0626, -0.2615 -0.192 0.0442, -0.2602 -0.1937 0.0666, -0.2525 -0.2025 0.0453, -0.2526 -0.2025 0.0675, -0.2298 -0.2292 0.0481, -0.2284 -0.2305 0.0704, -0.2013 -0.2539 0.051, -0.2013 -0.2539 0.0732, -0.1936 -0.2606 0.0518, -0.1923 -0.2616 0.0741, -0.1543 -0.2858 0.0551, -0.1531 -0.2864 0.0774, -0.1398 -0.2924 0.0563, -0.1398 -0.2924 0.0785, -0.1114 -0.3052 0.0586, -0.1103 -0.3056 0.0809, -0.0713 -0.3167 0.0618, -0.0713 -0.3166 0.084, -0.0649 -0.3185 0.0623, -0.0639 -0.3187 0.0846, -0.0162 -0.3248 0.0663, -0.0154 -0.3248 0.0885, 0.0008 -0.3244 0.0677, 0.0008 -0.3244 0.0898, 0.033 -0.3236 0.0703, 0.0337 -0.3236 0.0925, 0.073 -0.3166 0.0735, 0.073 -0.3166 0.0957, 0.0812 -0.3151 0.0742, 0.0816 -0.315 0.0964, 0.1267 -0.2998 0.0778, 0.1269 -0.2997 0.1, 0.1414 -0.2924 0.079, 0.1414 -0.2924 0.1012, 0.1683 -0.2787 0.0812, 0.1684 -0.2787 0.1034, 0.2032 -0.2541 0.0843, 0.2032 -0.2541 0.1065, 0.2068 -0.2516 0.0846, 0.2066 -0.2517 0.1068, 0.2417 -0.2183 0.0884, 0.2415 -0.2186 0.1105, 0.2541 -0.2024 0.09, 0.2541 -0.2024 0.1122, 0.2718 -0.1795 0.0923, 0.2715 -0.18 0.1144, 0.2931 -0.1412 0.0959, 0.2932 -0.1412 0.118, 0.2958 -0.1364 0.0963, 0.2954 -0.1372 0.1184, 0.3129 -0.0905 0.1002, 0.3126 -0.0915 0.1223, 0.3167 -0.0725 0.1016, 0.3167 -0.0725 0.1238, 0.3228 -0.0435 0.1039, 0.3226 -0.0447 0.126, 0.3254 -0.0004 0.107, 0.3255 -0.0004 0.1292, 0.3256 0.0031 0.1073, 0.3256 0.0018 0.1294, 0.3217 0.0499 0.1107, 0.3219 0.0484 0.1328, 0.3166 0.0716 0.1124, 0.3166 0.0717 0.1346, 0.3107 0.0969 0.1144, 0.3113 0.0951 0.1365, 0.2933 0.1404 0.1182, 0.2935 0.1405 0.1404, 0.2925 0.1425 0.1184, 0.2934 0.1406 0.1404, 0.2675 0.185 0.1223, 0.2688 0.1831 0.1443, 0.2541 0.2015 0.124, 0.2541 0.2015 0.1462, 0.2366 0.223 0.1263, 0.2383 0.2212 0.1482, 0.2032 0.2534 0.1297, 0.2033 0.2535 0.1519, 0.201 0.2553 0.13, 0.2031 0.2537 0.1519, 0.1622 0.2815 0.1334, 0.1645 0.2801 0.1553, 0.1414 0.2914 0.135, 0.1414 0.2915 0.1572, 0.1199 0.3018 0.1368, 0.1227 0.3006 0.1587, 0.0739 0.316 0.1405, 0.0771 0.3153 0.1624, 0.0731 0.3162 0.1406, 0.0731 0.316 0.1627, 0.0255 0.3234 0.1444, 0.029 0.3232 0.1663, 0.0008 0.3234 0.1464, 0.0008 0.3235 0.1686, -0.1183 0.3017 0.156, -0.1146 0.3032 0.1779, -0.1397 0.2914 0.1578, -0.1398 0.2915 0.1799, -0.1606 0.2814 0.1594, -0.157 0.2835 0.1813, -0.1994 0.2553 0.1628, -0.1959 0.258 0.1847, -0.2015 0.2534 0.1631, -0.2014 0.2532 0.1852, -0.235 0.2229 0.1665, -0.2317 0.2263 0.1883, -0.2524 0.2015 0.1687, -0.2525 0.2016 0.1909, -0.2659 0.1849 0.1704, -0.263 0.189 0.1922, -0.2909 0.1424 0.1744, -0.2886 0.1471 0.1962, -0.2917 0.1404 0.1746, -0.2914 0.1403 0.1968, -0.3091 0.0969 0.1784, -0.3074 0.102 0.2001, -0.315 0.0716 0.1804, -0.315 0.0717 0.2025, -0.3201 0.0499 0.1821, -0.3192 0.0553 0.2038, -0.324 0.0031 0.1855, -0.3239 0.0086 0.2073, -0.3237 -0.0004 0.1858, -0.3235 -0.0004 0.2079, -0.3211 -0.0435 0.1889, -0.3218 -0.0378 0.2106, -0.315 -0.0725 0.1912, -0.3152 -0.0726 0.2133, -0.3112 -0.0906 0.1926, -0.3129 -0.0846 0.2143, -0.2941 -0.1365 0.1965, -0.2968 -0.1306 0.2181, -0.2915 -0.1412 0.1969, -0.2912 -0.141 0.2191, -0.2701 -0.1795 0.2005, -0.2738 -0.1739 0.2221, -0.2524 -0.2024 0.2028, -0.2525 -0.2025 0.225, -0.2401 -0.2183 0.2044, -0.2446 -0.2132 0.226, -0.2051 -0.2516 0.2081, -0.2104 -0.2472 0.2298, -0.2015 -0.2541 0.2085, -0.2013 -0.2539 0.2306, -0.1667 -0.2787 0.2116, -0.1725 -0.2751 0.2333, -0.1398 -0.2924 0.2138, -0.1398 -0.2926 0.2359, -0.125 -0.2998 0.215, -0.1317 -0.297 0.2366, -0.0795 -0.3151 0.2186, -0.0869 -0.3132 0.2402, -0.0714 -0.3166 0.2193, -0.0713 -0.3163 0.2415, -0.0313 -0.3236 0.2225, -0.0392 -0.3228 0.2441, 0.0008 -0.3244 0.2251, 0.0009 -0.3247 0.2473, 0.0179 -0.3248 0.2265, 0.0098 -0.3251 0.248, 0.0666 -0.3185 0.2305, 0.0585 -0.3201 0.252, 0.073 -0.3167 0.231, 0.0729 -0.3163 0.2531, 0.1131 -0.3052 0.2342, 0.1053 -0.308 0.2557, 0.1414 -0.2924 0.2365, 0.1416 -0.2926 0.2587, 0.156 -0.2858 0.2377, 0.1487 -0.2896 0.2593, 0.1953 -0.2606 0.241, 0.1883 -0.2657 0.2626, 0.2029 -0.2539 0.2418, 0.2028 -0.2537 0.264, 0.2314 -0.2291 0.2447, 0.225 -0.2355 0.2662, 0.2542 -0.2025 0.2475, 0.2545 -0.2027 0.2696, 0.2575 -0.1994 0.27, 0.2632 -0.1919 0.2486, 0.2846 -0.1585 0.274, 0.2891 -0.15 0.2526, 0.2929 -0.1411 0.2533, 0.2927 -0.141 0.2755, 0.3084 -0.1049 0.2565, 0.3051 -0.114 0.2779, 0.3167 -0.0725 0.2591, 0.3172 -0.0726 0.2813, 0.3205 -0.058 0.2603, 0.3186 -0.0676 0.2817, 0.3255 -0.0111 0.2638, 0.325 -0.0207 0.2852, 0.325 -0.0004 0.2645, 0.3248 -0.0004 0.2867, 0.3236 0.0354 0.2671, 0.3246 0.0255 0.2885, 0.3169 0.0717 0.2699, 0.3174 0.0718 0.2921, 0.3174 0.0724 0.2921, 0.3149 0.0825 0.2707, 0.303 0.1187 0.2959, 0.2989 0.1287 0.2746, 0.2928 0.1402 0.2757, 0.2926 0.1401 0.2978, 0.2759 0.1723 0.2786, 0.2816 0.1628 0.2999, 0.2542 0.2017 0.2815, 0.2547 0.202 0.3037, 0.2467 0.2118 0.2825, 0.2539 0.2032 0.3038, 0.2124 0.246 0.2863, 0.2208 0.2386 0.3076, 0.203 0.253 0.2872, 0.2028 0.2528 0.3094, 0.1744 0.2741 0.2898, 0.1837 0.268 0.3112, 0.1415 0.2917 0.2925, 0.1437 0.2913 0.3145, 0.1417 0.2921 0.3147, 0.1334 0.2961 0.2932, 0.0998 0.3089 0.3181, 0.0527 0.3202 0.3219, 0.0405 0.3219 0.3007, 0.0729 0.3154 0.3202, 0.0729 0.3154 0.298, 0.0884 0.3124 0.2968, -0.1045 0.3068 0.3124, -0.1368 0.2938 0.3372, -0.1399 0.2917 0.3152, -0.14 0.292 0.3374, -0.148 0.2883 0.3159, -0.0576 0.3191 0.3086, -0.0451 0.3211 0.3298, -0.0713 0.3155 0.3097, -0.0713 0.3154 0.3319, -0.0925 0.3107 0.3336, -0.1877 0.264 0.3192, -0.1772 0.2712 0.3405, -0.2012 0.2529 0.3206, -0.2012 0.2529 0.3427, -0.2245 0.2335 0.3229, -0.2147 0.2425 0.344, -0.2528 0.2018 0.3262, -0.2484 0.2079 0.3478, -0.2527 0.2018 0.3484, -0.257 0.1971 0.3267, -0.2769 0.168 0.3517, -0.2839 0.1559 0.3307, -0.3042 0.1111 0.3346, -0.3143 0.0782 0.3595, -0.3154 0.0717 0.3378, -0.3154 0.0718 0.36, -0.3174 0.0644 0.3384, -0.291 0.1401 0.3321, -0.291 0.1401 0.3543, -0.2991 0.1243 0.3557, -0.3235 0.0174 0.342, -0.3224 0.0313 0.3631, -0.3232 -0.0004 0.3433, -0.3233 -0.0004 0.3654, -0.3227 -0.0291 0.3453, -0.3236 -0.015 0.3665, -0.3156 -0.0727 0.3486, -0.3181 -0.0618 0.3699, -0.3152 -0.0725 0.3708, -0.315 -0.0762 0.3489, -0.3001 -0.1226 0.3528, -0.3055 -0.1084 0.3737, -0.291 -0.1409 0.3544, -0.2911 -0.1411 0.3766, -0.2782 -0.1667 0.3567, -0.2858 -0.1532 0.3777, -0.2595 -0.1946 0.3816, -0.2163 -0.242 0.3645, -0.2276 -0.2313 0.3855, -0.2012 -0.2537 0.3659, -0.2012 -0.2538 0.3881, -0.1788 -0.2711 0.3681, -0.1913 -0.2623 0.3891, -0.14 -0.2929 0.3712, -0.1521 -0.287 0.3924, -0.1398 -0.2924 0.3934, -0.1383 -0.2939 0.3714, -0.0939 -0.3111 0.375, -0.1092 -0.306 0.3959, -0.0712 -0.3162 0.3768, -0.0713 -0.3166 0.399, -0.0627 -0.3189 0.3997, -0.0464 -0.3218 0.3788, 0.0518 -0.3212 0.3867, 0.0349 -0.3234 0.4075, 0.0729 -0.3162 0.3884, 0.073 -0.3165 0.4106, 0.0991 -0.31 0.3906, 0.0828 -0.3147 0.4114, 0.128 -0.2993 0.4151, 0.2207 -0.2395 0.401, 0.2028 -0.2537 0.3993, 0.2075 -0.251 0.4219, 0.1834 -0.269 0.3974, 0.1693 -0.2781 0.4184, 0.2031 -0.2541 0.4215, 0.254 -0.2039 0.4048, 0.2423 -0.2177 0.4256, 0.2547 -0.2029 0.405, 0.2541 -0.2024 0.4271, 0.2818 -0.1633 0.4088, 0.2721 -0.179 0.4295, 0.2926 -0.1409 0.4108, 0.2931 -0.1412 0.433, 0.3032 -0.119 0.4128, 0.2959 -0.1361 0.4335, 0.3129 -0.0904 0.4373, 0.3249 0.021 0.4235, 0.3248 -0.0004 0.422, 0.3256 0.0029 0.4444, 0.3247 -0.0254 0.4202, 0.3228 -0.0435 0.441, 0.3254 -0.0004 0.4442, 0.2541 0.2015 0.4612, 0.2546 0.202 0.439, 0.2563 0.2002 0.4388, 0.3183 0.0681 0.4271, 0.3218 0.0495 0.4478, 0.3172 0.0718 0.4274, 0.3166 0.0716 0.4496, 0.3045 0.1147 0.4309, 0.3109 0.0963 0.4515, 0.2926 0.1401 0.4332, 0.2934 0.1405 0.4553, 0.2837 0.1593 0.4349, 0.2929 0.1417 0.4554, 0.2682 0.1841 0.4594, 0.2234 0.2361 0.4427, 0.2375 0.222 0.4633, 0.2028 0.2528 0.4447, 0.2033 0.2534 0.4669, 0.1864 0.2662 0.4463, 0.2022 0.2544 0.467, 0.1464 0.2899 0.4496, 0.1636 0.2807 0.4704, 0.1416 0.2919 0.45, 0.1414 0.2915 0.4722, 0.1026 0.308 0.4531, 0.1217 0.3011 0.4738, 0.0729 0.3154 0.4555, 0.076 0.3156 0.4775, 0.0731 0.316 0.4777, 0.0555 0.3197 0.4569, 0.0065 0.3243 0.4609, 0.0278 0.3233 0.4813, 0.0009 0.324 0.4614, 0.0008 0.3235 0.4835, -0.0427 0.3214 0.4649, -0.0213 0.3236 0.4853, -0.0696 0.3166 0.4892, -0.1397 0.2915 0.4949, -0.1399 0.2919 0.4727, -0.1351 0.2946 0.4723, -0.1156 0.3028 0.4929, -0.1758 0.2722 0.4757, -0.158 0.2829 0.4964, -0.2012 0.2529 0.478, -0.1968 0.2573 0.4997, -0.2014 0.2532 0.5002, -0.2136 0.2436 0.4792, -0.2475 0.2089 0.483, -0.2325 0.2255 0.5034, -0.2527 0.2018 0.4837, -0.2525 0.2015 0.5059, -0.2637 0.188 0.5073, -0.2763 0.169 0.4869, -0.315 0.0716 0.5175, -0.3154 0.0718 0.4953, -0.3141 0.0789 0.4948, -0.3078 0.1009 0.5152, -0.3224 0.0318 0.4984, -0.3194 0.0541 0.5189, -0.3233 -0.0004 0.5007, -0.3239 0.0075 0.5223, -0.3235 -0.0004 0.5229, -0.3237 -0.0147 0.5017, -0.3181 -0.0617 0.5052, -0.3217 -0.0389 0.5257, -0.3152 -0.0725 0.5061, -0.3151 -0.0726 0.5283, -0.3126 -0.0858 0.5293, -0.3055 -0.1085 0.509, -0.2525 -0.2025 0.5399, -0.2527 -0.2025 0.5178, -0.2592 -0.195 0.517, -0.2731 -0.1749 0.5372, -0.2271 -0.2318 0.5208, -0.2438 -0.2141 0.5411, -0.2095 -0.2479 0.5448, -0.1512 -0.2875 0.5278, -0.1716 -0.2757 0.5483, -0.1398 -0.2925 0.5287, -0.1398 -0.2926 0.5509, -0.1306 -0.2974 0.5516, -0.1079 -0.3065 0.5313, -0.0713 -0.3165 0.5343, -0.0857 -0.3135 0.5553, -0.0713 -0.3163 0.5564, -0.0612 -0.3192 0.5351, -0.0124 -0.325 0.539, -0.038 -0.3229 0.5591, 0.0008 -0.3245 0.5401, 0.0009 -0.3246 0.5623, 0.0368 -0.3232 0.543, 0.011 -0.3251 0.5631, 0.073 -0.3164 0.5459, 0.0596 -0.3199 0.567, 0.0729 -0.3164 0.5681, 0.0849 -0.3142 0.5469, 0.1301 -0.2984 0.5505, 0.1892 -0.265 0.5776, 0.1714 -0.2768 0.5539, 0.1497 -0.2891 0.5743, 0.1414 -0.2925 0.5515, 0.1415 -0.2926 0.5736, 0.1064 -0.3076 0.5708, -0.1399 -0.2928 0.8437, -0.1757 -0.2731 0.8408, -0.1706 -0.2763 0.8634, 0.2031 -0.254 0.5568, 0.2028 -0.2537 0.5789, 0.2096 -0.2492 0.5574, 0.2258 -0.2347 0.5812, 0.2443 -0.2155 0.5611, 0.2545 -0.2027 0.5846, 0.2541 -0.2024 0.5624, 0.2583 -0.1985 0.5851, 0.2739 -0.1763 0.5651, 0.2851 -0.1575 0.589, 0.293 -0.1411 0.5683, 0.2927 -0.141 0.5905, 0.2974 -0.133 0.5691, 0.3055 -0.1129 0.593, 0.3139 -0.0869 0.5729, 0.3171 -0.0726 0.5962, 0.3167 -0.0726 0.5741, 0.3189 -0.0664 0.5967, 0.3232 -0.0399 0.5766, 0.3251 -0.0196 0.6003, 0.3252 -0.0004 0.5795, 0.3248 -0.0004 0.6016, 0.3256 0.0067 0.58, 0.3245 0.0266 0.6036, 0.3211 0.0536 0.5834, 0.3174 0.0718 0.607, 0.3167 0.0716 0.5849, 0.3171 0.0735 0.6072, 0.3096 0.1005 0.5872, 0.3026 0.1198 0.611, 0.2931 0.1403 0.5906, 0.2926 0.1401 0.6128, 0.2908 0.1459 0.5911, 0.281 0.1638 0.6149, 0.2653 0.1881 0.5951, 0.2546 0.202 0.6187, 0.2541 0.2015 0.5965, 0.2531 0.2041 0.6189, 0.234 0.2257 0.599, 0.2199 0.2394 0.6227, 0.2031 0.2532 0.6022, 0.2028 0.2528 0.6243, 0.1981 0.2576 0.6027, 0.1827 0.2687 0.6262, 0.1591 0.2832 0.606, 0.1427 0.2918 0.6295, 0.1414 0.2915 0.6075, 0.1417 0.2921 0.6296, 0.1165 0.3031 0.6095, 0.0987 0.3093 0.6331, 0.073 0.316 0.613, 0.0729 0.3154 0.6352, 0.0702 0.3169 0.6132, 0.0515 0.3204 0.6369, 0.0217 0.3237 0.6172, 0.0027 0.3244 0.6409, 0.0008 0.3235 0.6188, 0.0008 0.3242 0.641, -0.0276 0.3231 0.6211, -0.0462 0.3209 0.6448, -0.0714 0.3159 0.6247, -0.0713 0.3154 0.6468, -0.076 0.3152 0.625, -0.0936 0.3104 0.6486, -0.1217 0.3004 0.6287, -0.1378 0.2933 0.6522, -0.1397 0.2915 0.6302, -0.14 0.2921 0.6524, -0.1637 0.2797 0.6321, -0.1782 0.2706 0.6555, -0.2017 0.2535 0.6355, -0.2012 0.2529 0.6577, -0.2023 0.253 0.6356, -0.2156 0.2418 0.659, -0.2376 0.2202 0.6393, -0.2492 0.207 0.6628, -0.2524 0.2015 0.6412, -0.2528 0.2018 0.6633, -0.2681 0.1818 0.6432, -0.2775 0.167 0.6668, -0.2917 0.1404 0.647, -0.291 0.1401 0.6692, -0.2925 0.139 0.6472, -0.2995 0.1232 0.6707, -0.3102 0.0933 0.6511, -0.3146 0.077 0.6746, -0.315 0.0717 0.6528, -0.3155 0.0718 0.675, -0.3206 0.0462 0.6548, -0.3225 0.0301 0.6782, -0.324 -0.0004 0.6582, -0.3232 -0.0004 0.6804, -0.324 -0.0005 0.6582, -0.3236 -0.0161 0.6815, -0.3206 -0.0472 0.6616, -0.3179 -0.0629 0.685, -0.315 -0.0725 0.6636, -0.3153 -0.0725 0.6858, -0.3101 -0.0942 0.6653, -0.3051 -0.1095 0.6888, -0.2925 -0.1399 0.6692, -0.2911 -0.141 0.6915, -0.2917 -0.1413 0.6694, -0.2852 -0.1542 0.6927, -0.268 -0.1827 0.6732, -0.2588 -0.1956 0.6967, -0.2524 -0.2024 0.6752, -0.2527 -0.2026 0.6974, -0.2375 -0.2211 0.6771, -0.2268 -0.2321 0.7005, -0.2022 -0.2539 0.6809, -0.2012 -0.2538 0.7031, -0.2017 -0.2543 0.6809, -0.1904 -0.263 0.7041, -0.1636 -0.2805 0.6843, -0.1511 -0.2875 0.7075, -0.1397 -0.2923 0.6862, -0.1398 -0.2925 0.7084, -0.1217 -0.3012 0.6877, -0.1081 -0.3064 0.7109, -0.0759 -0.316 0.6914, -0.0713 -0.3165 0.7139, -0.0714 -0.3168 0.6917, -0.0616 -0.3192 0.7147, -0.0276 -0.324 0.6953, -0.013 -0.3249 0.7186, 0.0008 -0.3243 0.6976, 0.0008 -0.3245 0.7197, 0.0217 -0.3246 0.6993, 0.036 -0.3233 0.7226, 0.0703 -0.3177 0.7032, 0.073 -0.3165 0.7256, 0.073 -0.3169 0.7034, 0.0839 -0.3144 0.7265, 0.1166 -0.3039 0.7069, 0.129 -0.2989 0.7301, 0.1414 -0.2923 0.7089, 0.1414 -0.2924 0.7311, 0.1592 -0.284 0.7104, 0.1703 -0.2775 0.7334, 0.1982 -0.2584 0.7137, 0.2031 -0.254 0.7364, 0.2031 -0.2541 0.7142, 0.2084 -0.2502 0.7369, 0.2341 -0.2265 0.7174, 0.2431 -0.2168 0.7406, 0.2541 -0.2024 0.7199, 0.2541 -0.2024 0.7421, 0.2654 -0.1888 0.7213, 0.2728 -0.178 0.7446, 0.2909 -0.1466 0.7253, 0.2931 -0.1411 0.748, 0.2931 -0.1412 0.7258, 0.2964 -0.135 0.7485, 0.3096 -0.1013 0.7292, 0.3132 -0.0893 0.7524, 0.3167 -0.0725 0.7315, 0.3167 -0.0725 0.7537, 0.3211 -0.0543 0.733, 0.3229 -0.0424 0.7561, 0.3256 -0.0075 0.7364, 0.3253 -0.0004 0.7591, 0.3252 -0.0004 0.737, 0.3256 0.004 0.7594, 0.3232 0.0391 0.7398, 0.3216 0.0506 0.7629, 0.3167 0.0717 0.7424, 0.3166 0.0716 0.7645, 0.3139 0.0862 0.7435, 0.3106 0.0974 0.7666, 0.2973 0.1322 0.7474, 0.2933 0.1404 0.7703, 0.293 0.1402 0.7481, 0.2924 0.1427 0.7705, 0.2738 0.1755 0.7514, 0.2675 0.185 0.7744, 0.2541 0.2016 0.754, 0.2541 0.2015 0.7761, 0.2442 0.2147 0.7553, 0.2367 0.2229 0.7783, 0.2096 0.2484 0.7591, 0.2032 0.2534 0.7818, 0.2031 0.2531 0.7596, 0.2013 0.2552 0.782, 0.1713 0.276 0.7625, 0.1626 0.2812 0.7854, 0.1414 0.2916 0.765, 0.1414 0.2915 0.7871, 0.13 0.2976 0.7659, 0.1206 0.3015 0.7888, 0.0848 0.3133 0.7695, 0.0748 0.3158 0.7925, 0.073 0.3156 0.7705, 0.0731 0.3161 0.7926, 0.0367 0.3224 0.7734, 0.0266 0.3234 0.7964, 0.0008 0.3236 0.7763, 0.0008 0.3235 0.7985, -0.0125 0.3241 0.7774, -0.0225 0.3235 0.8004, -0.0613 0.3184 0.7813, -0.0708 0.3164 0.8043, -0.0713 0.3156 0.7821, -0.0714 0.3162 0.8043, -0.108 0.3056 0.7851, -0.1167 0.3024 0.808, -0.1398 0.2916 0.7877, -0.1397 0.2915 0.8098, -0.1512 0.2866 0.7886, -0.1589 0.2824 0.8114, -0.1907 0.2619 0.7919, -0.1977 0.2566 0.8148, -0.2012 0.253 0.793, -0.2015 0.2533 0.8152, -0.2272 0.2309 0.7956, -0.2333 0.2247 0.8184, -0.2527 0.2017 0.7987, -0.2524 0.2015 0.8208, -0.2593 0.1941 0.7995, -0.2644 0.1871 0.8223, -0.2857 0.1525 0.8034, -0.2896 0.145 0.8263, -0.2911 0.1402 0.8045, -0.2915 0.1404 0.8267, -0.3055 0.1075 0.8074, -0.3081 0.0997 0.8302, -0.3152 0.0717 0.8103, -0.315 0.0716 0.8325, -0.3182 0.0607 0.8112, -0.3196 0.053 0.8339, -0.3237 0.0138 0.8147, -0.3239 0.0064 0.8374, -0.3233 -0.0004 0.8157, -0.3236 -0.0004 0.8379, -0.3224 -0.0327 0.818, -0.3216 -0.04 0.8407, -0.3154 -0.0726 0.8211, -0.3151 -0.0726 0.8433, -0.3141 -0.0798 0.8216, -0.3123 -0.0869 0.8444, -0.2987 -0.1261 0.8255, -0.2958 -0.1327 0.8483, -0.2911 -0.141 0.8269, -0.2913 -0.1411 0.849, -0.2762 -0.1699 0.8295, -0.2725 -0.1759 0.8522, -0.2527 -0.2026 0.8327, -0.2525 -0.2025 0.8549, -0.2475 -0.2098 0.8334, -0.243 -0.215 0.8561, -0.2135 -0.2445 0.8372, -0.2086 -0.2487 0.8599, -0.2012 -0.2538 0.8384, -0.2014 -0.2539 0.8606, -0.0625 -0.319 0.8661, -0.14 -0.2929 0.8658, -0.1364 -0.2948 0.8661, -0.135 -0.2955 0.8441, -0.1235 -0.3005 0.8661, -0.0903 -0.3122 0.8477, -0.0712 -0.3164 0.8661, -0.0713 -0.3162 0.8492, -0.0426 -0.3223 0.8515, 0.0556 -0.3206 0.8595, 0.0642 -0.319 0.8661, 0.0729 -0.3163 0.8609, 0.0729 -0.3164 0.8661, 0.1027 -0.3088 0.8633, 0.1251 -0.3005 0.8661, 0.138 -0.2948 0.8661, 0.3256 -0.0004 -0.4843, 0.3194 -0.0638 -0.4843, 0.2536 -0.202 -0.4843, 0.2561 -0.2013 -0.3601, 0.2709 -0.1809 -0.4843, 0.2834 -0.1606 -0.3562, 0.2923 -0.1408 -0.4843, 0.2926 -0.141 -0.3544, 0.3009 -0.1247 -0.4843, 0.3043 -0.1162 -0.3522, 0.3168 -0.0725 -0.4843, 0.3173 -0.0726 -0.3486, 0.3181 -0.0698 -0.3484, 0.3248 -0.023 -0.3449, 0.0729 -0.3164 -0.4843, 0.1031 -0.3087 -0.3744, 0.1251 -0.3005 -0.4843, 0.1416 -0.2927 -0.3712, 0.1412 -0.2919 -0.4843, 0.1467 -0.2906 -0.3708, 0.1813 -0.2705 -0.4843, 0.1864 -0.267 -0.3675, 0.2024 -0.2532 -0.4843, 0.2028 -0.2537 -0.3659, 0.2305 -0.2301 -0.4843, 0.2233 -0.2371 -0.3639, 0.2547 -0.2028 -0.3603, 0.0008 -0.3252 -0.4843, 0.0074 -0.3252 -0.3821, 0.0642 -0.319 -0.4843, 0.0562 -0.3205 -0.3781, 0.0729 -0.3163 -0.3768, -0.0712 -0.3164 -0.4843, -0.0713 -0.3163 -0.3884, -0.0625 -0.319 -0.4843, -0.0416 -0.3225 -0.386, 0.0009 -0.3248 -0.3826, -0.2519 -0.202 -0.4843, -0.2461 -0.2114 -0.4041, -0.2288 -0.2301 -0.4843, -0.2121 -0.2457 -0.4003, -0.2007 -0.2532 -0.4843, -0.2013 -0.2538 -0.3993, -0.1796 -0.2705 -0.4843, -0.1744 -0.2739 -0.3968, -0.1395 -0.2919 -0.4843, -0.1399 -0.2927 -0.394, -0.1235 -0.3005 -0.4843, -0.1337 -0.296 -0.3935, -0.0891 -0.3125 -0.3899, -0.3151 -0.0725 -0.4843, -0.3135 -0.0824 -0.4158, -0.2993 -0.1247 -0.4843, -0.2977 -0.1284 -0.412, -0.2907 -0.1408 -0.4843, -0.2911 -0.141 -0.4108, -0.2692 -0.1809 -0.4843, -0.275 -0.1719 -0.408, -0.2526 -0.2026 -0.405, -0.3177 0.0629 -0.4843, -0.3238 0.0108 -0.4228, -0.324 -0.0004 -0.4843, -0.3234 -0.0004 -0.422, -0.3177 -0.0638 -0.4843, -0.3221 -0.0355 -0.4195, -0.3153 -0.0726 -0.4166, -0.2907 0.1399 -0.4843, -0.2913 0.1403 -0.4332, -0.2993 0.1239 -0.4843, -0.3067 0.1042 -0.43, -0.3151 0.0716 -0.4843, -0.3151 0.0717 -0.4274, -0.3188 0.0575 -0.4263, -0.1395 0.2911 -0.4843, -0.1551 0.2845 -0.4488, -0.1796 0.2696 -0.4843, -0.1941 0.2594 -0.4454, -0.2007 0.2523 -0.4843, -0.2013 0.2531 -0.4447, -0.2288 0.2292 -0.4843, -0.2301 0.228 -0.4418, -0.2519 0.2011 -0.4843, -0.2525 0.2016 -0.439, -0.2692 0.18 -0.4843, -0.2616 0.1909 -0.4379, -0.2875 0.1492 -0.4339, 0.0313 0.3229 -0.4638, 0.0008 0.3235 -0.4614, 0.0008 0.3244 -0.4843, -0.0177 0.3238 -0.4599, -0.0625 0.3181 -0.4843, -0.0662 0.3174 -0.4559, -0.0712 0.3155 -0.4843, -0.0713 0.3159 -0.4555, -0.1235 0.2997 -0.4843, -0.1124 0.304 -0.4522, -0.1398 0.2915 -0.45, 0.073 0.3158 -0.4672, 0.0642 0.3181 -0.4843, 0.0729 0.3155 -0.4843, 0.2591 0.1966 -0.4843, 0.2546 0.2019 -0.4837, 0.2545 0.2018 -0.4843, 0.2399 0.2194 -0.4819, 0.2305 0.2292 -0.4843, 0.2049 0.2523 -0.4782, 0.2024 0.2523 -0.4843, 0.2033 0.2534 -0.478, 0.1813 0.2696 -0.4843, 0.1665 0.279 -0.4747, 0.1412 0.2911 -0.4843, 0.1414 0.2915 -0.4727, 0.1251 0.2997 -0.4843, 0.1248 0.2998 -0.4714, 0.0794 0.3147 -0.4677, -0.3437 -0.1823 0.9309, -0.3578 -0.149 0.9296, -0.4084 -0.1699 0.9843, -0.3823 -0.0198 0.925, -0.3817 -0.0004 0.9243, -0.4421 -0.0004 0.9843, -0.2763 0.2491 0.9142, -0.262 0.2624 0.9135, -0.3124 0.3128 0.9843, -0.0897 0.3533 0.9065, -0.0702 0.3565 0.9057, -0.0856 0.434 0.9843, 0.3125 0.1506 0.8876, 0.3196 0.1316 0.8868, 0.41 0.1691 0.9843, 0.3364 -0.0446 0.8798, 0.3316 -0.0662 0.879, 0.4352 -0.0868 0.9843, 0.1875 -0.2684 0.8683, 0.1821 -0.2718 0.8681, 0.2469 -0.3687 0.9843, 0.1719 -0.2782 0.8676, 0.1466 -0.2909 0.8665, 0.1703 -0.4096 0.9843, 0.1421 -0.2931 0.8663, 0.314 -0.3136 0.9843, 0.227 -0.2393 0.8703, 0.2263 -0.2399 0.8703, 0.2003 -0.2603 0.8689, 0.2582 -0.2083 0.8722, 0.2611 -0.2047 0.8724, 0.3691 -0.2465 0.9843, 0.2344 -0.2327 0.8707, 0.2337 -0.2333 0.8707, 0.2907 -0.1639 0.8745, 0.2793 -0.1817 0.8736, 0.2768 -0.1848 0.8735, 0.3141 -0.1191 0.8767, 0.3099 -0.1284 0.8762, 0.41 -0.1699 0.9843, 0.304 -0.1413 0.8757, 0.2978 -0.1528 0.8751, 0.3304 -0.0714 0.8788, 0.3289 -0.0781 0.8785, 0.3181 -0.1103 0.8771, 0.4437 -0.0004 0.9843, 0.3391 -0.0227 0.8807, 0.3386 -0.0303 0.8804, 0.3406 0.0259 0.8825, 0.3411 0.0036 0.8817, 0.3408 -0.0004 0.8815, 0.3353 0.0758 0.8844, 0.336 0.0721 0.8843, 0.4352 0.086 0.9843, 0.3367 0.0664 0.8841, 0.3403 0.0377 0.8829, 0.3219 0.1256 0.8865, 0.3247 0.118 0.8862, 0.3336 0.0845 0.8848, 0.301 0.1737 0.8887, 0.3691 0.2456 0.9843, 0.2969 0.1819 0.8891, 0.2729 0.2185 0.8908, 0.2891 0.1952 0.8897, 0.2903 0.193 0.8896, 0.2385 0.2581 0.8929, 0.2468 0.2502 0.8925, 0.314 0.3128 0.9843, 0.2489 0.2477 0.8924, 0.2693 0.2238 0.8911, 0.1971 0.2933 0.895, 0.1993 0.2917 0.8949, 0.2469 0.3678 0.9843, 0.2082 0.2854 0.8945, 0.2215 0.2745 0.8938, 0.1369 0.3282 0.8975, 0.1495 0.3226 0.897, 0.1703 0.4088 0.9843, 0.1564 0.3187 0.8967, 0.1799 0.3054 0.8957, 0.0872 0.434 0.9843, 0.0708 0.3514 0.9001, 0.1029 0.3422 0.8989, 0.1089 0.34 0.8986, 0.1173 0.337 0.8983, 0.0571 0.3541 0.9007, 0.0597 0.3536 0.9006, 0.0689 0.3519 0.9002, -0.0016 0.3613 0.903, 0.0008 0.3611 0.9029, 0.0008 0.4425 0.9843, 0.0029 0.3609 0.9028, 0.034 0.3583 0.9016, -0.0547 0.3591 0.9051, -0.0521 0.3592 0.905, -0.0194 0.3614 0.9037, -0.1058 0.349 0.9071, -0.1687 0.4088 0.9843, -0.1243 0.344 0.9078, -0.1566 0.3314 0.909, -0.1431 0.3374 0.9085, -0.1396 0.3386 0.9084, -0.2064 0.3056 0.911, -0.2044 0.3068 0.9109, -0.2452 0.3678 0.9843, -0.2035 0.3073 0.9109, -0.1755 0.3231 0.9098, -0.25 0.2737 0.9129, -0.2475 0.2757 0.9128, -0.2359 0.2851 0.9122, -0.2872 0.2367 0.9149, -0.3674 0.2456 0.9843, -0.3002 0.2219 0.9156, -0.3219 0.1918 0.917, -0.3216 0.1924 0.917, -0.3106 0.2076 0.9163, -0.3492 0.1415 0.9192, -0.3486 0.1431 0.9191, -0.4084 0.1691 0.9843, -0.3481 0.1441 0.9191, -0.3321 0.1752 0.9177, -0.3723 0.0738 0.9218, -0.3722 0.0745 0.9218, -0.4336 0.086 0.9843, -0.3682 0.088 0.9213, -0.362 0.1095 0.9204, -0.3813 0.0163 0.9238, -0.3791 0.0331 0.9232, -0.3768 0.0522 0.9226, -0.3822 -0.0216 0.925, -0.4336 -0.0868 0.9843, -0.38 -0.0564 0.9262, -0.377 -0.0775 0.927, -0.3771 -0.077 0.9269, -0.3773 -0.0756 0.9269, -0.3582 -0.1481 0.9296, -0.3628 -0.1335 0.929, -0.3693 -0.1129 0.9282, -0.3406 -0.188 0.9312, -0.3674 -0.2465 0.9843, -0.3245 -0.2174 0.9324, -0.3124 -0.3136 0.9843, -0.2801 -0.2763 0.935, -0.3038 -0.2478 0.9337, -0.3099 -0.2387 0.9333, -0.3243 -0.2177 0.9324, -0.2452 -0.3687 0.9843, -0.2519 -0.2999 0.935, -0.2776 -0.2788 0.935, -0.1498 -0.3642 0.935, -0.1569 -0.3604 0.935, -0.1687 -0.4096 0.9843, -0.2065 -0.3339 0.935, -0.2179 -0.3278 0.935, -0.0856 -0.4348 0.9843, -0.1022 -0.3786 0.935, -0.1469 -0.3651 0.935, -0.0697 -0.3553 0.9032, -0.0581 -0.3632 0.9089, -0.0424 -0.3723 0.9161, -0.0272 -0.3811 0.9231, 0.0008 -0.3941 0.935, -0.0997 -0.3318 0.8877, -0.0912 -0.3386 0.8921, -0.075 -0.3514 0.9006, -0.0719 -0.3538 0.9021, -0.1307 -0.3008 0.8696, -0.1256 -0.3062 0.8726, -0.1121 -0.3205 0.8808, 0.0872 -0.4348 0.9843, 0.0008 -0.4433 0.9843, -0.0447 -0.3896 0.935, -0.076 -0.3866 0.935, -0.9681 0.1196 0.9843, -0.9461 0.2377 0.9843, -0.9096 0.3523 0.9843, -0.8594 0.4615 0.9843, -0.7961 0.5637 0.9843, -0.7207 0.6574 0.9843, -0.6344 0.741 0.9843, -0.5385 0.8135 0.9843, -0.4344 0.8736 0.9843, -0.3237 0.9204 0.9843, -0.2081 0.9533 0.9843, -0.0893 0.9718 0.9843, 0.0309 0.9755 0.9843, 0.1506 0.9644 0.9843, 0.268 0.9387 0.9843, 0.3814 0.8987 0.9843, 0.489 0.8451 0.9843, 0.5892 0.7787 0.9843, 0.6805 0.7005 0.9843, 0.7615 0.6117 0.9843, 0.831 0.5136 0.9843, 0.8878 0.4077 0.9843, 0.9313 0.2956 0.9843, 0.9606 0.179 0.9843, 0.9754 0.0597 0.9843, 0.9754 -0.0605 0.9843, 0.9606 -0.1798 0.9843, 0.9313 -0.2964 0.9843, 0.8878 -0.4085 0.9843, 0.831 -0.5144 0.9843, 0.7615 -0.6125 0.9843, 0.6805 -0.7014 0.9843, 0.5892 -0.7796 0.9843, 0.489 -0.846 0.9843, 0.3814 -0.8996 0.9843, 0.268 -0.9395 0.9843, 0.1506 -0.9652 0.9843, 0.0309 -0.9763 0.9843, -0.0893 -0.9726 0.9843, -0.2081 -0.9542 0.9843, -0.3237 -0.9213 0.9843, -0.4344 -0.8744 0.9843, -0.5385 -0.8143 0.9843, -0.6344 -0.7419 0.9843, -0.7207 -0.6582 0.9843, -0.7961 -0.5646 0.9843, -0.8594 -0.4623 0.9843, -0.9096 -0.3531 0.9843, -0.9461 -0.2386 0.9843, -0.9681 -0.1204 0.9843, -0.9755 -0.0004 0.9843, 0.6908 -0.1619 0.0, 0.6581 -0.2653 0.0, 0.61 -0.3626 0.0, 0.5476 -0.4513 0.0, 0.4723 -0.5295 0.0, -0.3377 -0.623 0.0, -0.4288 -0.564 0.0, -0.5098 -0.4918 0.0, -0.5788 -0.4081 0.0, -0.6342 -0.3149 0.0, 0.6581 0.2645 0.0, 0.6908 0.161 0.0, 0.7074 0.0538 0.0, 0.7074 -0.0547 0.0, 0.386 0.5944 0.0, 0.4723 0.5286 0.0, 0.5476 0.4505 0.0, 0.61 0.3617 0.0, -0.6748 -0.2142 0.0, -0.6995 -0.1086 0.0, -0.7078 -0.0004 0.0, -0.6995 0.1078 0.0, -0.6748 0.2134 0.0, 0.0821 -0.7044 0.0, -0.0263 -0.7086 0.0, -0.1341 -0.6961 0.0, -0.2387 -0.6674 0.0, 0.386 -0.5953 0.0, 0.2907 -0.6471 0.0, 0.1886 -0.6838 0.0, -0.4288 0.5632 0.0, -0.3377 0.6221 0.0, -0.2387 0.6665 0.0, -0.1341 0.6953 0.0, -0.0263 0.7077 0.0, -0.6342 0.314 0.0, -0.5788 0.4073 0.0, -0.5098 0.491 0.0, 0.0821 0.7036 0.0, 0.1886 0.6829 0.0, 0.2907 0.6462 0.0, -0.7058 -0.0547 -0.4843, -0.6975 -0.1083 -0.4843, -0.6892 -0.1619 -0.4843, -0.6728 -0.2136 -0.4843, -0.6565 -0.2653 -0.4843, -0.6324 -0.314 -0.4843, -0.6083 -0.3626 -0.4843, -0.5771 -0.4069 -0.4843, -0.5459 -0.4513 -0.4843, -0.5083 -0.4904 -0.4843, -0.4707 -0.5295 -0.4843, -0.4275 -0.5624 -0.4843, -0.3844 -0.5953 -0.4843, -0.3367 -0.6212 -0.4843, -0.2891 -0.6471 -0.4843, -0.238 -0.6654 -0.4843, -0.187 -0.6838 -0.4843, -0.1337 -0.6941 -0.4843, -0.0804 -0.7044 -0.4843, -0.0262 -0.7065 -0.4843, 0.028 -0.7086 -0.4843, 0.0819 -0.7023 -0.4843, 0.1358 -0.6961 -0.4843, 0.1881 -0.6818 -0.4843, 0.2404 -0.6674 -0.4843, 0.2899 -0.6452 -0.4843, 0.3394 -0.623 -0.4843, 0.3849 -0.5935 -0.4843, 0.4304 -0.564 -0.4843, 0.4709 -0.5279 -0.4843, 0.5114 -0.4918 -0.4843, 0.5459 -0.45 -0.4843, 0.5805 -0.4081 -0.4843, 0.6082 -0.3615 -0.4843, 0.6359 -0.3149 -0.4843, 0.6562 -0.2646 -0.4843, 0.6765 -0.2142 -0.4843, 0.6888 -0.1614 -0.4843, 0.7012 -0.1086 -0.4843, 0.7053 -0.0545 -0.4843, 0.7095 -0.0004 -0.4843, 0.7053 0.0537 -0.4843, 0.7012 0.1078 -0.4843, 0.6888 0.1606 -0.4843, 0.6765 0.2134 -0.4843, 0.6562 0.2637 -0.4843, 0.6359 0.314 -0.4843, 0.6082 0.3607 -0.4843, 0.5805 0.4073 -0.4843, 0.5459 0.4491 -0.4843, 0.5114 0.491 -0.4843, 0.4709 0.5271 -0.4843, 0.4304 0.5632 -0.4843, 0.3849 0.5927 -0.4843, 0.3394 0.6221 -0.4843, 0.2899 0.6443 -0.4843, 0.2404 0.6665 -0.4843, 0.1881 0.6809 -0.4843, 0.1358 0.6953 -0.4843, 0.0819 0.7015 -0.4843, 0.028 0.7077 -0.4843, -0.0262 0.7056 -0.4843, -0.0804 0.7036 -0.4843, -0.1337 0.6932 -0.4843, -0.187 0.6829 -0.4843, -0.238 0.6646 -0.4843, -0.2891 0.6462 -0.4843, -0.3367 0.6203 -0.4843, -0.3844 0.5944 -0.4843, -0.4275 0.5615 -0.4843, -0.4707 0.5286 -0.4843, -0.5083 0.4895 -0.4843, -0.5459 0.4505 -0.4843, -0.5771 0.4061 -0.4843, -0.6083 0.3617 -0.4843, -0.6324 0.3131 -0.4843, -0.6565 0.2645 -0.4843, -0.6728 0.2128 -0.4843, -0.6892 0.161 -0.4843, -0.6975 0.1074 -0.4843, -0.7058 0.0538 -0.4843, -0.7078 -0.0004 -0.4843, 0.5845 -0.0906 -0.6024, 0.5914 -0.0004 -0.6024, 0.5639 -0.1786 -0.6024, 0.5301 -0.2625 -0.6024, 0.4839 -0.3402 -0.6024, 0.4263 -0.4099 -0.6024, 0.3588 -0.4701 -0.6024, 0.2829 -0.5192 -0.6024, 0.2004 -0.5562 -0.6024, 0.1133 -0.5802 -0.6024, 0.0234 -0.5905 -0.6024, -0.0669 -0.5871 -0.6024, -0.1557 -0.5699 -0.6024, -0.2407 -0.5393 -0.6024, -0.3202 -0.4961 -0.6024, -0.3921 -0.4413 -0.6024, -0.4548 -0.3762 -0.6024, -0.5068 -0.3022 -0.6024, -0.5469 -0.2212 -0.6024, -0.5742 -0.135 -0.6024, -0.588 -0.0456 -0.6024, -0.5897 -0.0004 -0.6024, -0.588 0.0448 -0.6024, -0.5742 0.1341 -0.6024, -0.5469 0.2203 -0.6024, -0.5068 0.3014 -0.6024, -0.4548 0.3753 -0.6024, -0.3921 0.4405 -0.6024, -0.3202 0.4953 -0.6024, -0.2407 0.5385 -0.6024, -0.1557 0.569 -0.6024, -0.0669 0.5862 -0.6024, 0.0234 0.5897 -0.6024, 0.1133 0.5793 -0.6024, 0.2004 0.5554 -0.6024, 0.2829 0.5184 -0.6024, 0.3588 0.4692 -0.6024, 0.4263 0.4091 -0.6024, 0.4839 0.3393 -0.6024, 0.5301 0.2616 -0.6024, 0.5639 0.1778 -0.6024, 0.5845 0.0897 -0.6024, 0.1703 0.4088 -0.6024, 0.2469 0.3678 -0.6024, 0.314 0.3128 -0.6024, 0.3691 0.2456 -0.6024, 0.41 0.1691 -0.6024, 0.4352 -0.0868 -0.6024, 0.41 -0.1699 -0.6024, 0.3691 -0.2465 -0.6024, 0.314 -0.3136 -0.6024, 0.2469 -0.3687 -0.6024, 0.4352 0.086 -0.6024, 0.4437 -0.0004 -0.6024, -0.4421 -0.0004 -0.6024, -0.4336 -0.0868 -0.6024, -0.3124 -0.3136 -0.6024, -0.3674 -0.2465 -0.6024, -0.4084 -0.1699 -0.6024, 0.0008 -0.4433 -0.6024, -0.0856 -0.4348 -0.6024, -0.1687 -0.4096 -0.6024, -0.2452 -0.3687 -0.6024, 0.1703 -0.4096 -0.6024, 0.0872 -0.4348 -0.6024, -0.4336 0.086 -0.6024, -0.4084 0.1691 -0.6024, -0.3674 0.2456 -0.6024, -0.0856 0.434 -0.6024, 0.0008 0.4425 -0.6024, 0.0872 0.434 -0.6024, -0.3124 0.3128 -0.6024, -0.2452 0.3678 -0.6024, -0.1687 0.4088 -0.6024, 0.3346 -0.0004 -0.4932, 0.3289 0.047 -0.4914, 0.3256 0.0642 -0.4907, 0.3122 0.1069 -0.4888, 0.3039 0.1251 -0.4879, 0.2712 0.1802 -0.4851, 0.2704 0.1813 -0.4851, 0.2981 0.1378 -0.4873, 0.2971 0.1397 -0.4872, 0.2811 0.1669 -0.4859, 0.3251 0.0665 -0.4906, 0.3166 0.0943 -0.4894, 0.3153 0.0987 -0.4892, 0.3316 0.0334 -0.4919, 0.3601 -0.0004 -0.3943, 0.3945 -0.0004 -0.4232, 0.3945 -0.0004 -0.4331, 0.3945 -0.0004 -0.4429, 0.3601 -0.0004 -0.4718, 0.2987 0.2004 -0.4569, 0.3564 0.051 -0.4684, 0.3449 0.1028 -0.4647, 0.3256 0.1532 -0.4608, 0.2653 0.2428 -0.453, -0.1434 -0.3294 0.8956, -0.1888 -0.3056 0.8923, -0.0937 -0.347 0.8992, -0.0449 -0.3915 0.932, -0.1028 -0.3803 0.9281, 0.2265 0.2791 -0.4493, 0.184 0.3086 -0.4458, 0.138 0.3316 -0.4425, 0.0877 0.3482 -0.4388, 0.0346 0.3572 -0.4349, -0.0197 0.3582 -0.4309, -0.0733 0.3511 -0.427, -0.1244 0.3363 -0.4233, -0.1716 0.3148 -0.4199, -0.2148 0.287 -0.4165, -0.2546 0.2522 -0.4129, -0.2895 0.2112 -0.409, -0.318 0.1651 -0.405, -0.3393 0.1153 -0.4011, -0.3527 0.0637 -0.3973, -0.3582 0.012 -0.3939, -0.3563 -0.0392 -0.3905, -0.3468 -0.0911 -0.3869, -0.3294 -0.142 -0.3831, -0.3043 -0.1901 -0.3791, -0.2723 -0.2338 -0.3752, -0.2347 -0.2717 -0.3714, -0.193 -0.3029 -0.3679, -0.148 -0.3274 -0.3646, -0.0986 -0.3456 -0.361, -0.0461 -0.3566 -0.3571, 0.0081 -0.3596 -0.3532, 0.062 -0.3544 -0.3492, 0.1139 -0.3414 -0.3454, 0.1622 -0.3214 -0.3419, 0.2061 -0.2952 -0.3386, 0.2469 -0.2622 -0.335, 0.2831 -0.2226 -0.3312, 0.3134 -0.1776 -0.3273, 0.3365 -0.1285 -0.3233, 0.3518 -0.0772 -0.3195, 0.3592 -0.0254 -0.3159, 0.3591 0.0258 -0.3126, 0.3515 0.0776 -0.3091, 0.336 0.1289 -0.3053, 0.246 0.2622 -0.2936, 0.2823 0.2228 -0.2974, 0.3127 0.1779 -0.3013, 0.2051 0.2951 -0.29, 0.1127 0.341 -0.2831, 0.1611 0.3211 -0.2867, 0.0608 0.3538 -0.2793, -0.0474 0.3556 -0.2714, 0.0068 0.3588 -0.2754, -0.0999 0.3444 -0.2676, -0.194 0.3014 -0.2607, -0.1491 0.326 -0.264, -0.2357 0.27 -0.2572, -0.305 0.1881 -0.2495, -0.2732 0.2319 -0.2534, -0.3299 0.1399 -0.2455, -0.3565 0.0371 -0.238, -0.3471 0.089 -0.2417, -0.3582 -0.0141 -0.2347, -0.3389 -0.1174 -0.2275, -0.3524 -0.0658 -0.2312, -0.3174 -0.1671 -0.2236, -0.2537 -0.254 -0.2157, -0.2887 -0.2131 -0.2196, -0.2137 -0.2886 -0.2121, -0.1232 -0.3376 -0.2053, -0.1705 -0.3162 -0.2087, -0.072 -0.3522 -0.2015, 0.0359 -0.358 -0.1937, -0.0184 -0.3592 -0.1976, 0.089 -0.3487 -0.1898, 0.1851 -0.3088 -0.1828, 0.1392 -0.332 -0.1861, 0.2275 -0.2792 -0.1793, 0.2995 -0.2001 -0.1717, 0.2661 -0.2427 -0.1756, 0.3261 -0.1528 -0.1677, 0.3566 -0.0506 -0.1602, 0.3453 -0.1024 -0.1639, 0.3601 0.0008 -0.1568, 0.3446 0.104 -0.1497, 0.3562 0.0523 -0.1534, 0.298 0.2015 -0.1418, 0.325 0.1544 -0.1458, 0.2644 0.2437 -0.1379, 0.183 0.3092 -0.1308, 0.2255 0.2799 -0.1342, 0.1368 0.3321 -0.1274, 0.0333 0.3574 -0.1199, 0.0865 0.3485 -0.1237, -0.021 0.3582 -0.1159, -0.1256 0.3358 -0.1082, -0.0746 0.3508 -0.112, -0.1727 0.3142 -0.1048, -0.2555 0.2513 -0.0978, -0.2158 0.2862 -0.1015, -0.2902 0.2102 -0.0939, -0.3397 0.1141 -0.086, -0.3186 0.1639 -0.09, -0.3529 0.0624 -0.0823, -0.3562 -0.0405 -0.0755, -0.3582 0.0108 -0.0788, -0.3465 -0.0923 -0.0719, -0.3036 -0.1912 -0.064, -0.3288 -0.1432 -0.068, -0.2715 -0.2348 -0.0601, -0.1919 -0.3036 -0.0529, -0.2337 -0.2725 -0.0563, -0.1469 -0.3279 -0.0495, -0.0448 -0.3568 -0.0421, -0.0974 -0.346 -0.0459, 0.0094 -0.3596 -0.0381, 0.1151 -0.341 -0.0304, 0.0633 -0.3542 -0.0342, 0.1633 -0.3209 -0.0269, 0.2478 -0.2613 -0.02, 0.2072 -0.2945 -0.0236, 0.284 -0.2216 -0.0161, 0.3369 -0.1273 -0.0083, 0.314 -0.1764 -0.0122, 0.3521 -0.0759 -0.0044, 0.359 0.027 0.0024, 0.3593 -0.0241 -0.0009, 0.3355 0.1301 0.0098, 0.3512 0.0789 0.006, 0.3121 0.179 0.0137, 0.2815 0.2238 0.0177, 0.2041 0.2958 0.0251, 0.245 0.2631 0.0215, 0.1115 0.3414 0.0319, 0.1599 0.3217 0.0284, 0.0595 0.354 0.0357, -0.0486 0.3554 0.0436, 0.0055 0.3588 0.0397, -0.1011 0.3441 0.0474, -0.1951 0.3007 0.0543, -0.1503 0.3255 0.051, -0.2366 0.2692 0.0579, -0.3057 0.187 0.0656, -0.274 0.231 0.0616, -0.3304 0.1387 0.0695, -0.3566 0.0359 0.077, -0.3474 0.0877 0.0734, -0.3581 -0.0153 0.0803, -0.3384 -0.1186 0.0876, -0.3522 -0.067 0.0838, -0.3168 -0.1682 0.0915, -0.2527 -0.2549 0.0993, -0.2879 -0.2142 0.0955, -0.2127 -0.2893 0.103, -0.122 -0.338 0.1098, -0.1694 -0.3168 0.1063, -0.0708 -0.3525 0.1135, 0.0372 -0.3578 0.1214, -0.0171 -0.3592 0.1174, 0.0902 -0.3484 0.1253, 0.1861 -0.3082 0.1323, 0.1403 -0.3315 0.1289, 0.2285 -0.2784 0.1357, 0.3002 -0.199 0.1433, 0.267 -0.2417 0.1394, 0.3267 -0.1517 0.1473, 0.3567 -0.0494 0.1549, 0.3457 -0.1012 0.1512, 0.3601 0.002 0.1583, 0.3442 0.1053 0.1654, 0.356 0.0535 0.1617, 0.3245 0.1555 0.1693, 0.2973 0.2025 0.1732, 0.2635 0.2447 0.1771, 0.2245 0.2807 0.1808, 0.1819 0.3099 0.1842, 0.1357 0.3326 0.1876, 0.0852 0.3488 0.1913, 0.032 0.3575 0.1952, -0.0223 0.3581 0.1992, -0.0758 0.3506 0.2031, -0.1268 0.3354 0.2068, -0.1737 0.3136 0.2102, -0.2168 0.2854 0.2136, -0.2564 0.2504 0.2172, -0.291 0.2091 0.2211, -0.3192 0.1627 0.2251, -0.3401 0.1128 0.229, -0.3531 0.0612 0.2328, -0.3583 0.0095 0.2362, -0.356 -0.0417 0.2395, -0.3461 -0.0936 0.2432, -0.3283 -0.1444 0.2471, -0.3029 -0.1923 0.251, -0.2706 -0.2358 0.2549, -0.2328 -0.2734 0.2587, -0.1909 -0.3042 0.2622, -0.1457 -0.3284 0.2655, -0.0962 -0.3463 0.2691, -0.0435 -0.3569 0.273, 0.0107 -0.3595 0.2769, 0.0646 -0.354 0.2809, 0.1163 -0.3406 0.2847, 0.1644 -0.3203 0.2882, 0.2082 -0.2938 0.2915, 0.2488 -0.2604 0.2951, 0.2848 -0.2205 0.2989, 0.3147 -0.1753 0.3029, 0.3374 -0.1261 0.3068, 0.3523 -0.0747 0.3106, 0.3594 -0.0229 0.3141, 0.3589 0.0283 0.3174, 0.3509 0.0801 0.321, 0.335 0.1313 0.3248, 0.3114 0.1801 0.3288, 0.2807 0.2248 0.3327, 0.2441 0.2639 0.3365, 0.203 0.2965 0.3401, 0.1588 0.3222 0.3434, 0.1103 0.3418 0.347, 0.0582 0.3542 0.3508, 0.0042 0.3588 0.3547, -0.0499 0.3552 0.3587, -0.1023 0.3437 0.3625, -0.1514 0.325 0.3661, -0.1961 0.3 0.3694, -0.2376 0.2683 0.3729, -0.2748 0.23 0.3767, -0.3063 0.1859 0.3806, -0.3309 0.1375 0.3846, -0.3478 0.0865 0.3884, -0.3567 0.0346 0.392, -0.3581 -0.0166 0.3954, -0.352 -0.0683 0.3989, -0.338 -0.1198 0.4026, -0.3162 -0.1694 0.4066, -0.2871 -0.2152 0.4105, -0.2518 -0.2558 0.4144, -0.2117 -0.2901 0.418, -0.1683 -0.3174 0.4213, -0.1208 -0.3384 0.4248, -0.0695 -0.3527 0.4286, -0.0158 -0.3593 0.4325, 0.0385 -0.3577 0.4364, 0.0915 -0.3481 0.4403, 0.1415 -0.331 0.444, 0.1872 -0.3076 0.4473, 0.2294 -0.2775 0.4508, 0.2679 -0.2407 0.4545, 0.3009 -0.1979 0.4584, 0.3272 -0.1505 0.4624, 0.346 -0.0999 0.4663, 0.3569 -0.0481 0.4699, 0.3601 0.0033 0.4733, 0.3558 0.0548 0.4767, 0.3438 0.1065 0.4804, 0.3239 0.1567 0.4843, 0.2965 0.2036 0.4883, 0.2626 0.2456 0.4922, 0.2235 0.2815 0.4959, 0.1808 0.3105 0.4993, 0.1345 0.333 0.5027, 0.0839 0.3491 0.5064, 0.0307 0.3576 0.5103, -0.0236 0.358 0.5142, -0.0771 0.3503 0.5181, -0.128 0.3349 0.5218, -0.1748 0.313 0.5253, -0.2178 0.2847 0.5286, -0.2573 0.2495 0.5323, -0.2918 0.208 0.5362, -0.3198 0.1616 0.5401, -0.3405 0.1116 0.5441, -0.3533 0.0599 0.5478, -0.3583 0.0083 0.5512, -0.3559 -0.043 0.5546, -0.3458 -0.0948 0.5582, -0.3278 -0.1456 0.5621, -0.3022 -0.1934 0.5661, -0.2698 -0.2367 0.57, -0.2318 -0.2742 0.5738, -0.1898 -0.3049 0.5772, -0.1446 -0.3289 0.5806, -0.0949 -0.3467 0.5842, -0.0422 -0.3571 0.588, 0.0121 -0.3595 0.592, 0.0659 -0.3537 0.5959, 0.1176 -0.3402 0.5997, 0.1655 -0.3197 0.6032, 0.2092 -0.2931 0.6065, 0.2497 -0.2595 0.6101, 0.2856 -0.2195 0.614, 0.3153 -0.1741 0.6179, 0.3378 -0.1249 0.6219, 0.3526 -0.0734 0.6257, 0.3595 -0.0217 0.6292, 0.3588 0.0295 0.6325, 0.3506 0.0814 0.6361, 0.3346 0.1325 0.6399, 0.3108 0.1813 0.6438, 0.2799 0.2258 0.6478, 0.2431 0.2648 0.6516, 0.202 0.2972 0.6552, 0.1577 0.3228 0.6585, 0.109 0.3421 0.662, -0.0512 0.355 0.6737, 0.0029 0.3588 0.6698, 0.0569 0.3544 0.6658, -0.1036 0.3433 0.6775, -0.1525 0.3244 0.6811, -0.1971 0.2994 0.6844, -0.2385 0.2675 0.688, -0.2757 0.229 0.6917, -0.307 0.1848 0.6957, -0.3314 0.1363 0.6996, -0.3481 0.0852 0.7035, -0.3568 0.0334 0.7071, -0.358 -0.0178 0.7104, -0.3517 -0.0696 0.7139, -0.3376 -0.1211 0.7177, -0.3156 -0.1705 0.7216, -0.2864 -0.2163 0.7256, -0.2509 -0.2567 0.7294, -0.2107 -0.2908 0.7331, -0.1672 -0.3179 0.7364, -0.1196 -0.3389 0.7399, -0.0682 -0.353 0.7436, -0.0145 -0.3594 0.7475, 0.0398 -0.3576 0.7515, 0.0927 -0.3477 0.7554, 0.1426 -0.3305 0.759, 0.1882 -0.3069 0.7624, 0.2304 -0.2767 0.7658, 0.2687 -0.2398 0.7695, 0.3016 -0.1969 0.7735, 0.3278 -0.1493 0.7774, 0.3464 -0.0987 0.7813, 0.3571 -0.0469 0.785, 0.36 0.0045 0.7883, 0.3556 0.056 0.7918, 0.3434 0.1078 0.7955, 0.3233 0.1579 0.7994, 0.2958 0.2047 0.8034, 0.2617 0.2466 0.8072, 0.2225 0.2823 0.8109, 0.1798 0.3111 0.8143, 0.1333 0.3335 0.8177, 0.0827 0.3494 0.8214, 0.0294 0.3577 0.8253, -0.1292 0.3345 0.8369, -0.0784 0.35 0.8332, -0.0249 0.3579 0.8293, -0.1759 0.3124 0.8403, -0.2582 0.2485 0.8474, -0.2188 0.2839 0.8437, -0.2925 0.207 0.8512, -0.3409 0.1104 0.8591, -0.3204 0.1604 0.8552, -0.3535 0.0587 0.8628, -0.3557 -0.0442 0.8696, -0.3583 0.0071 0.8663, -0.3455 -0.0961 0.8733, -0.3015 -0.1945 0.8811, -0.3273 -0.1468 0.8772, -0.2689 -0.2377 0.885, -0.2308 -0.275 0.8888, -0.1068 -0.3791 -0.017, -0.161 -0.3593 -0.0206, -0.2104 -0.3327 -0.0239, -0.2562 -0.2986 -0.0274, -0.2976 -0.2572 -0.0312, -0.3328 -0.2095 -0.0351, -0.3605 -0.1569 -0.0391, -0.3798 -0.1011 -0.043, -0.3904 -0.0443 -0.0466, -0.3927 0.0118 -0.0499, -0.3868 0.0685 -0.0534, -0.3723 0.125 -0.0571, -0.3493 0.1796 -0.0611, -0.3181 0.2303 -0.065, -0.2801 0.2754 -0.0689, -0.2365 0.3137 -0.0726, -0.1893 0.3443 -0.0759, -0.1377 0.3681 -0.0793, -0.0818 0.3845 -0.0831, -0.0231 0.3925 -0.087, 0.0364 0.3917 -0.091, 0.0947 0.3819 -0.0948, 0.1499 0.364 -0.0985, 0.2004 0.3389 -0.1019, 0.247 0.3068 -0.1053, 0.2896 0.2671 -0.109, 0.3265 0.2208 -0.1129, 0.3561 0.1692 -0.1169, 0.3775 0.1141 -0.1208, 0.3903 0.0573 -0.1245, 0.3945 0.0009 -0.1279, 0.3907 -0.0554 -0.1313, 0.3783 -0.1122 -0.1349, 0.3573 -0.1675 -0.1388, 0.3281 -0.2193 -0.1428, 0.2916 -0.2659 -0.1467, 0.2492 -0.3059 -0.1504, 0.2027 -0.3384 -0.1539, 0.1524 -0.3638 -0.1572, 0.0974 -0.3821 -0.1609, 0.0392 -0.3922 -0.1648, -0.0202 -0.3936 -0.1687, -0.079 -0.3859 -0.1726, -0.1351 -0.3699 -0.1764, -0.1869 -0.3465 -0.1798, -0.2343 -0.3162 -0.1832, -0.2781 -0.2783 -0.1868, -0.3165 -0.2335 -0.1907, -0.348 -0.183 -0.1947, -0.3714 -0.1286 -0.1986, -0.3863 -0.0721 -0.2023, -0.3926 -0.0154 -0.2058, -0.3907 0.0407 -0.2091, -0.3805 0.0976 -0.2128, -0.3616 0.1534 -0.2166, -0.3343 0.2062 -0.2206, -0.2994 0.2542 -0.2245, -0.2583 0.2959 -0.2283, -0.2127 0.3303 -0.2318, -0.1635 0.3573 -0.2351, -0.1095 0.3775 -0.2387, -0.052 0.3897 -0.2425, 0.0074 0.3932 -0.2465, 0.0665 0.3878 -0.2504, 0.1234 0.3737 -0.2542, 0.1764 0.3519 -0.2578, 0.2247 0.3234 -0.2611, 0.2695 0.2874 -0.2646, 0.3093 0.2442 -0.2685, 0.3426 0.1949 -0.2724, 0.3681 0.1413 -0.2764, 0.3851 0.0851 -0.2802, 0.3935 0.0283 -0.2837, 0.3936 -0.0278 -0.287, 0.3854 -0.0846 -0.2906, 0.3686 -0.1408 -0.2944, 0.3433 -0.1945 -0.2983, 0.3102 -0.2439 -0.3023, 0.2705 -0.2873 -0.3061, 0.2258 -0.3235 -0.3097, 0.1776 -0.3522 -0.313, 0.1248 -0.3741 -0.3165, 0.0679 -0.3884 -0.3203, 0.0088 -0.394 -0.3243, -0.0506 -0.3908 -0.3282, -0.1082 -0.3787 -0.3321, -0.1623 -0.3588 -0.3357, -0.2116 -0.3319 -0.339, -0.2573 -0.2977 -0.3425, -0.2985 -0.2562 -0.3463, -0.3335 -0.2083 -0.3502, -0.361 -0.1555 -0.3542, -0.3801 -0.0998 -0.358, -0.3906 -0.0429 -0.3616, -0.3926 0.0132 -0.365, -0.3866 0.0698 -0.3684, -0.3719 0.1264 -0.3722, -0.3486 0.1809 -0.3761, -0.3173 0.2315 -0.3801, -0.2791 0.2765 -0.384, -0.2354 0.3145 -0.3876, -0.1881 0.345 -0.3909, -0.1364 0.3686 -0.3944, -0.0804 0.3848 -0.3981, -0.0217 0.3926 -0.402, 0.0378 0.3915 -0.406, 0.096 0.3816 -0.4099, 0.1512 0.3634 -0.4136, 0.2016 0.3382 -0.4169, 0.2481 0.3059 -0.4203, 0.2906 0.2661 -0.4241, 0.3273 0.2196 -0.428, 0.3567 0.1679 -0.4319, 0.3779 0.1127 -0.4358, 0.3905 0.056 -0.4395, -0.0762 -0.3865 0.4575, -0.1325 -0.3709 0.4537, -0.1845 -0.3478 0.4502, -0.2321 -0.3178 0.4469, -0.2761 -0.2803 0.4433, -0.3148 -0.2358 0.4394, -0.3466 -0.1856 0.4355, -0.3705 -0.1313 0.4315, -0.3858 -0.0748 0.4278, -0.3925 -0.0181 0.4243, -0.391 0.038 0.4209, -0.3812 0.0948 0.4173, -0.3627 0.1507 0.4135, -0.3358 0.2038 0.4095, -0.3013 0.252 0.4056, -0.2604 0.2941 0.4018, -0.215 0.3289 0.3983, -0.166 0.3562 0.395, -0.1122 0.3767 0.3914, -0.0548 0.3893 0.3876, 0.0045 0.3933 0.3836, 0.0637 0.3882 0.3797, 0.1208 0.3746 0.3759, 0.174 0.3532 0.3723, 0.2224 0.325 0.369, 0.2674 0.2893 0.3655, 0.3075 0.2464 0.3616, 0.3412 0.1974 0.3577, 0.3671 0.144 0.3537, 0.3845 0.0878 0.3499, 0.3933 0.031 0.3463, 0.3938 -0.025 0.343, 0.386 -0.0818 0.3395, 0.3697 -0.1381 0.3357, 0.3448 -0.192 0.3318, 0.312 -0.2416 0.3278, 0.2726 -0.2853 0.324, 0.2281 -0.3219 0.3204, 0.1801 -0.351 0.3171, 0.1274 -0.3732 0.3136, 0.0707 -0.3879 0.3098, 0.0117 -0.394 0.3058, -0.0477 -0.3911 0.3019, -0.1055 -0.3795 0.298, -0.1598 -0.3599 0.2944, -0.2093 -0.3334 0.2911, -0.2552 -0.2995 0.2876, -0.2966 -0.2583 0.2838, -0.332 -0.2107 0.2799, -0.3599 -0.1582 0.276, -0.3794 -0.1025 0.2721, -0.3903 -0.0457 0.2684, -0.3927 0.0105 0.2651, -0.387 0.0671 0.2617, -0.3728 0.1237 0.2579, -0.3499 0.1784 0.254, -0.319 0.2292 0.25, -0.281 0.2744 0.2462, -0.2376 0.3128 0.2425, -0.1905 0.3437 0.2391, -0.139 0.3676 0.2357, -0.0832 0.3842 0.232, -0.0245 0.3925 0.2281, 0.0349 0.3918 0.2241, 0.0933 0.3823 0.2202, 0.1486 0.3645 0.2165, 0.1993 0.3396 0.2131, 0.246 0.3076 0.2097, 0.2887 0.2682 0.206, 0.3257 0.222 0.2021, 0.3555 0.1705 0.1982, 0.3771 0.1154 0.1943, 0.3901 0.0587 0.1906, 0.3945 0.0023 0.1872, 0.3909 -0.0541 0.1838, 0.3787 -0.1108 0.1801, 0.3579 -0.1662 0.1762, 0.3289 -0.2181 0.1723, 0.2925 -0.2648 0.1683, 0.2503 -0.305 0.1646, 0.2039 -0.3377 0.1612, 0.1537 -0.3632 0.1578, 0.0988 -0.3817 0.1542, 0.0407 -0.3921 0.1503, -0.0188 -0.3936 0.1463, -0.0776 -0.3862 0.1424, -0.1338 -0.3704 0.1387, -0.1857 -0.3471 0.1352, -0.2332 -0.317 0.1319, -0.2771 -0.2793 0.1282, -0.3156 -0.2347 0.1244, -0.3473 -0.1843 0.1204, -0.371 -0.1299 0.1165, -0.386 -0.0734 0.1127, -0.3925 -0.0168 0.1092, -0.3909 0.0394 0.1059, -0.3808 0.0962 0.1023, -0.3621 0.1521 0.0984, -0.335 0.205 0.0945, -0.3003 0.2531 0.0905, -0.2594 0.295 0.0868, -0.2138 0.3296 0.0832, -0.1648 0.3568 0.0799, -0.1109 0.3771 0.0763, -0.0534 0.3895 0.0725, 0.0059 0.3932 0.0686, 0.0651 0.388 0.0646, 0.1221 0.3741 0.0608, 0.1752 0.3526 0.0573, 0.2236 0.3242 0.054, 0.2684 0.2883 0.0504, 0.3084 0.2453 0.0466, 0.3419 0.1962 0.0426, 0.3676 0.1426 0.0387, 0.3848 0.0865 0.0349, 0.3934 0.0296 0.0313, 0.3937 -0.0264 0.028, 0.3857 -0.0832 0.0245, 0.3692 -0.1395 0.0207, 0.3441 -0.1933 0.0167, 0.3111 -0.2428 0.0128, 0.2715 -0.2863 0.0089, 0.2269 -0.3227 0.0053, 0.1789 -0.3516 0.002, 0.1261 -0.3737 -0.0015, 0.0693 -0.3881 -0.0053, 0.0103 -0.394 -0.0092, -0.0491 -0.3909 -0.0132, -0.1573 -0.361 0.9245, -0.207 -0.3348 0.9212, -0.253 -0.3013 0.9177, -0.2948 -0.2605 0.914, -0.3305 -0.2131 0.91, -0.3587 -0.1608 0.9061, -0.3787 -0.1052 0.9022, -0.3899 -0.0484 0.8985, -0.3928 0.0078 0.8952, -0.3875 0.0643 0.8918, -0.3737 0.121 0.888, -0.3512 0.1758 0.8841, -0.3207 0.2268 0.8801, -0.283 0.2724 0.8763, -0.2398 0.3112 0.8726, -0.1928 0.3424 0.8692, -0.1416 0.3666 0.8658, -0.086 0.3836 0.8621, -0.0274 0.3923 0.8582, 0.0321 0.392 0.8542, 0.0905 0.3829 0.8503, 0.146 0.3655 0.8466, 0.1969 0.341 0.8432, 0.2438 0.3094 0.8398, 0.2867 0.2702 0.8362, 0.324 0.2244 0.8323, 0.3542 0.1731 0.8283, 0.3763 0.1181 0.8244, 0.3896 0.0614 0.8207, 0.3945 0.005 0.8172, 0.3912 -0.0513 0.8139, 0.3795 -0.1081 0.8102, 0.3591 -0.1636 0.8063, 0.3305 -0.2157 0.8024, 0.2944 -0.2627 0.7985, 0.2524 -0.3032 0.7947, 0.2062 -0.3363 0.7913, 0.1562 -0.3622 0.7879, 0.1015 -0.381 0.7843, 0.0435 -0.3918 0.7804, -0.0159 -0.3938 0.7764, -0.0748 -0.3868 0.7725, -0.1312 -0.3713 0.7688, -0.1834 -0.3484 0.7653, -0.231 -0.3186 0.762, -0.2751 -0.2813 0.7583, -0.3139 -0.237 0.7545, -0.3459 -0.1869 0.7505, -0.37 -0.1326 0.7466, -0.3855 -0.0762 0.7428, -0.3924 -0.0195 0.7393, -0.3911 0.0366 0.736, -0.3815 0.0935 0.7324, -0.3632 0.1494 0.7286, -0.3365 0.2025 0.7246, -0.3022 0.2509 0.7207, -0.2615 0.2932 0.7169, -0.2161 0.3281 0.7133, -0.1673 0.3556 0.71, -0.1136 0.3763 0.7064, -0.0562 0.3891 0.7026, 0.0031 0.3933 0.6987, 0.0623 0.3885 0.6947, 0.1194 0.375 0.6909, 0.1727 0.3538 0.6874, 0.2213 0.3258 0.6841, 0.2664 0.2902 0.6805, 0.3066 0.2475 0.6767, 0.3405 0.1987 0.6727, 0.3666 0.1453 0.6688, 0.3842 0.0892 0.665, 0.3932 0.0324 0.6614, 0.3938 -0.0237 0.6581, 0.3863 -0.0804 0.6546, 0.3702 -0.1368 0.6508, 0.3455 -0.1908 0.6468, 0.3129 -0.2405 0.6429, 0.2736 -0.2843 0.639, 0.2292 -0.3211 0.6354, 0.1813 -0.3503 0.6321, 0.1287 -0.3728 0.6286, 0.0721 -0.3876 0.6248, 0.0131 -0.3939 0.6209, -0.0463 -0.3913 0.6169, -0.1041 -0.3799 0.6131, -0.1585 -0.3604 0.6095, -0.2081 -0.3341 0.6061, -0.2541 -0.3004 0.6027, -0.2957 -0.2594 0.5989, -0.3312 -0.2119 0.595, -0.3593 -0.1595 0.591, -0.379 -0.1039 0.5871, -0.3901 -0.0471 0.5835, -0.3928 0.0091 0.5802, -0.3873 0.0657 0.5767, -0.3732 0.1223 0.573, -0.3506 0.1771 0.5691, -0.3198 0.228 0.5651, -0.282 0.2734 0.5612, -0.2387 0.312 0.5575, -0.1917 0.343 0.5542, -0.1403 0.3671 0.5508, -0.0846 0.3839 0.547, -0.026 0.3924 0.5431, 0.0335 0.3919 0.5392, 0.0919 0.3826 0.5353, 0.1473 0.365 0.5316, 0.1981 0.3403 0.5282, 0.2449 0.3085 0.5248, 0.2877 0.2692 0.5211, 0.3249 0.2232 0.5172, 0.3549 0.1718 0.5132, 0.3767 0.1168 0.5093, 0.3899 0.0601 0.5056, 0.3945 0.0036 0.5022, 0.391 -0.0527 0.4988, 0.3791 -0.1095 0.4952, 0.3585 -0.1649 0.4913, 0.3297 -0.2169 0.4873, 0.2935 -0.2638 0.4834, 0.2514 -0.3041 0.4797, 0.2051 -0.337 0.4762, 0.155 -0.3627 0.4729, 0.1002 -0.3814 0.4692, 0.0421 -0.392 0.4654, -0.0174 -0.3937 0.4614, -0.3001 0.2532 0.4252, -0.3013 0.252 0.4253, -0.3013 0.252 0.4154, -0.259 0.2952 0.4214, -0.2604 0.2941 0.4215, -0.2604 0.2941 0.4117, -0.2132 0.3299 0.4179, -0.215 0.3289 0.418, -0.215 0.3289 0.4081, -0.1639 0.357 0.4145, -0.166 0.3562 0.4147, -0.166 0.3562 0.4048, -0.1097 0.3773 0.4109, -0.1122 0.3767 0.4111, -0.1122 0.3767 0.4012, -0.0519 0.3895 0.4071, -0.0548 0.3893 0.4073, -0.0548 0.3893 0.3974, 0.0077 0.393 0.4031, 0.0045 0.3933 0.4033, 0.0045 0.3933 0.3935, 0.067 0.3874 0.3991, 0.0637 0.3882 0.3994, 0.0637 0.3882 0.3895, 0.1241 0.3732 0.3953, 0.1208 0.3746 0.3955, 0.1208 0.3746 0.3857, 0.1772 0.3513 0.3918, 0.174 0.3532 0.392, 0.174 0.3532 0.3822, 0.2256 0.3225 0.3885, 0.2224 0.325 0.3887, 0.2224 0.325 0.3789, 0.2704 0.2861 0.3849, 0.2674 0.2893 0.3851, 0.2674 0.2893 0.3753, 0.3102 0.2425 0.381, 0.3075 0.2464 0.3813, 0.3075 0.2464 0.3715, 0.3434 0.193 0.377, 0.3412 0.1974 0.3774, 0.3412 0.1974 0.3675, 0.3686 0.139 0.3731, 0.3671 0.144 0.3734, 0.3671 0.144 0.3636, 0.3853 0.0825 0.3693, 0.3845 0.0878 0.3696, 0.3845 0.0878 0.3598, 0.3933 0.0256 0.3657, 0.3933 0.031 0.366, 0.3933 0.031 0.3562, 0.393 -0.0307 0.3624, 0.3938 -0.025 0.3627, 0.3938 -0.025 0.3529, 0.3843 -0.0877 0.3588, 0.386 -0.0818 0.3592, 0.386 -0.0818 0.3493, -0.3787 -0.1052 0.912, -0.3587 -0.1608 0.9159, -0.3928 0.0078 0.905, -0.3899 -0.0484 0.9084, -0.3737 0.121 0.8979, -0.3875 0.0643 0.9016, -0.3207 0.2268 0.89, -0.3512 0.1758 0.894, -0.2398 0.3112 0.8824, -0.283 0.2724 0.8861, -0.1416 0.3666 0.8756, -0.1928 0.3424 0.8791, 0.0321 0.392 0.8641, -0.0274 0.3923 0.868, 0.146 0.3655 0.8565, 0.0905 0.3829 0.8602, 0.2438 0.3094 0.8497, 0.1969 0.341 0.8531, 0.324 0.2244 0.8421, 0.2867 0.2702 0.846, 0.3763 0.1181 0.8342, 0.3542 0.1731 0.8381, 0.3945 0.005 0.8271, 0.3896 0.0614 0.8305, 0.3795 -0.1081 0.8201, 0.3912 -0.0513 0.8237, 0.3305 -0.2157 0.8122, 0.3591 -0.1636 0.8162, 0.2524 -0.3032 0.8046, 0.2944 -0.2627 0.8083, 0.1562 -0.3622 0.7978, 0.2062 -0.3363 0.8011, 0.0435 -0.3918 0.7902, 0.1015 -0.381 0.7941, -0.0748 -0.3868 0.7824, -0.0159 -0.3938 0.7863, -0.1834 -0.3484 0.7751, -0.1312 -0.3713 0.7786, -0.2751 -0.2813 0.7682, -0.231 -0.3186 0.7718, -0.3459 -0.1869 0.7604, -0.3139 -0.237 0.7643, -0.3855 -0.0762 0.7527, -0.37 -0.1326 0.7564, -0.3911 0.0366 0.7458, -0.3924 -0.0195 0.7491, -0.3632 0.1494 0.7384, -0.3815 0.0935 0.7422, -0.3022 0.2509 0.7305, -0.3365 0.2025 0.7344, -0.2161 0.3281 0.7232, -0.2615 0.2932 0.7267, -0.1136 0.3763 0.7163, -0.1673 0.3556 0.7199, 0.0031 0.3933 0.7085, -0.0562 0.3891 0.7125, 0.1194 0.375 0.7008, 0.0623 0.3885 0.7046, 0.2213 0.3258 0.6939, 0.1727 0.3538 0.6972, 0.3066 0.2475 0.6865, 0.2664 0.2902 0.6903, 0.3666 0.1453 0.6786, 0.3405 0.1987 0.6826, 0.3932 0.0324 0.6712, 0.3842 0.0892 0.6748, 0.3863 -0.0804 0.6644, 0.3938 -0.0237 0.6679, 0.3455 -0.1908 0.6567, 0.3702 -0.1368 0.6606, 0.2736 -0.2843 0.6489, 0.3129 -0.2405 0.6527, 0.1813 -0.3503 0.642, 0.2292 -0.3211 0.6453, 0.0721 -0.3876 0.6347, 0.1287 -0.3728 0.6385, -0.0463 -0.3913 0.6268, 0.0131 -0.3939 0.6307, -0.1585 -0.3604 0.6193, -0.1041 -0.3799 0.6229, -0.2541 -0.3004 0.6125, -0.2081 -0.3341 0.616, -0.3312 -0.2119 0.6048, -0.2957 -0.2594 0.6087, -0.379 -0.1039 0.597, -0.3593 -0.1595 0.6009, -0.3928 0.0091 0.59, -0.3901 -0.0471 0.5933, -0.3732 0.1223 0.5828, -0.3873 0.0657 0.5865, -0.3198 0.228 0.5749, -0.3506 0.1771 0.5789, -0.2387 0.312 0.5674, -0.282 0.2734 0.571, -0.1403 0.3671 0.5606, -0.1917 0.343 0.564, -0.026 0.3924 0.553, -0.0846 0.3839 0.5569, 0.0919 0.3826 0.5451, 0.0335 0.3919 0.549, 0.1981 0.3403 0.538, 0.1473 0.365 0.5414, 0.2877 0.2692 0.5309, 0.2449 0.3085 0.5346, 0.3549 0.1718 0.5231, 0.3249 0.2232 0.527, 0.3899 0.0601 0.5155, 0.3767 0.1168 0.5192, 0.391 -0.0527 0.5087, 0.3945 0.0036 0.512, 0.3585 -0.1649 0.5011, 0.3791 -0.1095 0.505, 0.2935 -0.2638 0.4932, 0.3297 -0.2169 0.4972, 0.2051 -0.337 0.4861, 0.2514 -0.3041 0.4895, 0.1002 -0.3814 0.4791, 0.155 -0.3627 0.4827, -0.0174 -0.3937 0.4712, 0.0421 -0.392 0.4752, -0.1325 -0.3709 0.4636, -0.0762 -0.3865 0.4673, -0.3358 0.2038 0.4194, -0.3627 0.1507 0.4233, 0.3448 -0.192 0.3416, 0.3697 -0.1381 0.3456, 0.2726 -0.2853 0.3338, 0.312 -0.2416 0.3377, 0.1801 -0.351 0.3269, 0.2281 -0.3219 0.3302, 0.0707 -0.3879 0.3196, 0.1274 -0.3732 0.3234, -0.0477 -0.3911 0.3117, 0.0117 -0.394 0.3157, -0.1598 -0.3599 0.3043, -0.1055 -0.3795 0.3079, -0.2552 -0.2995 0.2975, -0.2093 -0.3334 0.3009, -0.332 -0.2107 0.2898, -0.2966 -0.2583 0.2937, -0.3794 -0.1025 0.2819, -0.3599 -0.1582 0.2858, -0.3927 0.0105 0.275, -0.3903 -0.0457 0.2783, -0.3728 0.1237 0.2678, -0.387 0.0671 0.2715, -0.319 0.2292 0.2599, -0.3499 0.1784 0.2638, -0.2376 0.3128 0.2523, -0.281 0.2744 0.256, -0.139 0.3676 0.2455, -0.1905 0.3437 0.249, -0.0245 0.3925 0.2379, -0.0832 0.3842 0.2418, 0.0933 0.3823 0.2301, 0.0349 0.3918 0.2339, 0.1993 0.3396 0.223, 0.1486 0.3645 0.2264, 0.2887 0.2682 0.2159, 0.246 0.3076 0.2196, 0.3555 0.1705 0.208, 0.3257 0.222 0.212, 0.3901 0.0587 0.2004, 0.3771 0.1154 0.2041, 0.3909 -0.0541 0.1936, 0.3945 0.0023 0.197, 0.3579 -0.1662 0.1861, 0.3787 -0.1108 0.19, 0.2925 -0.2648 0.1782, 0.3289 -0.2181 0.1821, 0.2039 -0.3377 0.171, 0.2503 -0.305 0.1745, 0.0988 -0.3817 0.164, 0.1537 -0.3632 0.1677, -0.0188 -0.3936 0.1562, 0.0407 -0.3921 0.1601, -0.1338 -0.3704 0.1485, -0.0776 -0.3862 0.1523, -0.2332 -0.317 0.1417, -0.1857 -0.3471 0.145, -0.3156 -0.2347 0.1342, -0.2771 -0.2793 0.1381, -0.371 -0.1299 0.1263, -0.3473 -0.1843 0.1302, -0.3925 -0.0168 0.1191, -0.386 -0.0734 0.1226, -0.3808 0.0962 0.1121, -0.3909 0.0394 0.1157, -0.335 0.205 0.1043, -0.3621 0.1521 0.1083, -0.2594 0.295 0.0966, -0.3003 0.2531 0.1004, -0.1648 0.3568 0.0898, -0.2138 0.3296 0.0931, -0.0534 0.3895 0.0824, -0.1109 0.3771 0.0862, 0.0651 0.388 0.0745, 0.0059 0.3932 0.0784, 0.1752 0.3526 0.0671, 0.1221 0.3741 0.0707, 0.2684 0.2883 0.0602, 0.2236 0.3242 0.0638, 0.3419 0.1962 0.0525, 0.3084 0.2453 0.0564, 0.3848 0.0865 0.0447, 0.3676 0.1426 0.0485, 0.3937 -0.0264 0.0378, 0.3934 0.0296 0.0411, 0.3692 -0.1395 0.0305, 0.3857 -0.0832 0.0343, 0.3111 -0.2428 0.0226, 0.3441 -0.1933 0.0266, 0.2269 -0.3227 0.0152, 0.2715 -0.2863 0.0188, 0.1261 -0.3737 0.0084, 0.1789 -0.3516 0.0119, -0.1068 -0.3791 -0.0072, -0.0491 -0.3909 -0.0033, -0.2104 -0.3327 -0.0141, -0.161 -0.3593 -0.0108, -0.2976 -0.2572 -0.0214, -0.2562 -0.2986 -0.0176, -0.3605 -0.1569 -0.0293, -0.3328 -0.2095 -0.0253, -0.3904 -0.0443 -0.0368, -0.3798 -0.1011 -0.0331, -0.3868 0.0685 -0.0435, -0.3927 0.0118 -0.0401, -0.3493 0.1796 -0.0512, -0.3723 0.125 -0.0473, -0.2801 0.2754 -0.0591, -0.3181 0.2303 -0.0552, -0.1893 0.3443 -0.0661, -0.2365 0.3137 -0.0627, -0.0818 0.3845 -0.0732, -0.1377 0.3681 -0.0695, 0.0364 0.3917 -0.0811, -0.0231 0.3925 -0.0771, 0.1499 0.364 -0.0887, 0.0947 0.3819 -0.085, 0.247 0.3068 -0.0955, 0.2004 0.3389 -0.092, 0.3265 0.2208 -0.1031, 0.2896 0.2671 -0.0992, 0.3775 0.1141 -0.1109, 0.3561 0.1692 -0.107, 0.3945 0.0009 -0.118, 0.3903 0.0573 -0.1146, 0.3783 -0.1122 -0.1251, 0.3907 -0.0554 -0.1214, 0.3281 -0.2193 -0.133, 0.3573 -0.1675 -0.129, 0.2492 -0.3059 -0.1406, 0.2916 -0.2659 -0.1369, 0.1524 -0.3638 -0.1474, 0.2027 -0.3384 -0.144, 0.0392 -0.3922 -0.1549, 0.0974 -0.3821 -0.151, -0.079 -0.3859 -0.1628, -0.0202 -0.3936 -0.1589, -0.1869 -0.3465 -0.17, -0.1351 -0.3699 -0.1665, -0.2781 -0.2783 -0.177, -0.2343 -0.3162 -0.1733, -0.348 -0.183 -0.1848, -0.3165 -0.2335 -0.1808, -0.3863 -0.0721 -0.1925, -0.3714 -0.1286 -0.1887, -0.3907 0.0407 -0.1993, -0.3926 -0.0154 -0.196, -0.3616 0.1534 -0.2068, -0.3805 0.0976 -0.2029, -0.2994 0.2542 -0.2147, -0.3343 0.2062 -0.2107, -0.2127 0.3303 -0.222, -0.2583 0.2959 -0.2184, -0.1095 0.3775 -0.2289, -0.1635 0.3573 -0.2253, 0.0074 0.3932 -0.2367, -0.052 0.3897 -0.2327, 0.1234 0.3737 -0.2444, 0.0665 0.3878 -0.2406, 0.2247 0.3234 -0.2512, 0.1764 0.3519 -0.2479, 0.3093 0.2442 -0.2586, 0.2695 0.2874 -0.2548, 0.3681 0.1413 -0.2665, 0.3426 0.1949 -0.2626, 0.3935 0.0283 -0.2739, 0.3851 0.0851 -0.2703, 0.3854 -0.0846 -0.2808, 0.3936 -0.0278 -0.2772, 0.3433 -0.1945 -0.2885, 0.3686 -0.1408 -0.2846, 0.2705 -0.2873 -0.2963, 0.3102 -0.2439 -0.2925, 0.1776 -0.3522 -0.3032, 0.2258 -0.3235 -0.2999, 0.0679 -0.3884 -0.3105, 0.1248 -0.3741 -0.3067, -0.0506 -0.3908 -0.3184, 0.0088 -0.394 -0.3144, -0.1623 -0.3588 -0.3258, -0.1082 -0.3787 -0.3222, -0.2573 -0.2977 -0.3326, -0.2116 -0.3319 -0.3291, -0.3335 -0.2083 -0.3404, -0.2985 -0.2562 -0.3364, -0.3801 -0.0998 -0.3482, -0.361 -0.1555 -0.3443, -0.3926 0.0132 -0.3551, -0.3906 -0.0429 -0.3518, -0.3719 0.1264 -0.3624, -0.3866 0.0698 -0.3586, -0.3173 0.2315 -0.3702, -0.3486 0.1809 -0.3663, -0.2354 0.3145 -0.3778, -0.2791 0.2765 -0.3741, -0.1364 0.3686 -0.3845, -0.1881 0.345 -0.3811, -0.0217 0.3926 -0.3922, -0.0804 0.3848 -0.3883, 0.096 0.3816 -0.4, 0.0378 0.3915 -0.3962, 0.2016 0.3382 -0.4071, 0.1512 0.3634 -0.4037, -0.253 -0.3013 0.9275, -0.207 -0.3348 0.931, -0.1573 -0.361 0.9343, -0.2948 -0.2605 0.9336, -0.2948 -0.2605 0.9238, 0.3905 0.056 -0.4297, 0.3779 0.1127 -0.426, 0.3567 0.1679 -0.4221, 0.3273 0.2196 -0.4181, 0.2906 0.2661 -0.4142, 0.2481 0.3059 -0.4105, 0.0103 -0.394 0.0006, 0.0693 -0.3881 0.0046, -0.3812 0.0948 0.4272, -0.391 0.038 0.4308, -0.3925 -0.0181 0.4341, -0.3858 -0.0748 0.4376, -0.3705 -0.1313 0.4414, -0.3466 -0.1856 0.4453, -0.3148 -0.2358 0.4493, -0.2761 -0.2803 0.4531, -0.2321 -0.3178 0.4568, -0.1845 -0.3478 0.4601, -0.086 0.3836 0.8719, -0.3305 -0.2131 0.9199, 0.3905 0.056 -0.4198, 0.3904 0.0562 -0.4198, 0.3779 0.1127 -0.4161, 0.3567 0.1679 -0.4122, 0.3273 0.2196 -0.4083, 0.2481 0.3059 -0.4007, 0.2897 0.2669 -0.4043, 0.2906 0.2661 -0.4044, 0.2469 0.3067 -0.4006, 0.1512 0.3634 -0.3939, 0.2001 0.339 -0.3971, 0.2016 0.3382 -0.3972, 0.1493 0.3641 -0.3938, 0.0378 0.3915 -0.3863, 0.0938 0.382 -0.3901, 0.096 0.3816 -0.3902, 0.0353 0.3916 -0.3862, -0.0804 0.3848 -0.3784, -0.0244 0.3923 -0.3822, -0.0217 0.3926 -0.3824, -0.0833 0.384 -0.3782, -0.1881 0.345 -0.3713, -0.1393 0.3672 -0.3745, -0.1364 0.3686 -0.3747, -0.1909 0.3432 -0.3711, -0.2791 0.2765 -0.3643, -0.2382 0.3121 -0.3677, -0.2354 0.3145 -0.3679, -0.2816 0.2734 -0.364, -0.3486 0.1809 -0.3564, -0.3196 0.2279 -0.3601, -0.3173 0.2315 -0.3604, -0.3504 0.1767 -0.3561, -0.3866 0.0698 -0.3488, -0.3731 0.1218 -0.3522, -0.3719 0.1264 -0.3525, -0.3871 0.0649 -0.3485, -0.3906 -0.0429 -0.342, -0.3925 0.0082 -0.345, -0.3926 0.0132 -0.3453, -0.3896 -0.0482 -0.3416, -0.361 -0.1555 -0.3345, -0.3783 -0.1052 -0.338, -0.3801 -0.0998 -0.3383, -0.3582 -0.1609 -0.3341, -0.2985 -0.2562 -0.3266, -0.3298 -0.2134 -0.3301, -0.3335 -0.2083 -0.3305, -0.2939 -0.2608 -0.3262, -0.2116 -0.3319 -0.3193, -0.252 -0.3017 -0.3224, -0.2573 -0.2977 -0.3228, -0.2057 -0.3351 -0.3189, -0.1082 -0.3787 -0.3124, -0.1557 -0.3612 -0.3156, -0.1623 -0.3588 -0.316, -0.1009 -0.3803 -0.3119, 0.0088 -0.394 -0.3046, -0.0427 -0.3912 -0.308, -0.0506 -0.3908 -0.3085, 0.0169 -0.3933 -0.304, 0.1248 -0.3741 -0.2969, 0.076 -0.3864 -0.3001, 0.0679 -0.3884 -0.3006, 0.1325 -0.3709 -0.2963, 0.2258 -0.3235 -0.29, 0.1848 -0.3479 -0.2928, 0.1776 -0.3522 -0.2933, 0.2326 -0.318 -0.2895, 0.3102 -0.2439 -0.2826, 0.2767 -0.2805 -0.2858, 0.2705 -0.2873 -0.2864, 0.3156 -0.2359 -0.282, 0.3686 -0.1408 -0.2747, 0.3476 -0.1856 -0.278, 0.3433 -0.1945 -0.2787, 0.3715 -0.1312 -0.2741, 0.3936 -0.0278 -0.2674, 0.3869 -0.0745 -0.2703, 0.3854 -0.0846 -0.2709, 0.3936 -0.0177 -0.2668, 0.3851 0.0851 -0.2605, 0.392 0.0386 -0.2634, 0.3935 0.0283 -0.2641, 0.382 0.0955 -0.2598, 0.3426 0.1949 -0.2527, 0.3633 0.1515 -0.2559, 0.3681 0.1413 -0.2567, 0.3361 0.2046 -0.252, 0.2695 0.2874 -0.245, 0.3013 0.2529 -0.248, 0.3093 0.2442 -0.2488, 0.2602 0.2948 -0.2442, 0.1764 0.3519 -0.2381, 0.2145 0.3294 -0.2407, 0.2247 0.3234 -0.2414, 0.1653 0.3565 -0.2373, 0.0665 0.3878 -0.2308, 0.1112 0.3767 -0.2337, 0.1234 0.3737 -0.2345, 0.0534 0.389 -0.2299, -0.052 0.3897 -0.2229, -0.006 0.3924 -0.2259, 0.0074 0.3932 -0.2268, -0.0653 0.3869 -0.222, -0.1635 0.3573 -0.2154, -0.1223 0.3727 -0.2182, -0.1095 0.3775 -0.219, -0.1754 0.3508 -0.2146, -0.2583 0.2959 -0.2086, -0.2237 0.3221 -0.2113, -0.2127 0.3303 -0.2121, -0.2684 0.2857 -0.2077, -0.3343 0.2062 -0.2009, -0.3082 0.2422 -0.2038, -0.2994 0.2542 -0.2048, -0.3413 0.1927 -0.1999, -0.3805 0.0976 -0.1931, -0.3665 0.1388 -0.1959, -0.3616 0.1534 -0.1969, -0.3832 0.0824 -0.1921, -0.3926 -0.0154 -0.1861, -0.3912 0.0255 -0.1886, -0.3907 0.0407 -0.1895, -0.3909 -0.0307 -0.1852, -0.3714 -0.1286 -0.1789, -0.3822 -0.0876 -0.1816, -0.3863 -0.0721 -0.1827, -0.3648 -0.1439 -0.1778, -0.3165 -0.2335 -0.171, -0.339 -0.1975 -0.1738, -0.348 -0.183 -0.175, -0.3053 -0.2466 -0.1699, -0.2343 -0.3162 -0.1635, -0.2651 -0.2895 -0.1661, -0.2781 -0.2783 -0.1671, -0.22 -0.3253 -0.1625, -0.1351 -0.3699 -0.1567, -0.1714 -0.3535 -0.1591, -0.1869 -0.3465 -0.1602, -0.118 -0.3748 -0.1556, -0.0202 -0.3936 -0.149, -0.0608 -0.3883 -0.1517, -0.079 -0.3859 -0.153, -0.0015 -0.3931 -0.1478, 0.0974 -0.3821 -0.1412, 0.0579 -0.389 -0.1438, 0.0392 -0.3922 -0.1451, 0.1154 -0.3761 -0.14, 0.2027 -0.3384 -0.1342, 0.1691 -0.3554 -0.1364, 0.1524 -0.3638 -0.1375, 0.218 -0.3277 -0.133, 0.2916 -0.2659 -0.127, 0.2634 -0.2925 -0.1295, 0.2492 -0.3059 -0.1307, 0.304 -0.2501 -0.1257, 0.3573 -0.1675 -0.1192, 0.3382 -0.2014 -0.1217, 0.3281 -0.2193 -0.1231, 0.3647 -0.1481 -0.1178, 0.3907 -0.0554 -0.1116, 0.3827 -0.092 -0.1139, 0.3783 -0.1122 -0.1153, 0.3921 -0.035 -0.1103, 0.3903 0.0573 -0.1048, 0.393 0.0211 -0.107, 0.3945 0.0009 -0.1082, 0.3856 0.078 -0.1034, 0.3561 0.1692 -0.0972, 0.3696 0.1344 -0.0996, 0.3775 0.1141 -0.1011, 0.345 0.1886 -0.0957, 0.2896 0.2671 -0.0893, 0.3125 0.2384 -0.0917, 0.3265 0.2208 -0.0932, 0.2732 0.2824 -0.0879, 0.2004 0.3389 -0.0822, 0.2288 0.3194 -0.0843, 0.247 0.3068 -0.0856, 0.1808 0.3486 -0.0809, 0.0947 0.3819 -0.0752, 0.1281 0.371 -0.0774, 0.1499 0.364 -0.0788, 0.0714 0.3858 -0.0736, -0.0231 0.3925 -0.0673, 0.0123 0.392 -0.0697, 0.0364 0.3917 -0.0713, -0.0472 0.3892 -0.0657, -0.1377 0.3681 -0.0597, -0.1051 0.3777 -0.0618, -0.0818 0.3845 -0.0634, -0.1595 0.3581 -0.0582, -0.2365 0.3137 -0.0529, -0.209 0.3315 -0.0548, -0.1893 0.3443 -0.0562, -0.255 0.2975 -0.0513, -0.3181 0.2303 -0.0453, -0.2964 0.2561 -0.0476, -0.2801 0.2754 -0.0492, -0.3317 0.2083 -0.0436, -0.3723 0.125 -0.0375, -0.3594 0.1556 -0.0396, -0.3493 0.1796 -0.0414, -0.3788 0.0998 -0.0358, -0.3927 0.0118 -0.0302, -0.3895 0.0429 -0.0321, -0.3868 0.0685 -0.0337, -0.3917 -0.0133 -0.0287, -0.3798 -0.1011 -0.0233, -0.3856 -0.0701 -0.0253, -0.3904 -0.0443 -0.0269, -0.3709 -0.1267 -0.0215, -0.3328 -0.2095 -0.0155, -0.3476 -0.1813 -0.0176, -0.3605 -0.1569 -0.0194, -0.3162 -0.2319 -0.0136, -0.2562 -0.2986 -0.0078, -0.2779 -0.2769 -0.0097, -0.2976 -0.2572 -0.0115, -0.2342 -0.315 -0.0061, -0.161 -0.3593 -0.0009, -0.1868 -0.3454 -0.0027, -0.2104 -0.3327 -0.0043, -0.1349 -0.3689 0.0008, -0.1068 -0.3791 0.0027, -0.0787 -0.3849 0.0045, -0.0491 -0.3909 0.0065, -0.0198 -0.3925 0.0085, 0.0103 -0.394 0.0105, 0.0398 -0.3911 0.0124, 0.0693 -0.3881 0.0144, 0.098 -0.3808 0.0163, 0.1261 -0.3737 0.0182, 0.1531 -0.3624 0.02, 0.1789 -0.3516 0.0217, 0.2034 -0.3369 0.0234, 0.2269 -0.3227 0.025, 0.2498 -0.3041 0.0269, 0.2715 -0.2863 0.0286, 0.292 -0.2637 0.0306, 0.3111 -0.2428 0.0324, 0.3284 -0.2169 0.0345, 0.3441 -0.1933 0.0364, 0.3573 -0.1648 0.0385, 0.3692 -0.1395 0.0403, 0.378 -0.1094 0.0424, 0.3857 -0.0832 0.0441, 0.39 -0.0525 0.0461, 0.3937 -0.0264 0.0477, 0.3935 0.0039 0.0495, 0.3934 0.0296 0.051, 0.3887 0.0605 0.0529, 0.3848 0.0865 0.0546, 0.3754 0.1172 0.0566, 0.3676 0.1426 0.0584, 0.3534 0.1723 0.0606, 0.3419 0.1962 0.0623, 0.3232 0.2237 0.0645, 0.3084 0.2453 0.0663, 0.2858 0.2696 0.0684, 0.2684 0.2883 0.0701, 0.2428 0.3088 0.0721, 0.2236 0.3242 0.0737, 0.1959 0.3404 0.0755, 0.1752 0.3526 0.077, 0.1448 0.3649 0.079, 0.1221 0.3741 0.0805, 0.0892 0.3821 0.0827, 0.0651 0.388 0.0843, 0.0306 0.3911 0.0866, 0.0059 0.3932 0.0882, -0.029 0.3911 0.0906, -0.0534 0.3895 0.0922, -0.0876 0.3821 0.0945, -0.1109 0.3771 0.096, -0.1432 0.3649 0.0982, -0.1648 0.3568 0.0996, -0.1943 0.3404 0.1016, -0.2138 0.3296 0.1029, -0.2413 0.3088 0.105, -0.2594 0.295 0.1064, -0.2843 0.2696 0.1087, -0.3003 0.2531 0.1102, -0.3216 0.2236 0.1126, -0.335 0.205 0.1142, -0.3518 0.1722 0.1166, -0.3621 0.1521 0.1181, -0.3738 0.1172 0.1205, -0.3808 0.0962 0.122, -0.3871 0.0604 0.1243, -0.3909 0.0394 0.1256, -0.3919 0.0038 0.1277, -0.3925 -0.0168 0.1289, -0.3884 -0.0526 0.1311, -0.386 -0.0734 0.1324, -0.3764 -0.1094 0.1348, -0.371 -0.1299 0.1362, -0.3557 -0.1649 0.1387, -0.3473 -0.1843 0.1401, -0.3267 -0.217 0.1427, -0.3156 -0.2347 0.1441, -0.2904 -0.2639 0.1466, -0.2771 -0.2793 0.1479, -0.2481 -0.3042 0.1503, -0.2332 -0.317 0.1516, -0.2017 -0.337 0.1538, -0.1857 -0.3471 0.1549, -0.1514 -0.3625 0.1572, -0.1338 -0.3704 0.1583, -0.0963 -0.381 0.1608, -0.0776 -0.3862 0.1621, -0.0381 -0.3912 0.1647, -0.0188 -0.3936 0.166, 0.0215 -0.3926 0.1687, 0.0407 -0.3921 0.17, 0.0804 -0.385 0.1726, 0.0988 -0.3817 0.1739, 0.1366 -0.369 0.1764, 0.1537 -0.3632 0.1775, 0.1885 -0.3455 0.1798, 0.2039 -0.3377 0.1809, 0.236 -0.3151 0.1832, 0.2503 -0.305 0.1843, 0.2797 -0.277 0.1869, 0.2925 -0.2648 0.188, 0.3181 -0.232 0.1908, 0.3289 -0.2181 0.1919, 0.3495 -0.1813 0.1947, 0.3579 -0.1662 0.1959, 0.3728 -0.1267 0.1987, 0.3787 -0.1108 0.1998, 0.3874 -0.07 0.2024, 0.3909 -0.0541 0.2035, 0.3935 -0.0133 0.2059, 0.3945 0.0023 0.2068, 0.3913 0.043 0.2093, 0.3901 0.0587 0.2103, 0.3806 0.0999 0.213, 0.3771 0.1154 0.214, 0.3613 0.1558 0.2168, 0.3555 0.1705 0.2179, 0.3335 0.2085 0.2208, 0.3257 0.222 0.2218, 0.2982 0.2563 0.2247, 0.2887 0.2682 0.2257, 0.2567 0.2977 0.2285, 0.246 0.3076 0.2294, 0.2108 0.3317 0.232, 0.1993 0.3396 0.2328, 0.1612 0.3583 0.2354, 0.1486 0.3645 0.2362, 0.1067 0.3779 0.239, 0.0933 0.3823 0.2399, 0.0488 0.3895 0.2429, 0.0349 0.3918 0.2438, -0.0107 0.3923 0.2468, -0.0245 0.3925 0.2478, -0.0699 0.3861 0.2508, -0.0832 0.3842 0.2517, -0.1266 0.3713 0.2546, -0.139 0.3676 0.2554, -0.1793 0.3489 0.2581, -0.1905 0.3437 0.2588, -0.2273 0.3196 0.2614, -0.2376 0.3128 0.2622, -0.2718 0.2826 0.2651, -0.281 0.2744 0.2658, -0.3111 0.2386 0.2689, -0.319 0.2292 0.2697, -0.3437 0.1887 0.2729, -0.3499 0.1784 0.2737, -0.3683 0.1345 0.2768, -0.3728 0.1237 0.2776, -0.3843 0.078 0.2806, -0.387 0.0671 0.2813, -0.3917 0.0211 0.2842, -0.3927 0.0105 0.2848, -0.3907 -0.0351 0.2875, -0.3903 -0.0457 0.2881, -0.3814 -0.0921 0.2911, -0.3794 -0.1025 0.2918, -0.3634 -0.1483 0.295, -0.3599 -0.1582 0.2956, -0.3368 -0.2016 0.2989, -0.332 -0.2107 0.2996, -0.3026 -0.2503 0.3029, -0.2966 -0.2583 0.3035, -0.2619 -0.2928 0.3067, -0.2552 -0.2995 0.3073, -0.2165 -0.328 0.3102, -0.2093 -0.3334 0.3108, -0.1676 -0.3557 0.3136, -0.1598 -0.3599 0.3141, -0.1138 -0.3765 0.3172, -0.1055 -0.3795 0.3177, -0.0563 -0.3894 0.321, -0.0477 -0.3911 0.3216, 0.0032 -0.3936 0.325, 0.0117 -0.394 0.3255, 0.0626 -0.3887 0.3289, 0.0707 -0.3879 0.3295, 0.1199 -0.3752 0.3327, 0.1274 -0.3732 0.3332, 0.1733 -0.3538 0.3363, 0.1801 -0.351 0.3368, 0.222 -0.3256 0.3396, 0.2281 -0.3219 0.3401, 0.2671 -0.2898 0.3432, 0.2726 -0.2853 0.3437, 0.3073 -0.2468 0.347, 0.312 -0.2416 0.3475, 0.341 -0.1977 0.351, 0.3448 -0.192 0.3515, 0.367 -0.144 0.355, 0.3697 -0.1381 0.3554, -0.335 0.2049 0.4291, -0.3358 0.2038 0.4292, -0.3622 0.1518 0.4331, -0.3627 0.1507 0.4332, -0.3812 0.0948 0.437, -0.391 0.038 0.4406, -0.3925 -0.0181 0.4439, -0.3858 -0.0748 0.4474, -0.3705 -0.1313 0.4512, -0.3466 -0.1856 0.4551, -0.3148 -0.2358 0.4591, -0.2761 -0.2803 0.463, -0.1845 -0.3478 0.4699, -0.2312 -0.3184 0.4667, -0.2321 -0.3178 0.4666, -0.1834 -0.3483 0.47, -0.0762 -0.3865 0.4771, -0.131 -0.3713 0.4735, -0.1325 -0.3709 0.4734, -0.0744 -0.3867 0.4773, 0.0421 -0.392 0.485, -0.0152 -0.3936 0.4812, -0.0174 -0.3937 0.4811, 0.0444 -0.3915 0.4852, 0.155 -0.3627 0.4926, 0.1026 -0.3805 0.4891, 0.1002 -0.3814 0.4889, 0.1575 -0.3614 0.4927, 0.2514 -0.3041 0.4993, 0.2075 -0.3353 0.4961, 0.2051 -0.337 0.4959, 0.2538 -0.3018 0.4996, 0.3297 -0.2169 0.507, 0.2957 -0.2609 0.5033, 0.2935 -0.2638 0.5031, 0.3316 -0.2135 0.5073, 0.3791 -0.1095 0.5148, 0.36 -0.161 0.5112, 0.3585 -0.1649 0.511, 0.38 -0.1052 0.5151, 0.3945 0.0036 0.5219, 0.3913 -0.0482 0.5188, 0.391 -0.0527 0.5185, 0.3941 0.0082 0.5222, 0.3767 0.1168 0.529, 0.3887 0.065 0.5256, 0.3899 0.0601 0.5253, 0.3747 0.1218 0.5294, 0.3249 0.2232 0.5369, 0.352 0.1767 0.5333, 0.3549 0.1718 0.5329, 0.3211 0.2278 0.5373, 0.2449 0.3085 0.5445, 0.2832 0.2733 0.5412, 0.2877 0.2692 0.5408, 0.2397 0.312 0.5449, 0.1473 0.365 0.5513, 0.1925 0.343 0.5482, 0.1981 0.3403 0.5479, 0.1409 0.367 0.5517, 0.0335 0.3919 0.5588, 0.0849 0.3837 0.5554, 0.0919 0.3826 0.555, 0.0261 0.392 0.5593, -0.0846 0.3839 0.5667, -0.0336 0.3913 0.5633, -0.026 0.3924 0.5628, -0.0921 0.3816 0.5672, -0.1917 0.343 0.5739, -0.1475 0.3637 0.5709, -0.1403 0.3671 0.5704, -0.1983 0.3387 0.5743, -0.282 0.2734 0.5809, -0.245 0.3064 0.5778, -0.2387 0.312 0.5772, -0.2877 0.2666 0.5815, -0.3506 0.1771 0.5887, -0.3246 0.2201 0.5854, -0.3198 0.228 0.5848, -0.3542 0.1683 0.5894, -0.3873 0.0657 0.5964, -0.3756 0.113 0.5933, -0.3732 0.1223 0.5927, -0.3882 0.0561 0.597, -0.3901 -0.0471 0.6032, -0.3923 -0.0004 0.6004, -0.3928 0.0091 0.5998, -0.3882 -0.057 0.6038, -0.3593 -0.1595 0.6107, -0.3755 -0.1139 0.6075, -0.379 -0.1039 0.6068, -0.3541 -0.1692 0.6114, -0.2957 -0.2594 0.6186, -0.3245 -0.2209 0.6154, -0.3312 -0.2119 0.6147, -0.2876 -0.2674 0.6193, -0.2081 -0.3341 0.6258, -0.2449 -0.3072 0.623, -0.2541 -0.3004 0.6223, -0.1982 -0.3394 0.6265, -0.1041 -0.3799 0.6328, -0.1474 -0.3644 0.6299, -0.1585 -0.3604 0.6291, -0.092 -0.3823 0.6336, 0.0131 -0.3939 0.6406, -0.0335 -0.3919 0.6375, -0.0463 -0.3913 0.6366, 0.0261 -0.3925 0.6414, 0.1287 -0.3728 0.6483, 0.0849 -0.3843 0.6454, 0.0721 -0.3876 0.6445, 0.1408 -0.3676 0.6491, 0.2292 -0.3211 0.6551, 0.1924 -0.3436 0.6526, 0.1813 -0.3503 0.6518, 0.2396 -0.3125 0.6559, 0.3129 -0.2405 0.6626, 0.283 -0.2739 0.6596, 0.2736 -0.2843 0.6587, 0.3208 -0.2284 0.6635, 0.3702 -0.1368 0.6704, 0.3516 -0.1773 0.6675, 0.3455 -0.1908 0.6665, 0.3743 -0.1224 0.6714, 0.3938 -0.0237 0.6778, 0.3883 -0.0657 0.6752, 0.3863 -0.0804 0.6742, 0.3937 -0.009 0.6786, 0.3842 0.0892 0.6847, 0.3908 0.0473 0.682, 0.3932 0.0324 0.6811, 0.3795 0.1043 0.6857, 0.3405 0.1987 0.6924, 0.3594 0.1599 0.6896, 0.3666 0.1453 0.6885, 0.331 0.2123 0.6935, 0.2664 0.2902 0.7002, 0.2952 0.2597 0.6975, 0.3066 0.2475 0.6964, 0.2533 0.3005 0.7012, 0.1727 0.3538 0.707, 0.2071 0.3339 0.7047, 0.2213 0.3258 0.7037, 0.1571 0.36 0.7081, 0.0623 0.3885 0.7144, 0.1024 0.379 0.7117, 0.1194 0.375 0.7106, 0.0443 0.3899 0.7156, -0.0562 0.3891 0.7223, -0.0153 0.392 0.7196, 0.0031 0.3933 0.7184, -0.0743 0.3851 0.7235, -0.1673 0.3556 0.7297, -0.1308 0.3697 0.7273, -0.1136 0.3763 0.7261, -0.1831 0.3467 0.7308, -0.2615 0.2932 0.7365, -0.2308 0.3168 0.7342, -0.2161 0.3281 0.733, -0.2748 0.2793 0.7378, -0.3365 0.2025 0.7443, -0.3136 0.2348 0.7417, -0.3022 0.2509 0.7403, -0.3456 0.1845 0.7456, -0.3815 0.0935 0.7521, -0.3695 0.1301 0.7496, -0.3632 0.1494 0.7482, -0.3849 0.0736 0.7533, -0.3924 -0.0195 0.759, -0.3916 0.0168 0.7569, -0.3911 0.0366 0.7557, -0.39 -0.0394 0.7602, -0.37 -0.1326 0.7663, -0.38 -0.0964 0.7638, -0.3855 -0.0762 0.7625, -0.3613 -0.1523 0.7677, -0.3139 -0.237 0.7742, -0.3341 -0.2053 0.7717, -0.3459 -0.1869 0.7702, -0.2994 -0.2536 0.7756, -0.231 -0.3186 0.7816, -0.2583 -0.2955 0.7794, -0.2751 -0.2813 0.778, -0.2127 -0.3301 0.7829, -0.1312 -0.3713 0.7884, -0.1634 -0.3571 0.7863, -0.1834 -0.3484 0.785, -0.1094 -0.3773 0.7899, -0.0159 -0.3938 0.7961, -0.0517 -0.3895 0.7937, -0.0748 -0.3868 0.7922, 0.0078 -0.393 0.7977, 0.1015 -0.381 0.804, 0.067 -0.3874 0.8017, 0.0435 -0.3918 0.8001, 0.124 -0.3733 0.8055, 0.2062 -0.3363 0.8109, 0.177 -0.3514 0.809, 0.1562 -0.3622 0.8076, 0.2252 -0.3227 0.8124, 0.2944 -0.2627 0.8181, 0.27 -0.2863 0.816, 0.2524 -0.3032 0.8144, 0.3097 -0.2428 0.8198, 0.3591 -0.1636 0.826, 0.3428 -0.1934 0.8238, 0.3305 -0.2157 0.8221, 0.368 -0.1395 0.8277, 0.3912 -0.0513 0.8336, 0.3847 -0.0831 0.8315, 0.3795 -0.1081 0.8299, 0.3927 -0.0263 0.8351, 0.3896 0.0614 0.8404, 0.3924 0.0299 0.8384, 0.3945 0.005 0.8369, 0.3837 0.0868 0.842, 0.3542 0.1731 0.848, 0.3663 0.143 0.8458, 0.3763 0.1181 0.8441, 0.3404 0.1966 0.8498, 0.2867 0.2702 0.8558, 0.3067 0.2456 0.8537, 0.324 0.2244 0.8519, 0.2666 0.2886 0.8576, 0.1969 0.341 0.8629, 0.2215 0.3244 0.8611, 0.2438 0.3094 0.8595, 0.173 0.3525 0.8645, 0.0905 0.3829 0.87, 0.1196 0.3738 0.8681, 0.146 0.3655 0.8663, 0.0624 0.3873 0.8719, 0.0321 0.392 0.8739, 0.0031 0.3921 0.8758, -0.0274 0.3923 0.8779, -0.0563 0.388 0.8798, -0.086 0.3836 0.8818, -0.1138 0.3751 0.8836, -0.1416 0.3666 0.8855, -0.1675 0.3544 0.8872, -0.1928 0.3424 0.8889, -0.2164 0.3267 0.8906, -0.2398 0.3112 0.8923, -0.2617 0.2915 0.8941, -0.283 0.2724 0.8959, -0.3023 0.2491 0.8979, -0.3207 0.2268 0.8998, -0.3365 0.2004 0.9019, -0.3512 0.1758 0.9038, -0.363 0.1471 0.9058, -0.3737 0.121 0.9077, -0.381 0.091 0.9097, -0.3875 0.0643 0.9114, -0.3903 0.0341 0.9133, -0.3928 0.0078 0.9149, -0.3913 -0.0221 0.9167, -0.3899 -0.0484 0.9182, -0.3839 -0.0789 0.9202, -0.3787 -0.1052 0.9219, -0.3679 -0.1353 0.924, -0.3587 -0.1608 0.9258, -0.3433 -0.1895 0.9279, -0.3305 -0.2131 0.9297, -0.3107 -0.2393 0.9319, -0.338 -0.1199 0.4801, -0.3161 -0.1697 0.4841, -0.3567 0.0352 0.4695, -0.3581 -0.0162 0.4728, 0.1583 0.3225 0.8934, 0.1095 0.342 0.897, 0.0849 0.3488 0.8987, 0.2027 0.2967 0.8901, 0.244 0.264 0.8865, 0.2808 0.2247 0.8827, 0.3116 0.1799 0.8787, 0.3352 0.1308 0.8747, 0.3511 0.0794 0.8709, 0.359 0.0273 0.8673, 0.3593 -0.0241 0.864, 0.352 -0.0761 0.8604, 0.3368 -0.1277 0.8566, 0.3137 -0.177 0.8527, 0.2834 -0.2222 0.8487, 0.2471 -0.262 0.8448, 0.2061 -0.2952 0.8412, 0.162 -0.3215 0.8379, 0.1135 -0.3416 0.8344, 0.3563 0.0512 -0.3909, 0.3448 0.1032 -0.3872, 0.3253 0.1538 -0.3833, 0.2982 0.2011 -0.3793, 0.2645 0.2436 -0.3754, 0.2254 0.2799 -0.3717, 0.1827 0.3094 -0.3682, 0.1363 0.3323 -0.3649, 0.0857 0.3487 -0.3612, 0.0323 0.3574 -0.3572, -0.0223 0.3581 -0.3533, -0.076 0.3505 -0.3493, -0.1271 0.3353 -0.3456, -0.1742 0.3133 -0.3422, -0.2174 0.2849 -0.3388, -0.2571 0.2496 -0.3351, -0.2918 0.208 -0.3312, -0.3199 0.1613 -0.3272, -0.3407 0.1112 -0.3233, -0.3534 0.0593 -0.3195, -0.3583 0.0074 -0.3161, -0.3558 -0.0441 -0.3127, -0.3454 -0.0961 -0.3091, -0.3271 -0.1471 -0.3052, -0.3012 -0.195 -0.3012, -0.2684 -0.2383 -0.2972, -0.2301 -0.2756 -0.2935, -0.1878 -0.3062 -0.29, -0.1421 -0.33 -0.2867, -0.0921 -0.3475 -0.283, -0.0389 -0.3575 -0.2791, 0.0155 -0.3594 -0.2751, 0.0695 -0.3531 -0.2712, 0.1212 -0.3389 -0.2674, 0.169 -0.3179 -0.2639, 0.2126 -0.2906 -0.2606, 0.253 -0.2563 -0.2569, 0.2885 -0.2156 -0.2531, 0.3177 -0.1696 -0.2491, 0.3396 -0.1199 -0.2451, 0.3536 -0.0681 -0.2414, 0.3597 -0.0162 -0.2379, 0.3583 0.0352 -0.2345, 0.3492 0.0873 -0.2309, 0.3321 0.1385 -0.227, 0.3073 0.187 -0.2231, 0.2755 0.2311 -0.2191, 0.2379 0.2695 -0.2153, 0.1961 0.3011 -0.2118, 0.1511 0.3259 -0.2085, 0.1017 0.3444 -0.2048, 0.0489 0.3556 -0.201, -0.0055 0.3588 -0.197, -0.0597 0.3537 -0.1931, -0.1118 0.3407 -0.1892, -0.1603 0.3207 -0.1857, -0.2044 0.2944 -0.1824, -0.2454 0.2612 -0.1788, -0.2817 0.2214 -0.1749, -0.312 0.1762 -0.171, -0.3351 0.1269 -0.167, -0.3504 0.0753 -0.1632, -0.3576 0.0233 -0.1596, -0.3574 -0.0281 -0.1563, -0.3495 -0.0802 -0.1527, -0.3336 -0.1316 -0.1489, -0.3099 -0.1807 -0.1449, -0.2791 -0.2256 -0.141, -0.2424 -0.2649 -0.1371, -0.2011 -0.2975 -0.1336, -0.1567 -0.3233 -0.1302, -0.1079 -0.3428 -0.1267, -0.0555 -0.3552 -0.1228, -0.0013 -0.3597 -0.1189, 0.0531 -0.3559 -0.1149, 0.1056 -0.3441 -0.1111, 0.1548 -0.325 -0.1075, 0.1995 -0.2998 -0.1042, 0.241 -0.2676 -0.1006, 0.2782 -0.2288 -0.0968, 0.3095 -0.1843 -0.0928, 0.3337 -0.1355 -0.0889, 0.3502 -0.0842 -0.085, 0.3587 -0.0321 -0.0814, 0.3595 0.0193 -0.0781, 0.3528 0.0713 -0.0746, 0.3382 0.123 -0.0708, 0.3157 0.1725 -0.0668, 0.2859 0.2181 -0.0628, 0.25 0.2584 -0.059, 0.2093 0.2921 -0.0553, 0.1654 0.3189 -0.052, 0.1173 0.3394 -0.0485, 0.0654 0.353 -0.0447, 0.0113 0.3587 -0.0408, -0.0431 0.3561 -0.0368, -0.0961 0.3455 -0.0329, -0.1458 0.3275 -0.0293, -0.1912 0.3032 -0.0259, -0.2332 0.2721 -0.0224, -0.2711 0.2343 -0.0187, -0.3034 0.1906 -0.0147, -0.3288 0.1423 -0.0107, -0.3465 0.0913 -0.0069, -0.3562 0.0392 -0.0032, -0.3582 -0.0122 0.0001, -0.3527 -0.0641 0.0036, -0.3393 -0.116 0.0074, -0.318 -0.166 0.0113, -0.2893 -0.2123 0.0153, -0.2542 -0.2534 0.0192, -0.2142 -0.2882 0.0229, -0.1708 -0.316 0.0262, -0.1233 -0.3375 0.0297, -0.0719 -0.3522 0.0334, -0.018 -0.3592 0.0374, 0.0365 -0.3579 0.0414, 0.0898 -0.3485 0.0452, 0.1401 -0.3316 0.0489, 0.1861 -0.3082 0.0523, 0.2286 -0.2782 0.0557, 0.2673 -0.2414 0.0595, 0.3006 -0.1985 0.0634, 0.3271 -0.1508 0.0674, 0.346 -0.1001 0.0713, 0.3569 -0.0481 0.075, 0.3601 0.0035 0.0784, 0.3557 0.0553 0.0818, 0.3436 0.1072 0.0855, 0.3235 0.1576 0.0895, 0.2958 0.2046 0.0934, 0.2616 0.2466 0.0973, 0.2223 0.2825 0.1011, 0.1793 0.3114 0.1045, 0.1326 0.3338 0.1079, 0.0817 0.3496 0.1116, 0.0281 0.3578 0.1155, -0.0265 0.3578 0.1195, -0.0801 0.3496 0.1234, -0.131 0.3338 0.1271, -0.1777 0.3113 0.1305, -0.2206 0.2824 0.1339, -0.26 0.2466 0.1376, -0.2942 0.2046 0.1415, -0.3218 0.1576 0.1455, -0.3419 0.1072 0.1494, -0.3541 0.0552 0.1532, -0.3584 0.0035 0.1566, -0.3552 -0.0481 0.16, -0.3443 -0.1001 0.1637, -0.3254 -0.1509 0.1676, -0.2989 -0.1985 0.1716, -0.2656 -0.2414 0.1755, -0.2269 -0.2783 0.1792, -0.1844 -0.3082 0.1827, -0.1384 -0.3316 0.1861, -0.0881 -0.3485 0.1897, -0.0348 -0.3579 0.1936, 0.0197 -0.3592 0.1976, 0.0736 -0.3522 0.2015, 0.125 -0.3375 0.2053, 0.1725 -0.316 0.2088, 0.2159 -0.2882 0.2121, 0.2559 -0.2534 0.2158, 0.291 -0.2123 0.2197, 0.3197 -0.1659 0.2237, 0.341 -0.1159 0.2276, 0.3544 -0.0641 0.2314, 0.3599 -0.0122 0.2348, 0.3579 0.0393 0.2382, 0.3482 0.0913 0.2418, 0.3305 0.1424 0.2457, 0.3051 0.1906 0.2497, 0.2728 0.2343 0.2536, 0.2348 0.2722 0.2574, 0.1928 0.3032 0.2609, 0.1474 0.3275 0.2643, 0.0977 0.3455 0.2679, 0.0447 0.3561 0.2718, -0.0097 0.3587 0.2757, -0.0638 0.353 0.2797, -0.1157 0.3394 0.2835, -0.1638 0.3189 0.287, -0.2077 0.2921 0.2903, -0.2484 0.2583 0.2939, -0.2843 0.2181 0.2978, -0.3141 0.1725 0.3018, -0.3366 0.1229 0.3057, -0.3512 0.0713 0.3095, -0.3579 0.0193 0.3131, -0.357 -0.0321 0.3164, -0.3485 -0.0842 0.32, -0.3321 -0.1355 0.3239, -0.3078 -0.1843 0.3278, -0.2765 -0.2288 0.3318, -0.2393 -0.2676 0.3356, -0.1978 -0.2998 0.3391, -0.1531 -0.325 0.3425, -0.1039 -0.3441 0.3461, -0.0514 -0.3559 0.3499, 0.003 -0.3597 0.3539, 0.0572 -0.3552 0.3578, 0.1096 -0.3428 0.3617, 0.1584 -0.3233 0.3652, 0.2028 -0.2975 0.3685, 0.244 -0.2648 0.3721, 0.2808 -0.2255 0.3759, 0.3116 -0.1806 0.3799, 0.3353 -0.1316 0.3839, 0.3511 -0.0801 0.3877, 0.359 -0.0281 0.3913, 0.3593 0.0233 0.3946, 0.352 0.0753 0.3982, 0.3368 0.1269 0.402, 0.3137 0.1762 0.406, 0.2834 0.2215 0.4099, 0.247 0.2612 0.4138, 0.2061 0.2944 0.4174, 0.1619 0.3207 0.4207, 0.1134 0.3407 0.4242, 0.0613 0.3537 0.428, 0.0071 0.3588 0.432, -0.0473 0.3556 0.436, -0.1001 0.3444 0.4398, -0.1495 0.3259 0.4434, -0.1945 0.3011 0.4468, -0.2363 0.2694 0.4503, -0.2739 0.2311 0.4541, -0.3057 0.187 0.458, -0.3305 0.1385 0.462, -0.3476 0.0873 0.4659, -0.352 -0.0682 0.4763, -0.2868 -0.2157 0.4881, -0.2513 -0.2564 0.4919, -0.2109 -0.2906 0.4956, -0.1673 -0.3179 0.4989, -0.1195 -0.3389 0.5024, -0.0678 -0.3531 0.5062, -0.0138 -0.3594 0.5101, 0.0407 -0.3575 0.5141, 0.0938 -0.3474 0.518, 0.1438 -0.33 0.5216, 0.1895 -0.3061 0.525, 0.2318 -0.2756 0.5285, 0.2701 -0.2383 0.5322, 0.3029 -0.195 0.5362, 0.3288 -0.147 0.5401, 0.3471 -0.0961 0.544, 0.3574 -0.044 0.5477, 0.36 0.0075 0.5511, 0.3551 0.0593 0.5545, 0.3423 0.1112 0.5583, 0.3216 0.1614 0.5622, 0.2934 0.2081 0.5662, 0.2587 0.2497 0.5701, 0.219 0.285 0.5738, 0.1759 0.3133 0.5771, 0.1288 0.3353 0.5806, 0.0776 0.3505 0.5843, 0.0239 0.3581 0.5882, -0.0307 0.3574 0.5922, -0.0841 0.3486 0.5961, -0.1347 0.3323 0.5998, -0.1811 0.3094 0.6032, -0.2238 0.2799 0.6066, -0.2629 0.2436 0.6104, -0.2966 0.2011 0.6143, -0.3237 0.1538 0.6183, -0.3432 0.1032 0.6222, -0.3547 0.0512 0.6259, -0.3584 -0.0005 0.6293, -0.3547 -0.0521 0.6327, -0.3431 -0.1041 0.6364, -0.3236 -0.1547 0.6403, -0.2965 -0.202 0.6443, -0.2628 -0.2445 0.6482, -0.2238 -0.2808 0.652, -0.181 -0.3103 0.6554, -0.1346 -0.3332 0.6588, -0.084 -0.3495 0.6625, -0.0306 -0.3583 0.6664, 0.024 -0.3589 0.6704, 0.0777 -0.3514 0.6743, 0.1288 -0.3361 0.678, 0.1759 -0.3141 0.6815, 0.2191 -0.2858 0.6848, 0.2588 -0.2504 0.6885, 0.2935 -0.2088 0.6924, 0.3216 -0.1622 0.6964, 0.3423 -0.112 0.7003, 0.3551 -0.0601 0.7041, 0.36 -0.0082 0.7075, 0.3574 0.0433 0.7109, 0.3471 0.0953 0.7146, 0.3288 0.1462 0.7185, 0.3028 0.1942 0.7224, 0.27 0.2375 0.7264, 0.2317 0.2748 0.7301, 0.1894 0.3053 0.7336, 0.1437 0.3292 0.737, 0.0937 0.3466 0.7406, 0.0406 0.3566 0.7445, -0.0139 0.3585 0.7485, -0.0679 0.3522 0.7524, -0.1196 0.3381 0.7562, -0.1674 0.317 0.7597, -0.211 0.2897 0.763, -0.2513 0.2554 0.7667, -0.2869 0.2147 0.7706, -0.3161 0.1687 0.7745, -0.338 0.119 0.7785, -0.352 0.0672 0.7823, -0.3581 0.0153 0.7858, -0.3566 -0.0361 0.7891, -0.3475 -0.0882 0.7927, -0.3304 -0.1394 0.7966, -0.3056 -0.1879 0.8006, -0.2738 -0.232 0.8045, -0.2362 -0.2704 0.8083, -0.1945 -0.302 0.8118, -0.1494 -0.3268 0.8152, -0.1 -0.3452 0.8188, -0.0472 -0.3565 0.8226, 0.0072 -0.3596 0.8266, 0.0614 -0.3545 0.8306
            ]
        }
        coordIndex [
            0,1,2,-1,3,4,5,-1,5,4,6,-1,6,7,5,-1,5,7,8,-1,5,8,9,-1,9,10,5,-1,5,10,11,-1,5,11,12,-1,13,14,15,-1,16,13,17,-1,17,13,15,-1,17,15,18,-1,16,19,13,-1,13,19,20,-1,13,20,3,-1,3,20,21,-1,3,21,4,-1,22,23,24,-1,23,25,24,-1,24,25,26,-1,24,26,27,-1,27,28,24,-1,24,28,29,-1,24,29,30,-1,30,31,32,-1,32,31,33,-1,32,33,34,-1,34,35,32,-1,32,35,36,-1,32,36,37,-1,37,38,32,-1,32,38,39,-1,32,39,13,-1,13,39,40,-1,13,40,14,-1,41,42,43,-1,43,42,44,-1,43,44,45,-1,46,47,48,-1,44,49,45,-1,45,49,50,-1,45,50,51,-1,46,48,52,-1,51,53,45,-1,45,53,54,-1,45,54,48,-1,48,54,55,-1,48,55,52,-1,47,56,48,-1,48,56,57,-1,48,57,24,-1,24,57,58,-1,24,58,22,-1,59,60,61,-1,61,60,62,-1,62,63,61,-1,61,63,64,-1,61,64,65,-1,65,66,61,-1,61,66,67,-1,61,67,68,-1,68,69,61,-1,61,69,70,-1,61,70,71,-1,71,70,72,-1,71,72,73,-1,73,74,71,-1,71,74,75,-1,71,75,76,-1,76,75,77,-1,76,77,78,-1,79,80,43,-1,81,82,83,-1,83,82,84,-1,83,84,45,-1,45,84,85,-1,85,86,45,-1,45,86,87,-1,45,87,88,-1,79,43,89,-1,88,90,45,-1,45,90,91,-1,45,91,43,-1,43,91,92,-1,43,92,89,-1,80,93,43,-1,43,93,94,-1,43,94,61,-1,61,94,95,-1,61,95,96,-1,96,97,61,-1,61,97,98,-1,61,98,99,-1,99,100,61,-1,61,100,101,-1,61,101,102,-1,102,103,61,-1,61,103,104,-1,61,104,59,-1,105,106,76,-1,107,108,105,-1,105,108,109,-1,78,110,76,-1,76,110,111,-1,76,111,105,-1,105,111,112,-1,105,112,107,-1,113,114,115,-1,109,116,105,-1,105,116,117,-1,105,117,118,-1,118,117,119,-1,118,119,120,-1,120,119,121,-1,115,122,113,-1,113,122,123,-1,113,123,124,-1,124,123,125,-1,124,125,126,-1,126,125,127,-1,121,119,125,-1,125,119,128,-1,125,128,127,-1,129,130,131,-1,131,130,132,-1,113,133,131,-1,131,133,134,-1,131,134,129,-1,132,135,131,-1,131,135,136,-1,131,136,113,-1,113,136,137,-1,113,137,138,-1,139,114,140,-1,140,114,113,-1,140,113,141,-1,141,113,138,-1,142,143,144,-1,145,146,83,-1,83,146,147,-1,83,147,81,-1,148,149,150,-1,151,152,153,-1,154,155,156,-1,156,155,152,-1,155,157,152,-1,152,157,158,-1,152,158,159,-1,150,153,148,-1,148,153,152,-1,148,152,160,-1,160,152,159,-1,12,154,5,-1,5,154,156,-1,5,156,161,-1,161,156,162,-1,161,162,163,-1,164,165,143,-1,153,164,151,-1,151,164,143,-1,151,143,166,-1,166,143,142,-1,166,142,167,-1,167,142,168,-1,167,168,162,-1,162,168,169,-1,162,169,163,-1,170,171,172,-1,172,171,143,-1,172,143,173,-1,173,143,165,-1,173,165,174,-1,174,165,175,-1,176,177,178,-1,179,180,181,-1,181,180,182,-1,183,184,185,-1,185,184,186,-1,185,186,187,-1,178,188,176,-1,176,188,183,-1,176,183,179,-1,179,183,185,-1,179,185,180,-1,180,185,189,-1,180,189,190,-1,191,192,193,-1,193,192,194,-1,195,196,197,-1,198,199,200,-1,201,202,199,-1,199,202,203,-1,199,203,200,-1,195,197,204,-1,204,197,205,-1,204,205,206,-1,207,208,209,-1,209,208,204,-1,209,204,210,-1,210,204,206,-1,207,211,208,-1,208,211,212,-1,208,212,213,-1,213,214,208,-1,208,214,215,-1,208,215,182,-1,182,215,216,-1,182,216,217,-1,218,219,220,-1,219,221,220,-1,220,221,222,-1,220,222,223,-1,224,225,226,-1,226,225,227,-1,226,227,228,-1,2,1,229,-1,217,218,182,-1,182,218,220,-1,182,220,181,-1,181,220,230,-1,181,230,2,-1,2,230,231,-1,2,231,0,-1,232,233,234,-1,234,233,235,-1,234,235,236,-1,236,235,227,-1,227,235,237,-1,227,237,228,-1,204,238,239,-1,239,238,240,-1,187,186,241,-1,241,186,242,-1,241,242,243,-1,244,245,246,-1,208,247,204,-1,204,247,248,-1,204,248,238,-1,238,248,241,-1,238,241,246,-1,246,241,243,-1,246,243,244,-1,245,249,246,-1,246,249,250,-1,246,250,251,-1,251,252,246,-1,246,252,253,-1,246,253,237,-1,253,254,237,-1,237,254,255,-1,237,255,256,-1,256,257,237,-1,237,257,258,-1,237,258,228,-1,259,260,261,-1,260,262,261,-1,261,262,263,-1,261,263,264,-1,264,263,265,-1,266,267,265,-1,265,267,268,-1,265,268,264,-1,269,270,265,-1,265,270,271,-1,265,271,272,-1,272,273,265,-1,265,273,274,-1,265,274,266,-1,275,276,277,-1,278,279,225,-1,188,193,183,-1,183,193,194,-1,183,194,224,-1,224,194,229,-1,224,229,225,-1,225,229,1,-1,225,1,278,-1,279,280,225,-1,225,280,281,-1,225,281,282,-1,283,277,284,-1,284,277,225,-1,284,225,285,-1,285,225,282,-1,275,277,286,-1,283,287,277,-1,277,287,288,-1,277,288,286,-1,289,290,291,-1,291,290,292,-1,291,292,283,-1,283,292,293,-1,283,293,287,-1,289,294,290,-1,290,294,295,-1,290,295,296,-1,297,298,299,-1,300,301,302,-1,163,303,161,-1,161,303,304,-1,161,304,305,-1,305,306,161,-1,161,306,307,-1,161,307,308,-1,308,309,161,-1,161,309,310,-1,161,310,195,-1,195,310,311,-1,195,311,312,-1,302,313,300,-1,300,313,196,-1,300,196,314,-1,314,196,195,-1,314,195,315,-1,315,195,312,-1,316,317,318,-1,318,317,319,-1,320,321,322,-1,322,321,323,-1,322,323,324,-1,325,323,326,-1,326,323,327,-1,327,328,326,-1,326,328,329,-1,326,329,330,-1,330,329,331,-1,330,331,332,-1,332,331,333,-1,332,333,334,-1,325,335,323,-1,323,335,336,-1,323,336,337,-1,337,338,323,-1,323,338,339,-1,323,339,340,-1,340,341,323,-1,323,341,342,-1,323,342,324,-1,343,344,345,-1,346,347,348,-1,299,298,349,-1,349,298,350,-1,349,350,351,-1,348,347,351,-1,351,347,352,-1,351,352,349,-1,346,348,353,-1,353,348,354,-1,353,354,355,-1,356,357,343,-1,354,358,355,-1,355,358,356,-1,355,356,359,-1,359,356,343,-1,359,343,360,-1,360,343,345,-1,357,361,343,-1,343,361,362,-1,343,362,223,-1,363,344,364,-1,364,344,343,-1,364,343,319,-1,319,343,196,-1,319,196,318,-1,318,196,313,-1,365,366,367,-1,367,366,368,-1,369,370,277,-1,277,370,371,-1,371,372,277,-1,277,372,373,-1,277,373,374,-1,374,375,277,-1,277,375,376,-1,277,376,377,-1,378,142,379,-1,377,380,277,-1,277,380,381,-1,277,381,382,-1,379,142,383,-1,149,145,150,-1,150,145,83,-1,150,83,144,-1,144,83,277,-1,144,277,142,-1,142,277,382,-1,142,382,383,-1,259,261,379,-1,379,261,344,-1,379,344,378,-1,312,321,315,-1,315,321,320,-1,315,320,363,-1,363,320,384,-1,363,384,344,-1,344,384,385,-1,385,386,344,-1,344,386,387,-1,344,387,388,-1,388,389,344,-1,344,389,390,-1,344,390,391,-1,391,392,344,-1,344,392,393,-1,344,393,378,-1,394,395,396,-1,396,395,397,-1,394,398,395,-1,395,398,399,-1,395,399,400,-1,400,401,395,-1,395,401,402,-1,395,402,403,-1,403,402,404,-1,404,405,403,-1,403,405,406,-1,403,406,407,-1,407,408,403,-1,403,408,409,-1,403,409,410,-1,397,395,411,-1,411,395,412,-1,411,412,276,-1,276,412,413,-1,276,413,414,-1,368,369,367,-1,367,369,277,-1,367,277,415,-1,415,277,276,-1,415,276,299,-1,299,276,414,-1,299,414,297,-1,362,416,223,-1,223,416,417,-1,223,417,418,-1,200,220,198,-1,198,220,223,-1,198,223,419,-1,419,223,418,-1,420,421,417,-1,420,417,422,-1,423,424,425,-1,426,427,425,-1,425,427,428,-1,425,428,423,-1,426,425,429,-1,429,425,424,-1,429,424,430,-1,430,424,431,-1,430,431,432,-1,432,433,430,-1,430,433,434,-1,430,434,435,-1,422,417,436,-1,436,417,437,-1,436,437,438,-1,438,437,439,-1,438,439,435,-1,435,439,440,-1,435,440,430,-1,296,441,290,-1,290,441,442,-1,290,442,443,-1,443,442,444,-1,443,444,445,-1,445,444,446,-1,445,446,447,-1,447,446,418,-1,447,418,448,-1,448,418,417,-1,448,417,449,-1,449,417,421,-1,30,32,24,-1,24,32,450,-1,24,450,451,-1,451,450,452,-1,451,452,453,-1,453,452,454,-1,453,454,455,-1,455,454,456,-1,455,456,457,-1,457,456,458,-1,457,458,459,-1,459,458,460,-1,459,460,461,-1,461,460,462,-1,461,462,463,-1,463,462,464,-1,463,464,465,-1,465,464,466,-1,465,466,467,-1,467,466,468,-1,467,468,469,-1,469,468,470,-1,469,470,471,-1,471,470,472,-1,471,472,473,-1,473,472,474,-1,473,474,475,-1,475,474,476,-1,475,476,477,-1,477,476,478,-1,477,478,479,-1,479,478,480,-1,479,480,481,-1,481,480,482,-1,481,482,483,-1,483,482,484,-1,483,484,485,-1,485,484,486,-1,485,486,487,-1,487,486,488,-1,487,488,489,-1,489,488,490,-1,489,490,491,-1,491,490,492,-1,491,492,493,-1,493,492,494,-1,493,494,495,-1,495,494,496,-1,495,496,497,-1,497,496,498,-1,497,498,499,-1,499,498,500,-1,499,500,501,-1,501,500,502,-1,501,502,503,-1,503,502,504,-1,503,504,505,-1,505,504,506,-1,505,506,507,-1,507,506,508,-1,507,508,509,-1,509,508,510,-1,509,510,511,-1,511,510,512,-1,511,512,513,-1,513,512,514,-1,513,514,515,-1,515,514,516,-1,515,516,517,-1,517,516,518,-1,517,518,519,-1,519,518,520,-1,519,520,521,-1,521,520,522,-1,521,522,523,-1,523,522,524,-1,523,524,525,-1,525,524,526,-1,525,526,527,-1,527,526,528,-1,527,528,529,-1,529,528,530,-1,529,530,531,-1,531,530,532,-1,531,532,533,-1,533,532,534,-1,533,534,535,-1,535,534,239,-1,535,239,236,-1,236,239,240,-1,236,240,234,-1,536,537,538,-1,539,540,541,-1,542,543,544,-1,544,543,545,-1,546,547,548,-1,548,547,549,-1,550,551,552,-1,553,554,555,-1,556,557,558,-1,559,560,561,-1,561,560,562,-1,563,564,565,-1,566,567,568,-1,568,567,569,-1,570,571,572,-1,573,574,575,-1,576,577,578,-1,578,577,579,-1,578,579,580,-1,579,581,580,-1,580,581,582,-1,580,582,583,-1,583,582,584,-1,584,582,585,-1,584,585,586,-1,586,585,587,-1,586,587,588,-1,588,587,589,-1,588,589,574,-1,574,589,590,-1,574,590,575,-1,591,592,593,-1,573,575,593,-1,593,575,594,-1,593,594,591,-1,592,591,595,-1,595,591,596,-1,595,596,597,-1,596,598,597,-1,597,598,599,-1,597,599,600,-1,600,599,601,-1,601,599,602,-1,601,602,603,-1,602,604,603,-1,603,604,605,-1,603,605,606,-1,606,605,607,-1,605,608,607,-1,607,608,609,-1,607,609,610,-1,610,609,611,-1,609,612,611,-1,611,612,613,-1,611,613,614,-1,614,613,615,-1,614,615,616,-1,616,615,617,-1,616,617,618,-1,618,617,619,-1,618,619,620,-1,620,619,621,-1,620,621,622,-1,622,621,623,-1,622,623,624,-1,624,623,625,-1,624,625,626,-1,626,625,627,-1,626,627,628,-1,628,627,629,-1,628,629,630,-1,630,629,631,-1,630,631,632,-1,632,631,633,-1,632,633,634,-1,634,633,635,-1,634,635,636,-1,636,635,637,-1,636,637,638,-1,638,637,639,-1,638,639,640,-1,640,639,641,-1,640,641,642,-1,642,641,643,-1,642,643,644,-1,644,643,645,-1,644,645,646,-1,646,645,647,-1,646,647,648,-1,648,647,649,-1,648,649,650,-1,650,649,651,-1,650,651,652,-1,652,651,653,-1,652,653,654,-1,654,653,655,-1,654,655,656,-1,656,655,657,-1,656,657,658,-1,658,657,659,-1,658,659,660,-1,660,659,661,-1,660,661,662,-1,662,661,663,-1,662,663,664,-1,664,663,665,-1,664,665,666,-1,666,665,667,-1,666,667,668,-1,668,667,669,-1,668,669,670,-1,670,669,671,-1,670,671,672,-1,672,671,673,-1,672,673,674,-1,674,673,675,-1,674,675,676,-1,676,675,677,-1,676,677,678,-1,678,677,679,-1,678,679,680,-1,680,679,681,-1,680,681,682,-1,682,681,683,-1,682,683,684,-1,684,683,685,-1,684,685,686,-1,686,685,687,-1,686,687,688,-1,688,687,689,-1,688,689,690,-1,690,689,691,-1,690,691,692,-1,692,691,693,-1,692,693,694,-1,694,693,695,-1,694,695,696,-1,696,695,697,-1,696,697,698,-1,698,697,699,-1,698,699,700,-1,700,699,701,-1,700,701,702,-1,702,701,703,-1,702,703,704,-1,704,703,705,-1,704,705,706,-1,706,705,707,-1,706,707,708,-1,708,707,709,-1,708,709,710,-1,710,709,711,-1,710,711,712,-1,712,711,713,-1,712,713,714,-1,714,713,715,-1,714,715,716,-1,716,715,717,-1,716,717,718,-1,718,717,719,-1,718,719,720,-1,720,719,721,-1,720,721,722,-1,722,721,723,-1,722,723,724,-1,724,723,725,-1,724,725,726,-1,726,725,727,-1,726,727,728,-1,728,727,729,-1,728,729,730,-1,730,729,731,-1,730,731,732,-1,732,731,733,-1,732,733,734,-1,734,733,735,-1,734,735,736,-1,736,735,737,-1,736,737,738,-1,738,737,739,-1,738,739,740,-1,740,739,741,-1,740,741,742,-1,742,741,743,-1,742,743,744,-1,744,743,745,-1,744,745,746,-1,746,745,747,-1,746,747,748,-1,748,747,749,-1,748,749,750,-1,750,749,751,-1,750,751,752,-1,752,751,753,-1,752,753,754,-1,754,753,755,-1,754,755,756,-1,756,755,757,-1,756,757,758,-1,758,757,759,-1,758,759,760,-1,760,759,761,-1,760,761,762,-1,762,761,763,-1,762,763,764,-1,764,763,765,-1,764,765,766,-1,766,765,767,-1,766,767,768,-1,768,767,769,-1,768,769,770,-1,770,769,771,-1,770,771,772,-1,772,771,773,-1,772,773,774,-1,774,773,775,-1,774,775,776,-1,776,775,777,-1,572,571,778,-1,778,571,779,-1,778,779,780,-1,776,777,781,-1,781,777,782,-1,781,782,783,-1,783,782,784,-1,783,784,785,-1,785,784,786,-1,785,786,787,-1,787,786,788,-1,787,788,789,-1,789,788,790,-1,789,790,791,-1,791,790,792,-1,791,792,793,-1,793,792,794,-1,793,794,795,-1,795,794,796,-1,795,796,797,-1,797,796,798,-1,797,798,799,-1,799,798,800,-1,799,800,801,-1,801,800,802,-1,801,802,803,-1,803,802,804,-1,803,804,805,-1,805,804,806,-1,805,806,807,-1,807,806,808,-1,807,808,809,-1,809,808,810,-1,809,810,811,-1,811,810,812,-1,811,812,813,-1,813,812,814,-1,813,814,815,-1,815,814,816,-1,815,816,817,-1,817,816,818,-1,817,818,819,-1,819,818,820,-1,819,820,821,-1,821,820,822,-1,821,822,823,-1,823,822,824,-1,823,824,825,-1,825,824,826,-1,825,826,827,-1,827,826,828,-1,827,828,829,-1,829,828,830,-1,829,830,831,-1,831,830,832,-1,831,832,833,-1,833,832,834,-1,833,834,835,-1,835,834,836,-1,835,836,837,-1,837,836,838,-1,837,838,839,-1,839,838,840,-1,839,840,841,-1,841,840,842,-1,841,842,843,-1,843,842,844,-1,843,844,845,-1,845,844,846,-1,845,846,847,-1,847,846,848,-1,847,848,849,-1,849,848,850,-1,849,850,851,-1,851,850,852,-1,851,852,853,-1,853,852,854,-1,853,854,855,-1,855,854,856,-1,855,856,857,-1,857,856,858,-1,857,858,859,-1,859,858,860,-1,859,860,861,-1,861,860,862,-1,861,862,863,-1,863,862,864,-1,863,864,865,-1,865,864,866,-1,865,866,867,-1,867,866,868,-1,867,868,869,-1,869,868,870,-1,869,870,871,-1,871,870,872,-1,871,872,873,-1,873,872,874,-1,873,874,875,-1,875,874,876,-1,875,876,877,-1,877,876,878,-1,877,878,879,-1,879,878,880,-1,879,880,881,-1,881,880,882,-1,881,882,883,-1,883,882,884,-1,883,884,885,-1,885,884,886,-1,885,886,887,-1,887,886,888,-1,887,888,889,-1,889,888,890,-1,889,890,891,-1,891,890,892,-1,891,892,893,-1,893,892,894,-1,893,894,895,-1,895,894,896,-1,895,896,897,-1,897,896,898,-1,897,898,899,-1,899,898,900,-1,899,900,901,-1,901,900,902,-1,901,902,903,-1,903,902,904,-1,903,904,905,-1,905,904,906,-1,905,906,907,-1,907,906,908,-1,907,908,909,-1,909,908,910,-1,909,910,911,-1,911,910,912,-1,911,912,913,-1,913,912,914,-1,913,914,915,-1,915,914,916,-1,915,916,917,-1,917,916,918,-1,917,918,919,-1,919,918,920,-1,919,920,921,-1,921,920,922,-1,921,922,923,-1,923,922,924,-1,923,924,925,-1,925,924,926,-1,925,926,927,-1,927,926,928,-1,927,928,929,-1,929,928,930,-1,929,930,931,-1,931,930,932,-1,931,932,933,-1,933,932,934,-1,933,934,935,-1,935,934,936,-1,935,936,937,-1,937,936,938,-1,937,938,939,-1,939,938,940,-1,939,940,941,-1,941,940,942,-1,941,942,943,-1,943,942,944,-1,943,944,945,-1,945,944,946,-1,945,946,947,-1,947,946,948,-1,947,948,949,-1,949,948,950,-1,949,950,951,-1,951,950,952,-1,951,952,953,-1,953,952,954,-1,953,954,955,-1,955,954,956,-1,955,956,957,-1,957,956,958,-1,957,958,959,-1,959,958,960,-1,959,960,961,-1,961,960,962,-1,961,962,963,-1,963,962,964,-1,963,964,965,-1,965,964,966,-1,965,966,967,-1,967,966,968,-1,967,968,969,-1,969,968,970,-1,969,970,971,-1,971,970,972,-1,971,972,973,-1,973,972,974,-1,973,974,975,-1,975,974,976,-1,975,976,977,-1,977,976,978,-1,977,978,979,-1,979,978,980,-1,979,980,981,-1,981,980,982,-1,981,982,983,-1,983,982,984,-1,983,984,985,-1,985,984,986,-1,985,986,987,-1,987,986,988,-1,987,988,989,-1,989,988,990,-1,989,990,991,-1,991,990,992,-1,991,992,993,-1,993,992,994,-1,993,994,995,-1,995,994,996,-1,995,996,997,-1,997,996,998,-1,997,998,999,-1,999,998,1000,-1,999,1000,1001,-1,1001,1000,1002,-1,1001,1002,1003,-1,1003,1002,1004,-1,1003,1004,1005,-1,1005,1004,1006,-1,1005,1006,1007,-1,1007,1006,1008,-1,1007,1008,1009,-1,1009,1008,1010,-1,1009,1010,1011,-1,1011,1010,1012,-1,1011,1012,1013,-1,1013,1012,1014,-1,1013,1014,1015,-1,1015,1014,1016,-1,1015,1016,1017,-1,1017,1016,1018,-1,1017,1018,1019,-1,1019,1018,1020,-1,1019,1020,1021,-1,1021,1020,1022,-1,1021,1022,1023,-1,1023,1022,1024,-1,1023,1024,1025,-1,1025,1024,1026,-1,1025,1026,1027,-1,1027,1026,1028,-1,1027,1028,1029,-1,1029,1028,1030,-1,1029,1030,1031,-1,1031,1030,1032,-1,1031,1032,1033,-1,1033,1032,1034,-1,1033,1034,779,-1,779,1034,780,-1,570,572,1035,-1,1035,572,1036,-1,1035,1036,1037,-1,1037,1036,1038,-1,1037,1038,1039,-1,1039,1038,1040,-1,1039,1040,1041,-1,1041,1040,1042,-1,1041,1042,1043,-1,1043,1042,1044,-1,1043,1044,1045,-1,1045,1044,1046,-1,1045,1046,1047,-1,1047,1046,1048,-1,1047,1048,1049,-1,1049,1048,1050,-1,1049,1050,1051,-1,1051,1050,1052,-1,1051,1052,1053,-1,1053,1052,1054,-1,1053,1054,1055,-1,1055,1054,1056,-1,1055,1056,1057,-1,1057,1056,1058,-1,1057,1058,1059,-1,1059,1058,1060,-1,1059,1060,1061,-1,1061,1060,1062,-1,1061,1062,1063,-1,1063,1062,1064,-1,1063,1064,1065,-1,1065,1064,1066,-1,1065,1066,1067,-1,1067,1066,1068,-1,1067,1068,1069,-1,1069,1068,1070,-1,1069,1070,1071,-1,1071,1070,1072,-1,1071,1072,1073,-1,1073,1072,1074,-1,1073,1074,1075,-1,1075,1074,1076,-1,1075,1076,1077,-1,1077,1076,1078,-1,1077,1078,1079,-1,1079,1078,1080,-1,1079,1080,1081,-1,1081,1080,1082,-1,1081,1082,1083,-1,1083,1082,1084,-1,1083,1084,1085,-1,1085,1084,1086,-1,1085,1086,1087,-1,1087,1086,1088,-1,1087,1088,1089,-1,1089,1088,1090,-1,1089,1090,1091,-1,1091,1090,1092,-1,1091,1092,1093,-1,1093,1092,1094,-1,1093,1094,1095,-1,1095,1094,1096,-1,1095,1096,1097,-1,1097,1096,1098,-1,1097,1098,1099,-1,1099,1098,1100,-1,1099,1100,1101,-1,1101,1100,1102,-1,1101,1102,1103,-1,1103,1102,1104,-1,1103,1104,1105,-1,1105,1104,1106,-1,1105,1106,1107,-1,1107,1106,1108,-1,1107,1108,1109,-1,1109,1108,1110,-1,1109,1110,1111,-1,1111,1110,1112,-1,1111,1112,1113,-1,1113,1112,1114,-1,1113,1114,1115,-1,1115,1114,1116,-1,1115,1116,1117,-1,1116,1118,1117,-1,1117,1118,1119,-1,1117,1119,1120,-1,1120,1119,1121,-1,1120,1121,1122,-1,1122,1121,1123,-1,1123,1121,1124,-1,1123,1124,1125,-1,1125,1124,1126,-1,1125,1126,1127,-1,1127,1126,1128,-1,1127,1128,1129,-1,1129,1128,1130,-1,1129,1130,1131,-1,1131,1130,1132,-1,1131,1132,1133,-1,1133,1132,1134,-1,1133,1134,1135,-1,1135,1134,1136,-1,1135,1136,1137,-1,1136,1138,1137,-1,1137,1138,1139,-1,1137,1139,1140,-1,1140,1139,1141,-1,1140,1141,1142,-1,1142,1141,1143,-1,1143,1141,1144,-1,1143,1144,1145,-1,1145,1144,1146,-1,1145,1146,1147,-1,1147,1146,1148,-1,1147,1148,1149,-1,1149,1148,1150,-1,1149,1150,1151,-1,1151,1150,1152,-1,1151,1152,1153,-1,1153,1152,1154,-1,1153,1154,1155,-1,1155,1154,1156,-1,1155,1156,1157,-1,1156,1158,1157,-1,1157,1158,1159,-1,1157,1159,1160,-1,1160,1159,1161,-1,569,567,1162,-1,1162,567,1163,-1,1162,1163,1164,-1,1164,1163,1165,-1,1164,1165,1161,-1,1161,1165,1166,-1,1161,1166,1160,-1,1167,1168,1169,-1,1169,1168,1170,-1,1169,1170,1171,-1,566,568,1172,-1,1172,568,1173,-1,1172,1173,1174,-1,1174,1173,1175,-1,1174,1175,1167,-1,1167,1175,1176,-1,1167,1176,1168,-1,1171,1170,1177,-1,1177,1170,1178,-1,1177,1178,1179,-1,1179,1178,1180,-1,1179,1180,1181,-1,1181,1180,1182,-1,1181,1182,1183,-1,1182,1184,1183,-1,1183,1184,1185,-1,1183,1185,1186,-1,1186,1185,1187,-1,1186,1187,1188,-1,1189,1190,1191,-1,1191,1190,1192,-1,1191,1192,1193,-1,1188,1187,1194,-1,1194,1187,1195,-1,1194,1195,1189,-1,1189,1195,1196,-1,1189,1196,1190,-1,1193,1192,1197,-1,1197,1192,1198,-1,1197,1198,1199,-1,1199,1198,1200,-1,1199,1200,1201,-1,1201,1200,1202,-1,1201,1202,1203,-1,1202,1204,1203,-1,1203,1204,1205,-1,1203,1205,1206,-1,1206,1205,1207,-1,1207,1205,1208,-1,1207,1208,1209,-1,1209,1208,1210,-1,1209,1210,1211,-1,1211,1210,1212,-1,1211,1212,564,-1,564,1212,1213,-1,564,1213,565,-1,563,565,1214,-1,1214,565,1215,-1,1214,1215,1216,-1,1216,1215,1217,-1,1216,1217,1218,-1,1218,1217,1219,-1,1218,1219,1220,-1,1219,1221,1220,-1,1220,1221,1222,-1,1220,1222,1223,-1,1223,1222,1224,-1,1224,1222,1225,-1,1224,1225,1226,-1,1226,1225,1227,-1,1226,1227,1228,-1,562,560,1228,-1,1228,560,1229,-1,1228,1229,1226,-1,559,561,1230,-1,1230,561,1231,-1,1230,1231,1232,-1,1232,1231,1233,-1,1232,1233,1234,-1,1234,1233,1235,-1,1234,1235,557,-1,557,1235,1236,-1,557,1236,558,-1,1237,1238,1239,-1,556,558,1240,-1,1240,558,1241,-1,1240,1241,1238,-1,1238,1241,1242,-1,1238,1242,1239,-1,1237,1239,1243,-1,1243,1239,1244,-1,1243,1244,1245,-1,1245,1244,1246,-1,1245,1246,1247,-1,1247,1246,1248,-1,1247,1248,1249,-1,1249,1248,1250,-1,1249,1250,1251,-1,1251,1250,1252,-1,1251,1252,554,-1,554,1252,1253,-1,554,1253,555,-1,1254,1255,1256,-1,553,555,1257,-1,1257,555,1258,-1,1257,1258,1255,-1,1255,1258,1259,-1,1255,1259,1256,-1,1260,1261,1262,-1,1254,1256,1263,-1,1263,1256,1264,-1,1263,1264,1265,-1,1265,1264,1266,-1,1265,1266,1267,-1,1267,1266,1268,-1,1267,1268,1269,-1,1269,1268,1270,-1,1269,1270,1271,-1,1271,1270,1272,-1,1271,1272,1262,-1,1262,1272,1273,-1,1262,1273,1260,-1,1261,1260,1274,-1,1274,1260,1275,-1,1274,1275,1276,-1,1276,1275,1277,-1,1276,1277,1278,-1,1278,1277,1279,-1,1278,1279,1280,-1,1280,1279,1281,-1,1280,1281,1282,-1,1282,1281,1283,-1,1282,1283,1284,-1,1284,1283,1285,-1,1284,1285,1286,-1,1285,1287,1286,-1,1286,1287,1288,-1,1286,1288,1289,-1,1289,1288,1290,-1,1290,1288,1291,-1,1290,1291,1292,-1,1292,1291,1293,-1,1292,1293,1294,-1,1294,1293,1295,-1,1294,1295,551,-1,551,1295,1296,-1,551,1296,552,-1,1297,1298,1299,-1,550,552,1299,-1,1299,552,1300,-1,1299,1300,1297,-1,1298,1297,1301,-1,1301,1297,1302,-1,1301,1302,1303,-1,1302,1304,1303,-1,1303,1304,1305,-1,1303,1305,1306,-1,1306,1305,1307,-1,1307,1305,1308,-1,1307,1308,1309,-1,1309,1308,1310,-1,1309,1310,1311,-1,549,547,1311,-1,1311,547,1312,-1,1311,1312,1309,-1,1313,1314,1315,-1,546,548,1315,-1,1315,548,1316,-1,1315,1316,1313,-1,1314,1313,1317,-1,1317,1313,1318,-1,1317,1318,1319,-1,1318,1320,1319,-1,1319,1320,1321,-1,1319,1321,1322,-1,1322,1321,1323,-1,1323,1321,1324,-1,1323,1324,1325,-1,1325,1324,1326,-1,1325,1326,1327,-1,545,543,1327,-1,1327,543,1328,-1,1327,1328,1325,-1,1329,1330,1331,-1,542,544,1331,-1,1331,544,1332,-1,1331,1332,1329,-1,1330,1329,1333,-1,1333,1329,1334,-1,1333,1334,540,-1,540,1334,1335,-1,540,1335,541,-1,539,541,1336,-1,1336,541,1337,-1,1336,1337,1338,-1,1337,1339,1338,-1,1338,1339,1340,-1,1338,1340,1341,-1,1341,1340,1342,-1,1340,1343,1342,-1,1342,1343,1344,-1,1342,1344,1345,-1,1345,1344,1346,-1,1346,1344,1347,-1,1346,1347,1348,-1,1348,1347,1349,-1,1348,1349,1350,-1,1350,1349,1351,-1,1350,1351,1352,-1,1351,1353,1352,-1,1352,1353,1354,-1,1352,1354,1355,-1,1355,1354,1356,-1,1357,1358,1359,-1,1359,1358,1360,-1,1359,1360,1361,-1,1361,1360,1356,-1,1361,1356,1362,-1,1362,1356,1354,-1,1363,1364,1365,-1,1358,1357,1366,-1,1366,1357,1367,-1,1366,1367,1368,-1,1368,1367,1369,-1,1368,1369,1370,-1,1370,1369,1371,-1,1370,1371,1372,-1,1372,1371,1373,-1,1372,1373,1374,-1,1374,1373,1375,-1,1374,1375,1376,-1,1376,1375,1377,-1,1376,1377,1378,-1,1378,1377,1379,-1,1378,1379,1380,-1,1380,1379,1381,-1,1380,1381,1382,-1,1382,1381,1383,-1,1382,1383,1384,-1,1384,1383,1385,-1,1384,1385,1386,-1,1386,1385,1387,-1,1386,1387,1388,-1,1388,1387,1389,-1,1388,1389,1390,-1,1390,1389,1391,-1,1390,1391,1392,-1,1392,1391,1393,-1,1392,1393,1394,-1,1394,1393,1395,-1,1394,1395,1396,-1,1396,1395,1397,-1,1396,1397,1398,-1,1398,1397,1399,-1,1398,1399,1400,-1,1400,1399,1401,-1,1400,1401,1402,-1,1402,1401,1403,-1,1402,1403,1404,-1,1404,1403,1405,-1,1404,1405,1406,-1,1406,1405,1407,-1,1406,1407,1408,-1,1408,1407,1409,-1,1408,1409,1410,-1,1410,1409,1411,-1,1410,1411,1412,-1,1412,1411,1413,-1,1412,1413,1414,-1,1414,1413,1415,-1,1414,1415,1416,-1,1416,1415,1417,-1,1416,1417,1418,-1,1418,1417,1419,-1,1418,1419,1420,-1,1420,1419,1421,-1,1420,1421,1422,-1,1422,1421,1423,-1,1422,1423,1424,-1,1424,1423,1425,-1,1424,1425,1426,-1,1426,1425,1427,-1,1426,1427,1428,-1,1428,1427,1429,-1,1428,1429,1430,-1,1430,1429,1431,-1,1430,1431,1432,-1,1432,1431,1433,-1,1432,1433,1434,-1,1434,1433,1435,-1,1434,1435,1436,-1,1436,1435,1437,-1,1436,1437,1438,-1,1438,1437,1439,-1,1438,1439,1440,-1,1440,1439,1441,-1,1440,1441,1442,-1,1442,1441,1443,-1,1442,1443,1444,-1,1444,1443,1445,-1,1444,1445,1446,-1,1446,1445,1447,-1,1446,1447,1448,-1,1448,1447,1449,-1,1448,1449,1450,-1,1450,1449,1451,-1,1450,1451,1452,-1,1452,1451,1453,-1,1452,1453,1454,-1,1454,1453,1455,-1,1454,1455,1456,-1,1456,1455,1457,-1,1456,1457,1458,-1,1458,1457,1459,-1,1458,1459,1460,-1,1460,1459,1461,-1,1460,1461,1462,-1,1462,1461,1463,-1,1462,1463,1464,-1,1464,1463,1465,-1,1464,1465,1466,-1,1466,1465,1467,-1,1466,1467,1468,-1,1468,1467,1469,-1,1468,1469,1470,-1,1470,1469,1471,-1,1470,1471,1472,-1,1472,1471,1473,-1,1472,1473,1474,-1,1474,1473,1475,-1,1474,1475,1476,-1,1476,1475,1477,-1,1476,1477,1478,-1,1478,1477,1479,-1,1478,1479,1480,-1,1480,1479,1481,-1,1480,1481,1482,-1,1482,1481,1483,-1,1482,1483,1484,-1,1484,1483,1485,-1,1484,1485,1486,-1,1486,1485,1487,-1,1486,1487,1488,-1,1488,1487,1489,-1,1488,1489,1490,-1,1490,1489,1491,-1,1490,1491,1492,-1,1492,1491,1493,-1,1492,1493,1494,-1,1494,1493,1495,-1,1494,1495,1496,-1,1496,1495,1497,-1,1496,1497,1498,-1,1498,1497,1499,-1,1498,1499,1500,-1,1500,1499,1501,-1,1500,1501,1502,-1,1502,1501,1503,-1,1502,1503,1504,-1,1504,1503,1505,-1,1504,1505,1506,-1,1506,1505,1507,-1,1506,1507,1508,-1,1508,1507,1509,-1,1508,1509,1510,-1,1510,1509,1511,-1,1510,1511,1512,-1,1512,1511,1513,-1,1512,1513,1514,-1,1514,1513,1515,-1,1514,1515,1516,-1,1516,1515,1517,-1,1516,1517,1518,-1,1518,1517,1519,-1,1518,1519,1520,-1,1520,1519,1521,-1,1520,1521,1522,-1,1522,1521,1523,-1,1522,1523,1524,-1,1524,1523,1525,-1,1524,1525,1526,-1,1526,1525,1527,-1,1526,1527,1528,-1,1528,1527,1529,-1,1528,1529,1530,-1,1530,1529,1531,-1,1530,1531,1532,-1,1532,1531,1533,-1,1532,1533,1534,-1,1534,1533,1535,-1,1534,1535,1536,-1,1536,1535,1537,-1,1536,1537,1538,-1,1538,1537,1539,-1,1538,1539,1540,-1,1540,1539,1541,-1,1540,1541,1542,-1,1542,1541,1543,-1,1542,1543,1544,-1,1544,1543,1545,-1,1544,1545,1546,-1,1546,1545,1547,-1,1546,1547,1548,-1,1548,1547,1549,-1,1548,1549,1550,-1,1550,1549,1551,-1,1550,1551,1552,-1,1552,1551,1553,-1,1552,1553,1554,-1,1554,1553,1555,-1,1554,1555,1556,-1,1556,1555,1557,-1,1556,1557,1558,-1,1558,1557,1559,-1,1558,1559,1560,-1,1560,1559,1561,-1,1560,1561,1562,-1,1562,1561,1563,-1,1562,1563,1564,-1,1564,1563,1565,-1,1564,1565,1566,-1,1566,1565,1567,-1,1566,1567,1568,-1,1568,1567,1569,-1,1568,1569,1570,-1,1570,1569,1571,-1,1570,1571,1572,-1,1572,1571,1573,-1,1572,1573,1574,-1,1574,1573,1575,-1,1574,1575,1576,-1,1576,1575,1577,-1,1576,1577,1578,-1,1578,1577,1579,-1,1578,1579,1580,-1,1580,1579,1581,-1,1580,1581,1582,-1,1582,1581,1583,-1,1582,1583,1584,-1,1584,1583,1585,-1,1584,1585,1586,-1,1586,1585,1587,-1,1586,1587,1588,-1,1588,1587,1589,-1,1588,1589,1590,-1,1590,1589,1591,-1,1590,1591,1592,-1,1592,1591,1593,-1,1592,1593,1594,-1,1594,1593,1595,-1,1594,1595,1596,-1,1596,1595,1597,-1,1596,1597,1598,-1,1598,1597,1599,-1,1598,1599,1600,-1,1600,1599,1601,-1,1600,1601,1602,-1,1602,1601,1603,-1,1602,1603,1604,-1,1604,1603,1605,-1,1604,1605,1606,-1,1606,1605,1607,-1,1606,1607,1608,-1,1608,1607,1609,-1,1608,1609,1610,-1,1610,1609,1611,-1,1610,1611,1612,-1,1612,1611,1613,-1,1612,1613,1614,-1,1614,1613,1615,-1,1614,1615,1616,-1,1616,1615,1617,-1,1616,1617,1618,-1,1618,1617,1619,-1,1618,1619,1364,-1,1364,1619,1365,-1,538,537,1620,-1,1365,1621,1363,-1,1363,1621,1622,-1,1363,1622,1623,-1,1623,1622,1624,-1,1623,1624,1625,-1,1625,1624,1626,-1,1625,1626,1627,-1,1627,1626,1620,-1,1627,1620,1628,-1,1628,1620,537,-1,536,538,1629,-1,1629,538,1630,-1,1629,1630,1631,-1,1631,1630,1632,-1,1631,1632,1633,-1,1633,1632,1634,-1,1633,1634,1635,-1,576,1636,1637,-1,1638,1639,1640,-1,1640,1639,1641,-1,1640,1641,1642,-1,1642,1641,1643,-1,1642,1643,1644,-1,1644,1643,1645,-1,1644,1645,1646,-1,1646,1645,1647,-1,1646,1647,1637,-1,1637,1647,1648,-1,1637,1648,576,-1,576,1648,1649,-1,576,1649,577,-1,1650,1651,1652,-1,1652,1651,1653,-1,1652,1653,1654,-1,1654,1653,1655,-1,1654,1655,1656,-1,1656,1655,1657,-1,1656,1657,1658,-1,1658,1657,1659,-1,1658,1659,1660,-1,1660,1659,1661,-1,1660,1661,1638,-1,1638,1661,1662,-1,1638,1662,1639,-1,1663,1664,1665,-1,1665,1664,1666,-1,1665,1666,1650,-1,1650,1666,1667,-1,1650,1667,1651,-1,1668,1669,1670,-1,1670,1669,1671,-1,1670,1671,1663,-1,1663,1671,1672,-1,1663,1672,1664,-1,1673,1674,1675,-1,1675,1674,1676,-1,1675,1676,1677,-1,1677,1676,1678,-1,1677,1678,1679,-1,1679,1678,1680,-1,1679,1680,1681,-1,1681,1680,1682,-1,1681,1682,1683,-1,1683,1682,1684,-1,1683,1684,1668,-1,1668,1684,1685,-1,1668,1685,1669,-1,1686,1687,1688,-1,1688,1687,1689,-1,1688,1689,1690,-1,1690,1689,1691,-1,1690,1691,1692,-1,1692,1691,1693,-1,1692,1693,1673,-1,1673,1693,1694,-1,1673,1694,1674,-1,1695,1696,1697,-1,1697,1696,1698,-1,1697,1698,1699,-1,1699,1698,1700,-1,1699,1700,1686,-1,1686,1700,1701,-1,1686,1701,1687,-1,1702,1703,1704,-1,1704,1703,1705,-1,1704,1705,1706,-1,1706,1705,1707,-1,1706,1707,1695,-1,1695,1707,1708,-1,1695,1708,1696,-1,1709,1710,1711,-1,1711,1710,1712,-1,1711,1712,1713,-1,1713,1712,1714,-1,1713,1714,1715,-1,1715,1714,1716,-1,1715,1716,1717,-1,1717,1716,1718,-1,1717,1718,1719,-1,1719,1718,1720,-1,1719,1720,1702,-1,1702,1720,1721,-1,1702,1721,1703,-1,1722,1723,1724,-1,1724,1723,1725,-1,1724,1725,1726,-1,1726,1725,1727,-1,1726,1727,1728,-1,1728,1727,1729,-1,1728,1729,1730,-1,1730,1729,1731,-1,1730,1731,1709,-1,1709,1731,1732,-1,1709,1732,1710,-1,1722,1724,1733,-1,1733,1724,1734,-1,1733,1734,1735,-1,1736,1737,1738,-1,1738,1737,1739,-1,1738,1739,1740,-1,1740,1739,1741,-1,1740,1741,1742,-1,1742,1741,1743,-1,1742,1743,1744,-1,1744,1743,1745,-1,1744,1745,1746,-1,1746,1745,1747,-1,1746,1747,1748,-1,1748,1747,1749,-1,1748,1749,1735,-1,1735,1749,1750,-1,1735,1750,1733,-1,1751,1752,1753,-1,1754,1755,1756,-1,1757,1758,1759,-1,1760,1761,1762,-1,1763,1764,1765,-1,1766,1767,1768,-1,1769,1770,1771,-1,1770,1772,1771,-1,1771,1772,1773,-1,1771,1773,1774,-1,1774,1773,1775,-1,1774,1775,1635,-1,1776,1777,1778,-1,1776,1778,1771,-1,1771,1778,1779,-1,1771,1779,1769,-1,1780,1776,1781,-1,1781,1776,1782,-1,1780,1783,1776,-1,1776,1783,1784,-1,1776,1784,1777,-1,1785,1786,1782,-1,1782,1786,1787,-1,1782,1787,1781,-1,1788,1789,1790,-1,1790,1789,1791,-1,1790,1791,1782,-1,1782,1791,1792,-1,1782,1792,1785,-1,1767,1793,1768,-1,1768,1793,1794,-1,1768,1794,1790,-1,1790,1794,1795,-1,1790,1795,1788,-1,1796,1797,1768,-1,1768,1797,1798,-1,1768,1798,1766,-1,1799,1800,1796,-1,1796,1800,1801,-1,1796,1801,1797,-1,1802,1803,1804,-1,1804,1803,1805,-1,1804,1805,1796,-1,1796,1805,1806,-1,1796,1806,1799,-1,1764,1807,1765,-1,1765,1807,1808,-1,1765,1808,1804,-1,1804,1808,1809,-1,1804,1809,1802,-1,1763,1765,1810,-1,1810,1765,1811,-1,1810,1811,1812,-1,1813,1814,1811,-1,1811,1814,1815,-1,1811,1815,1812,-1,1816,1817,1818,-1,1818,1817,1819,-1,1818,1819,1811,-1,1811,1819,1820,-1,1811,1820,1813,-1,1821,1822,1823,-1,1823,1822,1824,-1,1823,1824,1818,-1,1818,1824,1825,-1,1818,1825,1816,-1,1826,1827,1828,-1,1828,1827,1829,-1,1828,1829,1823,-1,1823,1829,1830,-1,1823,1830,1821,-1,1831,1832,1828,-1,1828,1832,1833,-1,1833,1834,1828,-1,1828,1834,1835,-1,1828,1835,1826,-1,1836,1837,1831,-1,1831,1837,1838,-1,1831,1838,1832,-1,1839,1840,1841,-1,1841,1840,1842,-1,1841,1842,1831,-1,1831,1842,1843,-1,1831,1843,1836,-1,1761,1844,1762,-1,1762,1844,1845,-1,1762,1845,1841,-1,1841,1845,1846,-1,1841,1846,1839,-1,1760,1762,1847,-1,1847,1762,1848,-1,1847,1848,1849,-1,1850,1851,1848,-1,1848,1851,1852,-1,1848,1852,1849,-1,1853,1854,1855,-1,1855,1854,1856,-1,1855,1856,1848,-1,1848,1856,1857,-1,1848,1857,1850,-1,1758,1858,1759,-1,1759,1858,1859,-1,1759,1859,1855,-1,1855,1859,1860,-1,1855,1860,1853,-1,1757,1759,1861,-1,1861,1759,1862,-1,1861,1862,1863,-1,1864,1865,1862,-1,1862,1865,1866,-1,1862,1866,1863,-1,1867,1868,1869,-1,1869,1868,1870,-1,1869,1870,1862,-1,1862,1870,1871,-1,1862,1871,1864,-1,1872,1873,1874,-1,1874,1873,1875,-1,1874,1875,1869,-1,1869,1875,1876,-1,1869,1876,1867,-1,1755,1877,1756,-1,1756,1877,1878,-1,1756,1878,1874,-1,1874,1878,1879,-1,1874,1879,1872,-1,1754,1756,1880,-1,1880,1756,1881,-1,1880,1881,1882,-1,1883,1884,1881,-1,1881,1884,1885,-1,1881,1885,1882,-1,1752,1886,1753,-1,1753,1886,1887,-1,1753,1887,1881,-1,1881,1887,1888,-1,1881,1888,1883,-1,1751,1753,1889,-1,1889,1753,1890,-1,1889,1890,1891,-1,1892,1893,1890,-1,1890,1893,1894,-1,1894,1895,1890,-1,1890,1895,1896,-1,1890,1896,1891,-1,1897,1898,1892,-1,1892,1898,1899,-1,1892,1899,1893,-1,1900,1901,1902,-1,1902,1901,1903,-1,1902,1903,1897,-1,1897,1903,1904,-1,1897,1904,1898,-1,1905,1906,1902,-1,1902,1906,1907,-1,1902,1907,1900,-1,1620,1908,538,-1,538,1908,1909,-1,1909,1910,538,-1,538,1910,1911,-1,538,1911,1912,-1,1913,1914,1626,-1,1626,1914,1915,-1,1626,1915,1620,-1,1620,1915,1916,-1,1620,1916,1908,-1,1622,1917,1624,-1,1624,1917,1918,-1,1624,1918,1626,-1,1626,1918,1919,-1,1626,1919,1913,-1,1630,1920,1632,-1,1632,1920,1774,-1,1632,1774,1634,-1,1634,1774,1635,-1,1630,538,1920,-1,1920,538,1912,-1,1920,1912,1921,-1,1921,1912,1922,-1,1921,1922,1905,-1,1905,1922,1923,-1,1905,1923,1906,-1,518,1924,520,-1,520,1924,1925,-1,520,1925,522,-1,522,1925,1926,-1,522,1926,524,-1,524,1926,1927,-1,524,1927,526,-1,526,1927,1928,-1,526,1928,528,-1,528,1928,1929,-1,528,1929,530,-1,530,1929,1930,-1,530,1930,532,-1,532,1930,1931,-1,532,1931,534,-1,534,1931,1932,-1,534,1932,239,-1,239,1932,1933,-1,239,1933,204,-1,204,1933,1934,-1,204,1934,195,-1,195,1934,1935,-1,195,1935,161,-1,161,1935,1936,-1,161,1936,5,-1,5,1936,1937,-1,5,1937,3,-1,3,1937,1938,-1,3,1938,13,-1,13,1938,1939,-1,13,1939,32,-1,32,1939,1940,-1,32,1940,450,-1,450,1940,1941,-1,450,1941,452,-1,452,1941,1942,-1,452,1942,454,-1,454,1942,1943,-1,454,1943,456,-1,456,1943,1944,-1,456,1944,458,-1,458,1944,1945,-1,458,1945,460,-1,460,1945,1946,-1,460,1946,462,-1,462,1946,1947,-1,462,1947,464,-1,464,1947,1948,-1,464,1948,466,-1,466,1948,1949,-1,466,1949,468,-1,468,1949,1950,-1,468,1950,470,-1,470,1950,1951,-1,470,1951,472,-1,472,1951,1952,-1,472,1952,474,-1,474,1952,1953,-1,474,1953,476,-1,476,1953,1954,-1,476,1954,478,-1,478,1954,1955,-1,478,1955,480,-1,480,1955,1956,-1,480,1956,482,-1,482,1956,1957,-1,482,1957,484,-1,484,1957,1958,-1,484,1958,486,-1,486,1958,1959,-1,486,1959,488,-1,488,1959,1960,-1,488,1960,490,-1,490,1960,1961,-1,490,1961,492,-1,492,1961,1962,-1,492,1962,494,-1,494,1962,1963,-1,494,1963,496,-1,496,1963,1964,-1,496,1964,498,-1,498,1964,1965,-1,498,1965,500,-1,500,1965,1966,-1,500,1966,502,-1,502,1966,1967,-1,502,1967,504,-1,504,1967,1968,-1,504,1968,506,-1,506,1968,1969,-1,506,1969,508,-1,508,1969,1970,-1,508,1970,510,-1,510,1970,1971,-1,510,1971,512,-1,512,1971,1972,-1,512,1972,514,-1,514,1972,1973,-1,514,1973,516,-1,516,1973,1974,-1,516,1974,518,-1,518,1974,1924,-1,1975,473,1976,-1,1976,473,475,-1,1976,475,1977,-1,1977,475,477,-1,1977,477,1978,-1,1978,477,479,-1,1978,479,1979,-1,1980,503,1981,-1,1981,503,505,-1,1981,505,1982,-1,1982,505,507,-1,1982,507,1983,-1,1983,507,509,-1,1983,509,1984,-1,1985,463,1986,-1,1986,463,465,-1,1986,465,1987,-1,1987,465,467,-1,1987,467,1988,-1,1988,467,469,-1,1988,469,1975,-1,1975,469,471,-1,1975,471,473,-1,1989,453,1990,-1,1990,453,455,-1,1990,455,1991,-1,1991,455,457,-1,1991,457,1992,-1,1992,457,459,-1,1992,459,1985,-1,1985,459,461,-1,1985,461,463,-1,509,511,1984,-1,1984,511,513,-1,1984,513,1993,-1,1993,513,515,-1,1993,515,1994,-1,1994,515,517,-1,1994,517,1995,-1,1995,517,519,-1,1995,519,1996,-1,1996,519,521,-1,1996,521,1997,-1,1998,493,1999,-1,1999,493,495,-1,1999,495,2000,-1,2000,495,497,-1,2000,497,2001,-1,2001,497,499,-1,2001,499,1980,-1,1980,499,501,-1,1980,501,503,-1,479,481,1979,-1,1979,481,483,-1,1979,483,2002,-1,2002,483,485,-1,2002,485,2003,-1,2003,485,487,-1,2003,487,2004,-1,2004,487,489,-1,2004,489,1998,-1,1998,489,491,-1,1998,491,493,-1,2005,535,2006,-1,2006,535,236,-1,2006,236,2007,-1,2007,236,227,-1,2007,227,2008,-1,2008,227,225,-1,2008,225,2009,-1,521,523,1997,-1,1997,523,525,-1,1997,525,2010,-1,2010,525,527,-1,2010,527,2011,-1,2011,527,529,-1,2011,529,2012,-1,2012,529,531,-1,2012,531,2005,-1,2005,531,533,-1,2005,533,535,-1,225,277,2009,-1,2009,277,83,-1,2009,83,2013,-1,2013,83,45,-1,2013,45,2014,-1,2014,45,48,-1,2014,48,2015,-1,2015,48,24,-1,2015,24,1989,-1,1989,24,451,-1,1989,451,453,-1,1994,1995,2016,-1,2016,2017,1994,-1,1994,2017,2018,-1,1994,2018,1993,-1,2018,2019,1993,-1,1993,2019,2020,-1,1993,2020,1984,-1,2020,2021,1984,-1,1984,2021,2022,-1,1984,2022,1983,-1,2022,2023,1983,-1,1983,2023,2024,-1,1983,2024,1982,-1,2024,2025,1982,-1,1982,2025,2026,-1,1982,2026,1981,-1,2026,2027,1981,-1,1981,2027,2028,-1,1981,2028,1980,-1,2028,2029,1980,-1,1980,2029,2030,-1,1980,2030,2001,-1,2030,2031,2001,-1,2001,2031,2032,-1,2001,2032,2000,-1,2032,2033,2000,-1,2000,2033,2034,-1,2000,2034,1999,-1,2034,2035,1999,-1,1999,2035,2036,-1,1999,2036,1998,-1,2036,2037,1998,-1,1998,2037,2038,-1,1998,2038,2004,-1,2038,2039,2004,-1,2004,2039,2040,-1,2004,2040,2003,-1,2040,2041,2003,-1,2003,2041,2042,-1,2003,2042,2002,-1,2042,2043,2002,-1,2002,2043,2044,-1,2002,2044,1979,-1,2044,2045,1979,-1,1979,2045,2046,-1,1979,2046,1978,-1,2046,2047,1978,-1,1978,2047,2048,-1,1978,2048,1977,-1,2048,2049,1977,-1,1977,2049,2050,-1,1977,2050,1976,-1,2050,2051,1976,-1,1976,2051,2052,-1,1976,2052,1975,-1,2052,2053,1975,-1,1975,2053,2054,-1,1975,2054,1988,-1,2054,2055,1988,-1,1988,2055,2056,-1,1988,2056,1987,-1,2056,2057,1987,-1,1987,2057,2058,-1,1987,2058,1986,-1,2058,2059,1986,-1,1986,2059,2060,-1,1986,2060,1985,-1,2060,2061,1985,-1,1985,2061,2062,-1,1985,2062,1992,-1,2062,2063,1992,-1,1992,2063,2064,-1,1992,2064,1991,-1,2064,2065,1991,-1,1991,2065,2066,-1,1991,2066,1990,-1,2066,2067,1990,-1,1990,2067,2068,-1,1990,2068,1989,-1,2068,2069,1989,-1,1989,2069,2070,-1,1989,2070,2015,-1,2070,2071,2015,-1,2015,2071,2072,-1,2015,2072,2014,-1,2072,2073,2014,-1,2014,2073,2074,-1,2014,2074,2013,-1,2074,2075,2013,-1,2013,2075,2076,-1,2013,2076,2009,-1,2076,2077,2009,-1,2009,2077,2078,-1,2009,2078,2008,-1,2078,2079,2008,-1,2008,2079,2080,-1,2008,2080,2007,-1,2080,2081,2007,-1,2007,2081,2082,-1,2007,2082,2006,-1,2082,2083,2006,-1,2006,2083,2084,-1,2006,2084,2005,-1,2084,2085,2005,-1,2005,2085,2086,-1,2005,2086,2012,-1,2086,2087,2012,-1,2012,2087,2088,-1,2012,2088,2011,-1,2088,2089,2011,-1,2011,2089,2090,-1,2011,2090,2010,-1,2090,2091,2010,-1,2010,2091,2092,-1,2010,2092,1997,-1,2092,2093,1997,-1,1997,2093,2094,-1,1997,2094,1996,-1,2094,2095,1996,-1,1996,2095,2096,-1,1996,2096,1995,-1,1995,2096,2097,-1,1995,2097,2016,-1,2098,2099,2055,-1,2055,2054,2098,-1,2098,2054,2053,-1,2098,2053,2100,-1,2053,2052,2100,-1,2100,2052,2051,-1,2100,2051,2101,-1,2051,2050,2101,-1,2101,2050,2049,-1,2101,2049,2102,-1,2049,2048,2102,-1,2102,2048,2047,-1,2102,2047,2103,-1,2047,2046,2103,-1,2103,2046,2045,-1,2103,2045,2104,-1,2045,2044,2104,-1,2104,2044,2043,-1,2104,2043,2105,-1,2043,2042,2105,-1,2105,2042,2041,-1,2105,2041,2106,-1,2041,2040,2106,-1,2106,2040,2039,-1,2106,2039,2107,-1,2039,2038,2107,-1,2107,2038,2037,-1,2107,2037,2108,-1,2037,2036,2108,-1,2108,2036,2035,-1,2108,2035,2109,-1,2035,2034,2109,-1,2109,2034,2033,-1,2109,2033,2110,-1,2033,2032,2110,-1,2110,2032,2031,-1,2110,2031,2111,-1,2031,2030,2111,-1,2111,2030,2029,-1,2111,2029,2112,-1,2029,2028,2112,-1,2112,2028,2027,-1,2112,2027,2113,-1,2027,2026,2113,-1,2113,2026,2025,-1,2113,2025,2114,-1,2025,2024,2114,-1,2114,2024,2023,-1,2114,2023,2115,-1,2023,2022,2115,-1,2115,2022,2021,-1,2115,2021,2116,-1,2021,2020,2116,-1,2116,2020,2019,-1,2116,2019,2117,-1,2019,2018,2117,-1,2117,2018,2017,-1,2117,2017,2118,-1,2118,2017,2016,-1,2118,2016,2119,-1,2119,2016,2097,-1,2119,2097,2120,-1,2097,2096,2120,-1,2120,2096,2095,-1,2120,2095,2121,-1,2095,2094,2121,-1,2121,2094,2093,-1,2121,2093,2122,-1,2093,2092,2122,-1,2122,2092,2091,-1,2122,2091,2123,-1,2091,2090,2123,-1,2123,2090,2089,-1,2123,2089,2124,-1,2089,2088,2124,-1,2124,2088,2087,-1,2124,2087,2125,-1,2087,2086,2125,-1,2125,2086,2085,-1,2125,2085,2126,-1,2085,2084,2126,-1,2126,2084,2083,-1,2126,2083,2127,-1,2083,2082,2127,-1,2127,2082,2081,-1,2127,2081,2128,-1,2081,2080,2128,-1,2128,2080,2079,-1,2128,2079,2129,-1,2079,2078,2129,-1,2129,2078,2077,-1,2129,2077,2130,-1,2077,2076,2130,-1,2130,2076,2075,-1,2130,2075,2131,-1,2075,2074,2131,-1,2131,2074,2073,-1,2131,2073,2132,-1,2073,2072,2132,-1,2132,2072,2071,-1,2132,2071,2133,-1,2071,2070,2133,-1,2133,2070,2069,-1,2133,2069,2134,-1,2069,2068,2134,-1,2134,2068,2067,-1,2134,2067,2135,-1,2067,2066,2135,-1,2135,2066,2065,-1,2135,2065,2136,-1,2065,2064,2136,-1,2136,2064,2063,-1,2136,2063,2137,-1,2063,2062,2137,-1,2137,2062,2061,-1,2137,2061,2138,-1,2061,2060,2138,-1,2138,2060,2059,-1,2138,2059,2139,-1,2059,2058,2139,-1,2139,2058,2057,-1,2139,2057,2099,-1,2099,2057,2056,-1,2099,2056,2055,-1,2140,2133,2141,-1,2141,2133,2134,-1,2141,2134,2142,-1,2142,2134,2135,-1,2142,2135,2143,-1,2143,2135,2136,-1,2143,2136,2144,-1,2145,2100,2146,-1,2146,2100,2101,-1,2146,2101,2147,-1,2147,2101,2102,-1,2147,2102,2148,-1,2148,2102,2103,-1,2148,2103,2149,-1,2136,2137,2144,-1,2144,2137,2138,-1,2144,2138,2150,-1,2150,2138,2139,-1,2150,2139,2151,-1,2151,2139,2099,-1,2151,2099,2145,-1,2145,2099,2098,-1,2145,2098,2100,-1,2118,2152,2153,-1,2154,2114,2155,-1,2155,2114,2115,-1,2155,2115,2156,-1,2156,2115,2116,-1,2156,2116,2153,-1,2153,2116,2117,-1,2153,2117,2118,-1,2157,2109,2158,-1,2158,2109,2110,-1,2158,2110,2159,-1,2159,2110,2111,-1,2159,2111,2160,-1,2160,2111,2112,-1,2160,2112,2154,-1,2154,2112,2113,-1,2154,2113,2114,-1,2103,2104,2149,-1,2149,2104,2105,-1,2149,2105,2161,-1,2161,2105,2106,-1,2161,2106,2162,-1,2162,2106,2107,-1,2162,2107,2157,-1,2157,2107,2108,-1,2157,2108,2109,-1,2118,2119,2152,-1,2152,2119,2120,-1,2152,2120,2163,-1,2163,2120,2121,-1,2163,2121,2164,-1,2164,2121,2122,-1,2164,2122,2165,-1,2166,2129,2167,-1,2167,2129,2130,-1,2167,2130,2168,-1,2168,2130,2131,-1,2168,2131,2140,-1,2140,2131,2132,-1,2140,2132,2133,-1,2122,2123,2165,-1,2165,2123,2124,-1,2165,2124,2169,-1,2169,2124,2125,-1,2169,2125,2170,-1,2170,2125,2126,-1,2170,2126,2171,-1,2171,2126,2127,-1,2171,2127,2166,-1,2166,2127,2128,-1,2166,2128,2129,-1,2172,2151,2145,-1,2173,2174,2150,-1,2175,2176,2144,-1,2143,2177,2178,-1,2178,1736,2143,-1,2143,1736,1738,-1,2143,1738,2142,-1,2176,2179,2144,-1,2144,2179,2180,-1,2144,2180,2143,-1,2143,2180,2181,-1,2143,2181,2177,-1,2174,2182,2150,-1,2150,2182,2183,-1,2150,2183,2144,-1,2144,2183,2184,-1,2144,2184,2175,-1,2151,2172,2150,-1,2150,2172,2185,-1,2150,2185,2173,-1,2156,2153,1686,-1,1686,1688,2156,-1,2156,1688,1690,-1,2156,1690,2155,-1,1690,1692,2155,-1,2155,1692,1673,-1,2155,1673,2154,-1,1673,1675,2154,-1,2154,1675,1677,-1,2154,1677,2160,-1,1677,1679,2160,-1,2160,1679,1681,-1,2160,1681,2159,-1,1681,1683,2159,-1,2159,1683,1668,-1,2159,1668,2158,-1,2158,1668,1670,-1,2158,1670,2157,-1,2157,1670,1663,-1,2157,1663,2162,-1,1663,1665,2162,-1,2162,1665,1650,-1,2162,1650,2161,-1,1650,1652,2161,-1,2161,1652,1654,-1,2161,1654,2149,-1,1654,1656,2149,-1,2149,1656,1658,-1,2149,1658,2148,-1,1658,1660,2148,-1,2148,1660,1638,-1,2148,1638,2147,-1,1638,1640,2147,-1,2147,1640,1642,-1,2147,1642,2146,-1,1636,2172,1637,-1,1637,2172,2145,-1,1637,2145,1646,-1,1646,2145,2146,-1,1646,2146,1644,-1,1644,2146,1642,-1,1738,1740,2142,-1,2142,1740,1742,-1,2142,1742,2141,-1,1742,1744,2141,-1,2141,1744,1746,-1,2141,1746,2140,-1,1746,1748,2140,-1,2140,1748,1735,-1,2140,1735,2168,-1,2168,1735,1734,-1,2168,1734,2167,-1,2167,1734,1724,-1,2167,1724,2166,-1,1724,1726,2166,-1,2166,1726,1728,-1,2166,1728,2171,-1,1728,1730,2171,-1,2171,1730,1709,-1,2171,1709,2170,-1,1709,1711,2170,-1,2170,1711,1713,-1,2170,1713,2169,-1,1713,1715,2169,-1,2169,1715,1717,-1,2169,1717,2165,-1,1717,1719,2165,-1,2165,1719,1702,-1,2165,1702,2164,-1,1702,1704,2164,-1,2164,1704,1706,-1,2164,1706,2163,-1,2163,1706,1695,-1,2163,1695,2152,-1,2152,1695,1697,-1,2152,1697,2153,-1,2153,1697,1699,-1,2153,1699,1686,-1,1768,1949,1796,-1,1796,1949,1948,-1,1796,1948,1804,-1,1948,1947,1804,-1,1804,1947,1946,-1,1804,1946,1765,-1,1765,1946,1945,-1,1765,1945,1811,-1,1790,1951,1768,-1,1768,1951,1950,-1,1768,1950,1949,-1,1776,1954,1782,-1,1782,1954,1953,-1,1782,1953,1790,-1,1790,1953,1952,-1,1790,1952,1951,-1,1774,1957,1771,-1,1771,1957,1956,-1,1771,1956,1776,-1,1776,1956,1955,-1,1776,1955,1954,-1,1945,1944,1811,-1,1811,1944,1943,-1,1811,1943,1818,-1,1818,1943,1942,-1,1818,1942,1823,-1,1920,1959,1774,-1,1774,1959,1958,-1,1774,1958,1957,-1,1905,1962,1921,-1,1921,1962,1961,-1,1921,1961,1920,-1,1920,1961,1960,-1,1920,1960,1959,-1,1897,1965,1902,-1,1902,1965,1964,-1,1902,1964,1905,-1,1905,1964,1963,-1,1905,1963,1962,-1,1892,1967,1897,-1,1897,1967,1966,-1,1897,1966,1965,-1,1756,1874,1924,-1,1753,1970,1890,-1,1890,1970,1969,-1,1890,1969,1892,-1,1892,1969,1968,-1,1892,1968,1967,-1,1924,1974,1756,-1,1756,1974,1973,-1,1756,1973,1881,-1,1881,1973,1972,-1,1881,1972,1753,-1,1753,1972,1971,-1,1753,1971,1970,-1,1862,1927,1869,-1,1869,1927,1926,-1,1869,1926,1874,-1,1874,1926,1925,-1,1874,1925,1924,-1,1855,1930,1759,-1,1759,1930,1929,-1,1759,1929,1862,-1,1862,1929,1928,-1,1862,1928,1927,-1,1848,1932,1855,-1,1855,1932,1931,-1,1855,1931,1930,-1,1942,1941,1823,-1,1823,1941,1940,-1,1823,1940,1828,-1,1841,1935,1762,-1,1762,1935,1934,-1,1762,1934,1848,-1,1848,1934,1933,-1,1848,1933,1932,-1,1940,1939,1828,-1,1828,1939,1938,-1,1828,1938,1831,-1,1831,1938,1937,-1,1831,1937,1841,-1,1841,1937,1936,-1,1841,1936,1935,-1,576,2186,1636,-1,1636,2186,2187,-1,1636,2187,2188,-1,2188,2189,1636,-1,1636,2189,2190,-1,1636,2190,2172,-1,1736,2178,2191,-1,2172,2190,2185,-1,2185,2190,2192,-1,2185,2192,2173,-1,2173,2192,2174,-1,2175,2193,2176,-1,2176,2193,2194,-1,2176,2194,2179,-1,2175,2184,2193,-1,2193,2184,2183,-1,2193,2183,2192,-1,2192,2183,2182,-1,2192,2182,2174,-1,2178,2177,2191,-1,2191,2177,2181,-1,2191,2181,2194,-1,2194,2181,2180,-1,2194,2180,2179,-1,1736,2191,1737,-1,1737,2191,2195,-1,1737,2195,1739,-1,1622,1621,2196,-1,2196,1621,2197,-1,1916,1915,2198,-1,2198,1915,1914,-1,2198,1914,2196,-1,2196,1914,1913,-1,2196,1913,1919,-1,1919,1918,2196,-1,2196,1918,1917,-1,2196,1917,1622,-1,1912,1911,2199,-1,2199,1911,1910,-1,2199,1910,2200,-1,2200,1910,1909,-1,2200,1909,1908,-1,1739,2195,1741,-1,1741,2195,2201,-1,1741,2201,1743,-1,1743,2201,2202,-1,1743,2202,1745,-1,1745,2202,1747,-1,1747,2202,2203,-1,1747,2203,1749,-1,1749,2203,1750,-1,1750,2203,2204,-1,1750,2204,1733,-1,1733,2204,2205,-1,1733,2205,1722,-1,1722,2205,1723,-1,1723,2205,2206,-1,1723,2206,1725,-1,1725,2206,1727,-1,1727,2206,2207,-1,1727,2207,1729,-1,1729,2207,2208,-1,1729,2208,1731,-1,1731,2208,1732,-1,1732,2208,2209,-1,1732,2209,1710,-1,1710,2209,1712,-1,1712,2209,2210,-1,1712,2210,1714,-1,1714,2210,2211,-1,1714,2211,1716,-1,1716,2211,1718,-1,1718,2211,2212,-1,1718,2212,1720,-1,1720,2212,1721,-1,1721,2212,2213,-1,1721,2213,1703,-1,1703,2213,2214,-1,1703,2214,1705,-1,1705,2214,1707,-1,1707,2214,2215,-1,1707,2215,1708,-1,1708,2215,1696,-1,1696,2215,2216,-1,1696,2216,1698,-1,1698,2216,2217,-1,1698,2217,1700,-1,1700,2217,1701,-1,1701,2217,2218,-1,1701,2218,1687,-1,1687,2218,1689,-1,1689,2218,2219,-1,1689,2219,1691,-1,1691,2219,2220,-1,1691,2220,1693,-1,1693,2220,1694,-1,1694,2220,2221,-1,1694,2221,1674,-1,1674,2221,1676,-1,1676,2221,2222,-1,1676,2222,1678,-1,1678,2222,2223,-1,1678,2223,1680,-1,1680,2223,1682,-1,1682,2223,2224,-1,1682,2224,1684,-1,1684,2224,1685,-1,1685,2224,2225,-1,1685,2225,1669,-1,1669,2225,2226,-1,1669,2226,1671,-1,1671,2226,1672,-1,1672,2226,2227,-1,1672,2227,1664,-1,1664,2227,1666,-1,1666,2227,2228,-1,1666,2228,1667,-1,1667,2228,2229,-1,1667,2229,1651,-1,1651,2229,1653,-1,1653,2229,2230,-1,1653,2230,1655,-1,1655,2230,1657,-1,1657,2230,2231,-1,1657,2231,1659,-1,1659,2231,2232,-1,1659,2232,1661,-1,1661,2232,1662,-1,1662,2232,2233,-1,1662,2233,1639,-1,1639,2233,1641,-1,1641,2233,2234,-1,1641,2234,1643,-1,1643,2234,2235,-1,1643,2235,1645,-1,1645,2235,1647,-1,1647,2235,2236,-1,1647,2236,1648,-1,1648,2236,1649,-1,1649,2236,2237,-1,1649,2237,577,-1,577,2237,2238,-1,577,2238,579,-1,579,2238,581,-1,581,2238,2239,-1,581,2239,582,-1,582,2239,2240,-1,582,2240,585,-1,2241,575,2242,-1,2242,575,590,-1,2242,590,2243,-1,2243,590,589,-1,2243,589,2240,-1,2240,589,587,-1,2240,587,585,-1,2244,591,2241,-1,2241,591,594,-1,2241,594,575,-1,2245,599,2246,-1,2246,599,598,-1,2246,598,2244,-1,2244,598,596,-1,2244,596,591,-1,2247,604,2245,-1,2245,604,602,-1,2245,602,599,-1,2248,609,2249,-1,2249,609,608,-1,2249,608,2247,-1,2247,608,605,-1,2247,605,604,-1,2250,613,2248,-1,2248,613,612,-1,2248,612,609,-1,2251,619,2252,-1,2252,619,617,-1,2252,617,2250,-1,2250,617,615,-1,2250,615,613,-1,2253,623,2251,-1,2251,623,621,-1,2251,621,619,-1,2254,629,2255,-1,2255,629,627,-1,2255,627,2253,-1,2253,627,625,-1,2253,625,623,-1,2256,633,2254,-1,2254,633,631,-1,2254,631,629,-1,2257,639,2258,-1,2258,639,637,-1,2258,637,2256,-1,2256,637,635,-1,2256,635,633,-1,2259,643,2257,-1,2257,643,641,-1,2257,641,639,-1,2260,649,2261,-1,2261,649,647,-1,2261,647,2259,-1,2259,647,645,-1,2259,645,643,-1,2262,653,2260,-1,2260,653,651,-1,2260,651,649,-1,2263,659,2264,-1,2264,659,657,-1,2264,657,2262,-1,2262,657,655,-1,2262,655,653,-1,2265,663,2263,-1,2263,663,661,-1,2263,661,659,-1,2266,669,2267,-1,2267,669,667,-1,2267,667,2265,-1,2265,667,665,-1,2265,665,663,-1,2268,673,2266,-1,2266,673,671,-1,2266,671,669,-1,2269,679,2270,-1,2270,679,677,-1,2270,677,2268,-1,2268,677,675,-1,2268,675,673,-1,2271,683,2269,-1,2269,683,681,-1,2269,681,679,-1,2272,689,2273,-1,2273,689,687,-1,2273,687,2271,-1,2271,687,685,-1,2271,685,683,-1,2274,693,2272,-1,2272,693,691,-1,2272,691,689,-1,2275,699,2276,-1,2276,699,697,-1,2276,697,2274,-1,2274,697,695,-1,2274,695,693,-1,2277,703,2275,-1,2275,703,701,-1,2275,701,699,-1,2278,709,2279,-1,2279,709,707,-1,2279,707,2277,-1,2277,707,705,-1,2277,705,703,-1,2280,713,2278,-1,2278,713,711,-1,2278,711,709,-1,2281,719,2282,-1,2282,719,717,-1,2282,717,2280,-1,2280,717,715,-1,2280,715,713,-1,2283,725,2284,-1,2284,725,723,-1,2284,723,2281,-1,2281,723,721,-1,2281,721,719,-1,2285,729,2283,-1,2283,729,727,-1,2283,727,725,-1,2286,735,2287,-1,2287,735,733,-1,2287,733,2285,-1,2285,733,731,-1,2285,731,729,-1,2288,739,2286,-1,2286,739,737,-1,2286,737,735,-1,2289,745,2290,-1,2290,745,743,-1,2290,743,2288,-1,2288,743,741,-1,2288,741,739,-1,2291,749,2289,-1,2289,749,747,-1,2289,747,745,-1,2292,755,2293,-1,2293,755,753,-1,2293,753,2291,-1,2291,753,751,-1,2291,751,749,-1,2294,759,2292,-1,2292,759,757,-1,2292,757,755,-1,2295,765,2296,-1,2296,765,763,-1,2296,763,2294,-1,2294,763,761,-1,2294,761,759,-1,2297,769,2295,-1,2295,769,767,-1,2295,767,765,-1,2298,775,2299,-1,2299,775,773,-1,2299,773,2297,-1,2297,773,771,-1,2297,771,769,-1,2300,782,2298,-1,2298,782,777,-1,2298,777,775,-1,2301,788,2302,-1,2302,788,786,-1,2302,786,2300,-1,2300,786,784,-1,2300,784,782,-1,2303,792,2301,-1,2301,792,790,-1,2301,790,788,-1,2304,798,2305,-1,2305,798,796,-1,2305,796,2303,-1,2303,796,794,-1,2303,794,792,-1,2306,802,2304,-1,2304,802,800,-1,2304,800,798,-1,2307,808,2308,-1,2308,808,806,-1,2308,806,2306,-1,2306,806,804,-1,2306,804,802,-1,2309,812,2307,-1,2307,812,810,-1,2307,810,808,-1,2310,818,2311,-1,2311,818,816,-1,2311,816,2309,-1,2309,816,814,-1,2309,814,812,-1,2312,822,2310,-1,2310,822,820,-1,2310,820,818,-1,2313,828,2314,-1,2314,828,826,-1,2314,826,2312,-1,2312,826,824,-1,2312,824,822,-1,2315,832,2313,-1,2313,832,830,-1,2313,830,828,-1,2316,838,2317,-1,2317,838,836,-1,2317,836,2315,-1,2315,836,834,-1,2315,834,832,-1,2318,842,2316,-1,2316,842,840,-1,2316,840,838,-1,2319,848,2320,-1,2320,848,846,-1,2320,846,2318,-1,2318,846,844,-1,2318,844,842,-1,2321,852,2319,-1,2319,852,850,-1,2319,850,848,-1,2322,858,2323,-1,2323,858,856,-1,2323,856,2321,-1,2321,856,854,-1,2321,854,852,-1,2324,864,2325,-1,2325,864,862,-1,2325,862,2322,-1,2322,862,860,-1,2322,860,858,-1,2326,868,2324,-1,2324,868,866,-1,2324,866,864,-1,2327,872,2326,-1,2326,872,870,-1,2326,870,868,-1,2328,878,2329,-1,2329,878,876,-1,2329,876,2327,-1,2327,876,874,-1,2327,874,872,-1,2330,884,2331,-1,2331,884,882,-1,2331,882,2328,-1,2328,882,880,-1,2328,880,878,-1,2332,888,2330,-1,2330,888,886,-1,2330,886,884,-1,2333,894,2334,-1,2334,894,892,-1,2334,892,2332,-1,2332,892,890,-1,2332,890,888,-1,2335,898,2333,-1,2333,898,896,-1,2333,896,894,-1,2336,904,2337,-1,2337,904,902,-1,2337,902,2335,-1,2335,902,900,-1,2335,900,898,-1,2338,908,2336,-1,2336,908,906,-1,2336,906,904,-1,2339,914,2340,-1,2340,914,912,-1,2340,912,2338,-1,2338,912,910,-1,2338,910,908,-1,2341,918,2339,-1,2339,918,916,-1,2339,916,914,-1,2342,924,2343,-1,2343,924,922,-1,2343,922,2341,-1,2341,922,920,-1,2341,920,918,-1,2344,928,2342,-1,2342,928,926,-1,2342,926,924,-1,2345,934,2346,-1,2346,934,932,-1,2346,932,2344,-1,2344,932,930,-1,2344,930,928,-1,2347,938,2345,-1,2345,938,936,-1,2345,936,934,-1,2348,944,2349,-1,2349,944,942,-1,2349,942,2347,-1,2347,942,940,-1,2347,940,938,-1,2350,948,2348,-1,2348,948,946,-1,2348,946,944,-1,2351,954,2352,-1,2352,954,952,-1,2352,952,2350,-1,2350,952,950,-1,2350,950,948,-1,2353,958,2351,-1,2351,958,956,-1,2351,956,954,-1,2354,964,2355,-1,2355,964,962,-1,2355,962,2353,-1,2353,962,960,-1,2353,960,958,-1,2356,968,2354,-1,2354,968,966,-1,2354,966,964,-1,2357,974,2358,-1,2358,974,972,-1,2358,972,2356,-1,2356,972,970,-1,2356,970,968,-1,2359,978,2357,-1,2357,978,976,-1,2357,976,974,-1,2360,984,2361,-1,2361,984,982,-1,2361,982,2359,-1,2359,982,980,-1,2359,980,978,-1,2362,988,2360,-1,2360,988,986,-1,2360,986,984,-1,2363,994,2364,-1,2364,994,992,-1,2364,992,2362,-1,2362,992,990,-1,2362,990,988,-1,2365,998,2363,-1,2363,998,996,-1,2363,996,994,-1,1008,1006,2366,-1,2366,1006,1004,-1,2366,1004,2367,-1,2367,1004,1002,-1,2367,1002,2365,-1,2365,1002,1000,-1,2365,1000,998,-1,1008,2366,1010,-1,1010,2366,2368,-1,1010,2368,1012,-1,1012,2368,2369,-1,1012,2369,1014,-1,1014,2369,2370,-1,1014,2370,1016,-1,1016,2370,1018,-1,1018,2370,2371,-1,1018,2371,1020,-1,1020,2371,1022,-1,1022,2371,2372,-1,1022,2372,1024,-1,1024,2372,2373,-1,1024,2373,1026,-1,1026,2373,1028,-1,1028,2373,2374,-1,1028,2374,1030,-1,1030,2374,2375,-1,1030,2375,1032,-1,1032,2375,1034,-1,1034,2375,2376,-1,1034,2376,780,-1,780,2376,778,-1,778,2376,2377,-1,778,2377,572,-1,572,2377,2378,-1,572,2378,1036,-1,1036,2378,1038,-1,1038,2378,2379,-1,1038,2379,1040,-1,1040,2379,1042,-1,1042,2379,2380,-1,1042,2380,1044,-1,1044,2380,2381,-1,1044,2381,1046,-1,1046,2381,1048,-1,1048,2381,2382,-1,1048,2382,1050,-1,1050,2382,1052,-1,1052,2382,2383,-1,1052,2383,1054,-1,1054,2383,2384,-1,1054,2384,1056,-1,1056,2384,1058,-1,1058,2384,2385,-1,1058,2385,1060,-1,1060,2385,1062,-1,1062,2385,2386,-1,1062,2386,1064,-1,1064,2386,2387,-1,1064,2387,1066,-1,1066,2387,1068,-1,1068,2387,2388,-1,1068,2388,1070,-1,1070,2388,1072,-1,1072,2388,2389,-1,1072,2389,1074,-1,1074,2389,2390,-1,1074,2390,1076,-1,1076,2390,1078,-1,1078,2390,2391,-1,1078,2391,1080,-1,1080,2391,1082,-1,1082,2391,2392,-1,1082,2392,1084,-1,1084,2392,2393,-1,1084,2393,1086,-1,1086,2393,1088,-1,1088,2393,2394,-1,1088,2394,1090,-1,1090,2394,1092,-1,1092,2394,2395,-1,1092,2395,1094,-1,1094,2395,2396,-1,1094,2396,1096,-1,1096,2396,1098,-1,1098,2396,2397,-1,1098,2397,1100,-1,1100,2397,1102,-1,1102,2397,2398,-1,1102,2398,1104,-1,1104,2398,2399,-1,1104,2399,1106,-1,1106,2399,1108,-1,1108,2399,2400,-1,1108,2400,1110,-1,1110,2400,1112,-1,1112,2400,2401,-1,1112,2401,1114,-1,1114,2401,2402,-1,1114,2402,1116,-1,1116,2402,1118,-1,1118,2402,2403,-1,1118,2403,1119,-1,1119,2403,1121,-1,1121,2403,2404,-1,1121,2404,1124,-1,1124,2404,2405,-1,1124,2405,1126,-1,1126,2405,1128,-1,1128,2405,2406,-1,1128,2406,1130,-1,1130,2406,1132,-1,1132,2406,2407,-1,1132,2407,1134,-1,1134,2407,2408,-1,1134,2408,1136,-1,1136,2408,1138,-1,1138,2408,2409,-1,1138,2409,1139,-1,1139,2409,1141,-1,1141,2409,2410,-1,1141,2410,1144,-1,1144,2410,2411,-1,1144,2411,1146,-1,1146,2411,1148,-1,1148,2411,2412,-1,1148,2412,1150,-1,1150,2412,1152,-1,1152,2412,2413,-1,1152,2413,1154,-1,1154,2413,2414,-1,1154,2414,1156,-1,1156,2414,1158,-1,1158,2414,2415,-1,1158,2415,1159,-1,1159,2415,2416,-1,1159,2416,1161,-1,1161,2416,1164,-1,1164,2416,2417,-1,1164,2417,1162,-1,1162,2417,569,-1,569,2417,2418,-1,569,2418,568,-1,568,2418,2419,-1,568,2419,1173,-1,1173,2419,1175,-1,1175,2419,2420,-1,1175,2420,1176,-1,1176,2420,1168,-1,1168,2420,2421,-1,1168,2421,1170,-1,1170,2421,2422,-1,1170,2422,1178,-1,1178,2422,1180,-1,1180,2422,2423,-1,1180,2423,1182,-1,1182,2423,1184,-1,1184,2423,2424,-1,1184,2424,1185,-1,1185,2424,2425,-1,1185,2425,1187,-1,1187,2425,1195,-1,1195,2425,2426,-1,1195,2426,1196,-1,1196,2426,1190,-1,1190,2426,2427,-1,1190,2427,1192,-1,1192,2427,2428,-1,1192,2428,1198,-1,1198,2428,1200,-1,1200,2428,2429,-1,1200,2429,1202,-1,1202,2429,1204,-1,1204,2429,2430,-1,1204,2430,1205,-1,1205,2430,2431,-1,1205,2431,1208,-1,1208,2431,1210,-1,1210,2431,2432,-1,1210,2432,1212,-1,1212,2432,1213,-1,1213,2432,2433,-1,1213,2433,565,-1,565,2433,2434,-1,565,2434,1215,-1,1215,2434,1217,-1,1217,2434,2435,-1,1217,2435,1219,-1,1219,2435,1221,-1,1221,2435,2436,-1,1221,2436,1222,-1,1222,2436,2437,-1,1222,2437,1225,-1,1225,2437,1227,-1,1227,2437,2438,-1,1227,2438,1228,-1,1228,2438,562,-1,562,2438,2439,-1,562,2439,561,-1,561,2439,2440,-1,561,2440,1231,-1,1231,2440,1233,-1,1233,2440,2441,-1,1233,2441,1235,-1,1235,2441,1236,-1,1236,2441,2442,-1,1236,2442,558,-1,558,2442,2443,-1,558,2443,1241,-1,1241,2443,1242,-1,1242,2443,2444,-1,1242,2444,1239,-1,1239,2444,1244,-1,1244,2444,2445,-1,1244,2445,1246,-1,1246,2445,2446,-1,1246,2446,1248,-1,1248,2446,1250,-1,1250,2446,2447,-1,1250,2447,1252,-1,1252,2447,1253,-1,1253,2447,2448,-1,1253,2448,555,-1,555,2448,2449,-1,555,2449,1258,-1,1258,2449,1259,-1,1259,2449,2450,-1,1259,2450,1256,-1,1256,2450,1264,-1,1264,2450,2451,-1,1264,2451,1266,-1,1266,2451,2452,-1,1266,2452,1268,-1,1268,2452,1270,-1,1270,2452,2453,-1,1270,2453,1272,-1,1272,2453,1273,-1,1273,2453,2454,-1,1273,2454,1260,-1,1260,2454,2455,-1,1260,2455,1275,-1,1275,2455,1277,-1,1277,2455,2456,-1,1277,2456,1279,-1,1279,2456,1281,-1,1281,2456,2457,-1,1281,2457,1283,-1,1283,2457,2458,-1,1283,2458,1285,-1,1285,2458,1287,-1,1287,2458,2459,-1,1287,2459,1288,-1,1288,2459,2460,-1,1288,2460,1291,-1,1291,2460,1293,-1,1293,2460,2461,-1,1293,2461,1295,-1,1295,2461,1296,-1,1296,2461,2462,-1,1296,2462,552,-1,552,2462,2463,-1,552,2463,1300,-1,1300,2463,1297,-1,1297,2463,2464,-1,1297,2464,1302,-1,1302,2464,1304,-1,1304,2464,2465,-1,1304,2465,1305,-1,1305,2465,2466,-1,1305,2466,1308,-1,1308,2466,1310,-1,1310,2466,2467,-1,1310,2467,1311,-1,1311,2467,549,-1,549,2467,2468,-1,549,2468,548,-1,548,2468,2469,-1,548,2469,1316,-1,1316,2469,1313,-1,1313,2469,2470,-1,1313,2470,1318,-1,1318,2470,1320,-1,1320,2470,2471,-1,1320,2471,1321,-1,1321,2471,2472,-1,1321,2472,1324,-1,1324,2472,1326,-1,1326,2472,2473,-1,1326,2473,1327,-1,1327,2473,545,-1,545,2473,2474,-1,545,2474,544,-1,544,2474,2475,-1,544,2475,1332,-1,1332,2475,1329,-1,1329,2475,2476,-1,1329,2476,1334,-1,1334,2476,1335,-1,1335,2476,2477,-1,1335,2477,541,-1,541,2477,2478,-1,541,2478,1337,-1,1337,2478,1339,-1,1339,2478,2479,-1,1339,2479,1340,-1,1340,2479,1343,-1,1343,2479,2480,-1,1343,2480,1344,-1,1344,2480,2481,-1,1344,2481,1347,-1,1347,2481,1349,-1,1349,2481,2482,-1,1349,2482,1351,-1,1351,2482,1353,-1,1353,2482,2483,-1,1353,2483,1354,-1,1354,2483,2484,-1,1354,2484,1362,-1,1362,2484,1361,-1,1361,2484,2485,-1,1361,2485,1359,-1,1359,2485,1357,-1,1357,2485,2486,-1,1357,2486,1367,-1,1367,2486,2487,-1,1367,2487,1369,-1,1369,2487,1371,-1,1371,2487,2488,-1,1371,2488,1373,-1,1373,2488,1375,-1,1375,2488,2489,-1,1375,2489,1377,-1,1377,2489,2490,-1,1377,2490,1379,-1,1379,2490,1381,-1,1381,2490,2491,-1,1381,2491,1383,-1,1383,2491,1385,-1,1385,2491,2492,-1,1385,2492,1387,-1,1387,2492,2493,-1,1387,2493,1389,-1,1389,2493,1391,-1,1391,2493,2494,-1,1391,2494,1393,-1,1393,2494,1395,-1,1395,2494,2495,-1,1395,2495,1397,-1,1397,2495,2496,-1,1397,2496,1399,-1,1399,2496,1401,-1,1401,2496,2497,-1,1401,2497,1403,-1,1403,2497,1405,-1,1405,2497,2498,-1,1405,2498,1407,-1,1407,2498,2499,-1,1407,2499,1409,-1,1409,2499,1411,-1,1411,2499,2500,-1,1411,2500,1413,-1,1413,2500,2501,-1,1413,2501,1415,-1,1427,1425,2502,-1,2502,1425,1423,-1,2502,1423,2503,-1,2503,1423,1421,-1,2503,1421,2504,-1,2504,1421,1419,-1,2504,1419,2501,-1,2501,1419,1417,-1,2501,1417,1415,-1,1427,2502,1429,-1,1429,2502,2505,-1,1429,2505,1431,-1,1431,2505,2506,-1,1431,2506,1433,-1,1433,2506,2507,-1,1433,2507,1435,-1,1435,2507,1437,-1,1437,2507,2508,-1,1437,2508,1439,-1,1439,2508,1441,-1,1441,2508,2509,-1,1441,2509,1443,-1,1443,2509,2510,-1,1443,2510,1445,-1,1445,2510,1447,-1,1447,2510,2511,-1,1447,2511,1449,-1,1449,2511,1451,-1,1451,2511,2512,-1,1451,2512,1453,-1,1453,2512,2513,-1,1453,2513,1455,-1,1455,2513,1457,-1,1457,2513,2514,-1,1457,2514,1459,-1,1459,2514,1461,-1,1461,2514,2515,-1,1461,2515,1463,-1,1463,2515,2516,-1,1463,2516,1465,-1,1465,2516,1467,-1,1467,2516,2517,-1,1467,2517,1469,-1,1469,2517,1471,-1,1471,2517,2518,-1,1471,2518,1473,-1,1473,2518,2519,-1,1473,2519,1475,-1,1475,2519,1477,-1,1477,2519,2520,-1,1477,2520,1479,-1,1479,2520,1481,-1,1481,2520,2521,-1,1481,2521,1483,-1,1483,2521,2522,-1,1483,2522,1485,-1,1485,2522,1487,-1,1487,2522,2523,-1,1487,2523,1489,-1,1489,2523,1491,-1,1491,2523,2524,-1,1491,2524,1493,-1,1493,2524,2525,-1,1493,2525,1495,-1,1495,2525,1497,-1,1497,2525,2526,-1,1497,2526,1499,-1,1499,2526,1501,-1,1501,2526,2527,-1,1501,2527,1503,-1,1503,2527,2528,-1,1503,2528,1505,-1,1505,2528,1507,-1,1507,2528,2529,-1,1507,2529,1509,-1,1509,2529,1511,-1,1511,2529,2530,-1,1511,2530,1513,-1,1513,2530,2531,-1,1513,2531,1515,-1,1515,2531,1517,-1,1517,2531,2532,-1,1517,2532,1519,-1,1519,2532,1521,-1,1521,2532,2533,-1,1521,2533,1523,-1,1523,2533,2534,-1,1523,2534,1525,-1,1525,2534,1527,-1,1527,2534,2535,-1,1527,2535,1529,-1,1529,2535,1531,-1,1531,2535,2536,-1,1531,2536,1533,-1,1533,2536,2537,-1,1533,2537,1535,-1,1535,2537,1537,-1,1537,2537,2538,-1,1537,2538,1539,-1,1539,2538,1541,-1,1541,2538,2539,-1,1541,2539,1543,-1,1543,2539,2540,-1,1543,2540,1545,-1,1545,2540,1547,-1,1547,2540,2541,-1,1547,2541,1549,-1,1549,2541,1551,-1,1551,2541,2542,-1,1551,2542,1553,-1,1553,2542,2543,-1,1553,2543,1555,-1,1555,2543,1557,-1,1557,2543,2544,-1,1557,2544,1559,-1,1559,2544,2545,-1,1559,2545,1561,-1,2546,1569,2547,-1,2547,1569,1567,-1,2547,1567,2548,-1,2548,1567,1565,-1,2548,1565,2545,-1,2545,1565,1563,-1,2545,1563,1561,-1,2549,1573,2546,-1,2546,1573,1571,-1,2546,1571,1569,-1,2550,1579,2551,-1,2551,1579,1577,-1,2551,1577,2549,-1,2549,1577,1575,-1,2549,1575,1573,-1,2552,1583,2550,-1,2550,1583,1581,-1,2550,1581,1579,-1,2553,1589,2554,-1,2554,1589,1587,-1,2554,1587,2552,-1,2552,1587,1585,-1,2552,1585,1583,-1,2555,1593,2553,-1,2553,1593,1591,-1,2553,1591,1589,-1,2556,1599,2557,-1,2557,1599,1597,-1,2557,1597,2555,-1,2555,1597,1595,-1,2555,1595,1593,-1,2558,1603,2556,-1,2556,1603,1601,-1,2556,1601,1599,-1,2559,1609,2560,-1,2560,1609,1607,-1,2560,1607,2558,-1,2558,1607,1605,-1,2558,1605,1603,-1,2561,1613,2559,-1,2559,1613,1611,-1,2559,1611,1609,-1,1621,1365,2197,-1,2197,1365,1619,-1,2197,1619,2562,-1,2562,1619,1617,-1,2562,1617,2561,-1,2561,1617,1615,-1,2561,1615,1613,-1,2563,2311,2564,-1,2564,2311,2309,-1,2564,2309,2565,-1,2565,2309,2307,-1,2565,2307,2566,-1,2566,2307,2308,-1,2566,2308,2567,-1,2567,2308,2306,-1,2567,2306,2568,-1,2568,2306,2304,-1,2568,2304,2569,-1,2569,2304,2305,-1,2569,2305,2570,-1,2570,2305,2303,-1,2570,2303,2571,-1,2571,2303,2301,-1,2571,2301,2572,-1,2572,2301,2302,-1,2572,2302,2573,-1,2573,2302,2300,-1,2573,2300,2574,-1,2574,2300,2298,-1,2574,2298,2575,-1,2575,2298,2299,-1,2575,2299,2576,-1,2576,2299,2297,-1,2576,2297,2577,-1,2577,2297,2295,-1,2577,2295,2578,-1,2578,2295,2296,-1,2578,2296,2579,-1,2579,2296,2294,-1,2579,2294,2580,-1,2580,2294,2292,-1,2580,2292,2581,-1,2581,2292,2293,-1,2581,2293,2582,-1,2582,2293,2291,-1,2582,2291,2583,-1,2583,2291,2289,-1,2583,2289,2584,-1,2584,2289,2290,-1,2584,2290,2585,-1,2585,2290,2288,-1,2585,2288,2586,-1,2586,2288,2286,-1,2586,2286,2587,-1,2587,2286,2287,-1,2587,2287,2588,-1,2588,2287,2285,-1,2588,2285,2589,-1,2589,2285,2283,-1,2589,2283,2590,-1,2590,2283,2284,-1,2590,2284,2591,-1,2591,2284,2281,-1,2591,2281,2592,-1,2592,2281,2282,-1,2592,2282,2593,-1,2593,2282,2280,-1,2593,2280,2594,-1,2594,2280,2278,-1,2594,2278,2595,-1,2595,2278,2279,-1,2595,2279,2596,-1,2596,2279,2277,-1,2596,2277,2597,-1,2597,2277,2275,-1,2597,2275,2598,-1,2598,2275,2276,-1,2598,2276,2599,-1,2599,2276,2274,-1,2599,2274,2600,-1,2600,2274,2272,-1,2600,2272,2601,-1,2601,2272,2273,-1,2601,2273,2602,-1,2602,2273,2271,-1,2602,2271,2603,-1,2603,2271,2269,-1,2603,2269,2604,-1,2604,2269,2270,-1,2604,2270,2605,-1,2605,2270,2268,-1,2605,2268,2606,-1,2606,2268,2266,-1,2606,2266,2607,-1,2607,2266,2267,-1,2607,2267,2608,-1,2608,2267,2265,-1,2608,2265,2609,-1,2609,2265,2263,-1,2609,2263,2610,-1,2610,2263,2264,-1,2610,2264,2611,-1,2611,2264,2262,-1,2611,2262,2612,-1,2612,2262,2260,-1,2612,2260,2613,-1,2613,2260,2261,-1,2613,2261,2614,-1,2614,2261,2259,-1,2614,2259,2615,-1,2615,2259,2257,-1,2615,2257,2616,-1,2616,2257,2258,-1,2616,2258,2617,-1,2617,2258,2256,-1,2617,2256,2618,-1,2618,2256,2254,-1,2618,2254,2619,-1,2619,2254,2255,-1,2619,2255,2620,-1,2620,2255,2253,-1,2620,2253,2621,-1,2621,2253,2251,-1,2621,2251,2622,-1,2622,2251,2252,-1,2622,2252,2623,-1,2623,2252,2250,-1,2623,2250,2624,-1,2624,2250,2248,-1,2624,2248,2625,-1,2625,2248,2249,-1,2625,2249,2626,-1,2626,2249,2247,-1,2626,2247,2627,-1,2627,2247,2245,-1,2627,2245,2628,-1,2628,2245,2246,-1,2628,2246,2629,-1,2629,2246,2244,-1,2629,2244,2630,-1,2630,2244,2241,-1,2630,2241,2631,-1,2631,2241,2242,-1,2631,2242,2632,-1,2632,2242,2243,-1,2632,2243,2633,-1,2633,2243,2240,-1,2633,2240,2634,-1,2634,2240,2239,-1,2634,2239,2635,-1,2635,2239,2238,-1,2635,2238,2636,-1,2636,2238,2237,-1,2636,2237,2637,-1,2637,2237,2236,-1,2637,2236,2638,-1,2638,2236,2235,-1,2638,2235,2639,-1,2639,2235,2234,-1,2639,2234,2640,-1,2640,2234,2233,-1,2640,2233,2641,-1,2641,2233,2232,-1,2641,2232,2642,-1,2642,2232,2231,-1,2642,2231,2643,-1,2643,2231,2230,-1,2643,2230,2644,-1,2644,2230,2229,-1,2644,2229,2645,-1,2645,2229,2228,-1,2645,2228,2646,-1,2646,2228,2227,-1,2646,2227,2647,-1,2647,2227,2226,-1,2647,2226,2648,-1,2648,2226,2225,-1,2648,2225,2649,-1,2649,2225,2224,-1,2649,2224,2650,-1,2650,2224,2223,-1,2650,2223,2651,-1,2651,2223,2222,-1,2651,2222,2652,-1,2652,2222,2221,-1,2652,2221,2653,-1,2653,2221,2220,-1,2653,2220,2654,-1,2654,2220,2219,-1,2654,2219,2655,-1,2655,2219,2218,-1,2655,2218,2656,-1,2656,2218,2217,-1,2656,2217,2657,-1,2657,2217,2216,-1,2657,2216,2658,-1,2658,2216,2215,-1,2658,2215,2659,-1,2659,2215,2214,-1,2659,2214,2660,-1,2660,2214,2213,-1,2660,2213,2661,-1,2661,2213,2212,-1,2661,2212,2662,-1,2662,2212,2211,-1,2662,2211,2663,-1,2663,2211,2210,-1,2663,2210,2664,-1,2664,2210,2209,-1,2664,2209,2665,-1,2665,2209,2208,-1,2665,2208,2666,-1,2666,2208,2207,-1,2666,2207,2667,-1,2667,2207,2206,-1,2667,2206,2668,-1,2668,2206,2205,-1,2668,2205,2669,-1,2669,2205,2204,-1,2669,2204,2670,-1,2670,2204,2203,-1,2670,2203,2671,-1,2671,2203,2202,-1,2671,2202,2672,-1,2672,2202,2201,-1,2672,2201,2673,-1,2673,2201,2195,-1,2673,2195,2674,-1,2674,2195,2191,-1,2674,2191,2675,-1,2675,2191,2194,-1,2675,2194,2676,-1,2676,2194,2193,-1,2676,2193,2677,-1,2677,2193,2192,-1,2677,2192,2189,-1,2189,2192,2190,-1,2678,2438,2679,-1,2679,2438,2437,-1,2679,2437,2680,-1,2680,2437,2436,-1,2680,2436,2681,-1,2681,2436,2435,-1,2681,2435,2682,-1,2682,2435,2434,-1,2682,2434,2683,-1,2683,2434,2433,-1,2683,2433,2684,-1,2684,2433,2432,-1,2684,2432,2685,-1,2685,2432,2431,-1,2685,2431,2686,-1,2686,2431,2430,-1,2686,2430,2687,-1,2687,2430,2429,-1,2687,2429,2688,-1,2688,2429,2428,-1,2688,2428,2689,-1,2689,2428,2427,-1,2689,2427,2690,-1,2690,2427,2426,-1,2690,2426,2691,-1,2691,2426,2425,-1,2691,2425,2692,-1,2692,2425,2424,-1,2692,2424,2693,-1,2693,2424,2423,-1,2693,2423,2694,-1,2694,2423,2422,-1,2694,2422,2695,-1,2695,2422,2421,-1,2695,2421,2696,-1,2696,2421,2420,-1,2696,2420,2697,-1,2697,2420,2419,-1,2697,2419,2698,-1,2698,2419,2418,-1,2698,2418,2699,-1,2699,2418,2417,-1,2699,2417,2700,-1,2700,2417,2416,-1,2700,2416,2701,-1,2701,2416,2415,-1,2701,2415,2702,-1,2702,2415,2414,-1,2702,2414,2703,-1,2703,2414,2413,-1,2703,2413,2704,-1,2704,2413,2412,-1,2704,2412,2705,-1,2705,2412,2411,-1,2705,2411,2706,-1,2706,2411,2410,-1,2706,2410,2707,-1,2707,2410,2409,-1,2707,2409,2708,-1,2708,2409,2408,-1,2708,2408,2709,-1,2709,2408,2407,-1,2709,2407,2710,-1,2710,2407,2406,-1,2710,2406,2711,-1,2711,2406,2405,-1,2711,2405,2712,-1,2712,2405,2404,-1,2712,2404,2713,-1,2713,2404,2403,-1,2713,2403,2714,-1,2714,2403,2402,-1,2714,2402,2715,-1,2715,2402,2401,-1,2715,2401,2716,-1,2716,2401,2400,-1,2716,2400,2717,-1,2717,2400,2399,-1,2717,2399,2718,-1,2718,2399,2398,-1,2718,2398,2719,-1,2719,2398,2397,-1,2719,2397,2720,-1,2720,2397,2396,-1,2720,2396,2721,-1,2721,2396,2395,-1,2721,2395,2722,-1,2722,2395,2394,-1,2722,2394,2723,-1,2723,2394,2393,-1,2723,2393,2724,-1,2724,2393,2392,-1,2724,2392,2725,-1,2725,2392,2391,-1,2725,2391,2726,-1,2726,2391,2390,-1,2726,2390,2727,-1,2727,2390,2389,-1,2727,2389,2728,-1,2728,2389,2388,-1,2728,2388,2729,-1,2729,2388,2387,-1,2729,2387,2730,-1,2730,2387,2386,-1,2730,2386,2731,-1,2731,2386,2385,-1,2731,2385,2732,-1,2732,2385,2384,-1,2732,2384,2733,-1,2733,2384,2383,-1,2733,2383,2734,-1,2734,2383,2382,-1,2734,2382,2735,-1,2735,2382,2381,-1,2735,2381,2736,-1,2736,2381,2380,-1,2736,2380,2737,-1,2737,2380,2379,-1,2737,2379,2738,-1,2738,2379,2378,-1,2738,2378,2739,-1,2739,2378,2377,-1,2739,2377,2740,-1,2740,2377,2376,-1,2740,2376,2741,-1,2741,2376,2375,-1,2741,2375,2742,-1,2742,2375,2374,-1,2742,2374,2743,-1,2743,2374,2373,-1,2743,2373,2744,-1,2744,2373,2372,-1,2744,2372,2745,-1,2745,2372,2371,-1,2745,2371,2746,-1,2746,2371,2370,-1,2746,2370,2747,-1,2747,2370,2369,-1,2747,2369,2748,-1,2748,2369,2368,-1,2748,2368,2749,-1,2749,2368,2366,-1,2749,2366,2750,-1,2750,2366,2367,-1,2750,2367,2751,-1,2751,2367,2365,-1,2751,2365,2752,-1,2752,2365,2363,-1,2752,2363,2753,-1,2753,2363,2364,-1,2753,2364,2754,-1,2754,2364,2362,-1,2754,2362,2755,-1,2755,2362,2360,-1,2755,2360,2756,-1,2756,2360,2361,-1,2756,2361,2757,-1,2757,2361,2359,-1,2757,2359,2758,-1,2758,2359,2357,-1,2758,2357,2759,-1,2759,2357,2358,-1,2759,2358,2760,-1,2760,2358,2356,-1,2760,2356,2761,-1,2761,2356,2354,-1,2761,2354,2762,-1,2762,2354,2355,-1,2762,2355,2763,-1,2763,2355,2353,-1,2763,2353,2764,-1,2764,2353,2351,-1,2764,2351,2765,-1,2765,2351,2352,-1,2765,2352,2766,-1,2766,2352,2350,-1,2766,2350,2767,-1,2767,2350,2348,-1,2767,2348,2768,-1,2768,2348,2349,-1,2768,2349,2769,-1,2769,2349,2347,-1,2769,2347,2770,-1,2770,2347,2345,-1,2770,2345,2771,-1,2771,2345,2346,-1,2771,2346,2772,-1,2772,2346,2344,-1,2772,2344,2773,-1,2773,2344,2342,-1,2773,2342,2774,-1,2774,2342,2343,-1,2774,2343,2775,-1,2775,2343,2341,-1,2775,2341,2776,-1,2776,2341,2339,-1,2776,2339,2777,-1,2777,2339,2340,-1,2777,2340,2778,-1,2778,2340,2338,-1,2778,2338,2779,-1,2779,2338,2336,-1,2779,2336,2780,-1,2780,2336,2337,-1,2780,2337,2781,-1,2781,2337,2335,-1,2781,2335,2782,-1,2782,2335,2333,-1,2782,2333,2783,-1,2783,2333,2334,-1,2783,2334,2784,-1,2784,2334,2332,-1,2784,2332,2785,-1,2785,2332,2330,-1,2785,2330,2786,-1,2786,2330,2331,-1,2786,2331,2787,-1,2787,2331,2328,-1,2787,2328,2788,-1,2788,2328,2329,-1,2788,2329,2789,-1,2789,2329,2327,-1,2789,2327,2790,-1,2790,2327,2326,-1,2790,2326,2791,-1,2791,2326,2324,-1,2791,2324,2792,-1,2792,2324,2325,-1,2792,2325,2793,-1,2793,2325,2322,-1,2793,2322,2794,-1,2794,2322,2323,-1,2794,2323,2795,-1,2795,2323,2321,-1,2795,2321,2796,-1,2796,2321,2319,-1,2796,2319,2797,-1,2797,2319,2320,-1,2797,2320,2798,-1,2798,2320,2318,-1,2798,2318,2799,-1,2799,2318,2316,-1,2799,2316,2800,-1,2800,2316,2317,-1,2800,2317,2801,-1,2801,2317,2315,-1,2801,2315,2802,-1,2802,2315,2313,-1,2802,2313,2803,-1,2803,2313,2314,-1,2803,2314,2804,-1,2804,2314,2312,-1,2804,2312,2805,-1,2805,2312,2310,-1,2805,2310,2563,-1,2563,2310,2311,-1,1908,1916,2200,-1,2200,1916,2198,-1,2200,2198,2806,-1,2806,2198,2196,-1,2806,2196,2807,-1,2807,2196,2197,-1,2807,2197,2808,-1,2808,2197,2562,-1,2808,2562,2809,-1,2809,2562,2561,-1,2809,2561,2810,-1,2810,2561,2559,-1,2810,2559,2811,-1,2811,2559,2560,-1,2811,2560,2812,-1,2812,2560,2558,-1,2812,2558,2813,-1,2813,2558,2556,-1,2813,2556,2814,-1,2814,2556,2557,-1,2814,2557,2815,-1,2815,2557,2555,-1,2815,2555,2816,-1,2816,2555,2553,-1,2816,2553,2817,-1,2817,2553,2554,-1,2817,2554,2818,-1,2818,2554,2552,-1,2818,2552,2819,-1,2819,2552,2550,-1,2819,2550,2820,-1,2820,2550,2551,-1,2820,2551,2821,-1,2821,2551,2549,-1,2821,2549,2822,-1,2822,2549,2546,-1,2822,2546,2823,-1,2823,2546,2547,-1,2823,2547,2824,-1,2824,2547,2548,-1,2824,2548,2825,-1,2825,2548,2545,-1,2825,2545,2826,-1,2826,2545,2544,-1,2826,2544,2827,-1,2827,2544,2543,-1,2827,2543,2828,-1,2828,2543,2542,-1,2828,2542,2829,-1,2829,2542,2541,-1,2829,2541,2830,-1,2830,2541,2540,-1,2830,2540,2831,-1,2831,2540,2539,-1,2831,2539,2832,-1,2832,2539,2538,-1,2832,2538,2833,-1,2833,2538,2537,-1,2833,2537,2834,-1,2834,2537,2536,-1,2834,2536,2835,-1,2835,2536,2535,-1,2835,2535,2836,-1,2836,2535,2534,-1,2836,2534,2837,-1,2837,2534,2533,-1,2837,2533,2838,-1,2838,2533,2532,-1,2838,2532,2839,-1,2839,2532,2531,-1,2839,2531,2840,-1,2840,2531,2530,-1,2840,2530,2841,-1,2841,2530,2529,-1,2841,2529,2842,-1,2842,2529,2528,-1,2842,2528,2843,-1,2843,2528,2527,-1,2843,2527,2844,-1,2844,2527,2526,-1,2844,2526,2845,-1,2845,2526,2525,-1,2845,2525,2846,-1,2846,2525,2524,-1,2846,2524,2847,-1,2847,2524,2523,-1,2847,2523,2848,-1,2848,2523,2522,-1,2848,2522,2849,-1,2849,2522,2521,-1,2849,2521,2850,-1,2850,2521,2520,-1,2850,2520,2851,-1,2851,2520,2519,-1,2851,2519,2852,-1,2852,2519,2518,-1,2852,2518,2853,-1,2853,2518,2517,-1,2853,2517,2854,-1,2854,2517,2516,-1,2854,2516,2855,-1,2855,2516,2515,-1,2855,2515,2856,-1,2856,2515,2514,-1,2856,2514,2857,-1,2857,2514,2513,-1,2857,2513,2858,-1,2858,2513,2512,-1,2858,2512,2859,-1,2859,2512,2511,-1,2859,2511,2860,-1,2860,2511,2510,-1,2860,2510,2861,-1,2861,2510,2509,-1,2861,2509,2862,-1,2862,2509,2508,-1,2862,2508,2863,-1,2863,2508,2507,-1,2863,2507,2864,-1,2864,2507,2506,-1,2864,2506,2865,-1,2865,2506,2505,-1,2865,2505,2866,-1,2866,2505,2502,-1,2866,2502,2867,-1,2867,2502,2503,-1,2867,2503,2868,-1,2868,2503,2504,-1,2868,2504,2869,-1,2869,2504,2501,-1,2869,2501,2870,-1,2870,2501,2500,-1,2870,2500,2871,-1,2871,2500,2499,-1,2871,2499,2872,-1,2872,2499,2498,-1,2872,2498,2873,-1,2873,2498,2497,-1,2873,2497,2874,-1,2874,2497,2496,-1,2874,2496,2875,-1,2875,2496,2495,-1,2875,2495,2876,-1,2876,2495,2494,-1,2876,2494,2877,-1,2877,2494,2493,-1,2877,2493,2878,-1,2878,2493,2492,-1,2878,2492,2879,-1,2879,2492,2491,-1,2879,2491,2880,-1,2880,2491,2490,-1,2880,2490,2881,-1,2881,2490,2489,-1,2881,2489,2882,-1,2882,2489,2488,-1,2882,2488,2883,-1,2883,2488,2487,-1,2883,2487,2884,-1,2884,2487,2486,-1,2884,2486,2885,-1,2885,2486,2485,-1,2885,2485,2886,-1,2886,2485,2484,-1,2886,2484,2887,-1,2887,2484,2483,-1,2887,2483,2888,-1,2888,2483,2482,-1,2888,2482,2889,-1,2889,2482,2481,-1,2889,2481,2890,-1,2890,2481,2480,-1,2890,2480,2891,-1,2891,2480,2479,-1,2891,2479,2892,-1,2892,2479,2478,-1,2892,2478,2893,-1,2893,2478,2477,-1,2893,2477,2894,-1,2894,2477,2476,-1,2894,2476,2895,-1,2895,2476,2475,-1,2895,2475,2896,-1,2896,2475,2474,-1,2896,2474,2897,-1,2897,2474,2473,-1,2897,2473,2898,-1,2898,2473,2472,-1,2898,2472,2899,-1,2899,2472,2471,-1,2899,2471,2900,-1,2900,2471,2470,-1,2900,2470,2901,-1,2901,2470,2469,-1,2901,2469,2902,-1,2902,2469,2468,-1,2902,2468,2903,-1,2903,2468,2467,-1,2903,2467,2904,-1,2904,2467,2466,-1,2904,2466,2905,-1,2905,2466,2465,-1,2905,2465,2906,-1,2906,2465,2464,-1,2906,2464,2907,-1,2907,2464,2463,-1,2907,2463,2908,-1,2908,2463,2462,-1,2908,2462,2909,-1,2909,2462,2461,-1,2909,2461,2910,-1,2910,2461,2460,-1,2910,2460,2911,-1,2911,2460,2459,-1,2911,2459,2912,-1,2912,2459,2458,-1,2912,2458,2913,-1,2913,2458,2457,-1,2913,2457,2914,-1,2914,2457,2456,-1,2914,2456,2915,-1,2915,2456,2455,-1,2915,2455,2916,-1,2916,2455,2454,-1,2916,2454,2917,-1,2917,2454,2453,-1,2917,2453,2918,-1,2918,2453,2452,-1,2918,2452,2919,-1,2919,2452,2451,-1,2919,2451,2920,-1,2920,2451,2450,-1,2920,2450,2921,-1,2921,2450,2449,-1,2921,2449,2922,-1,2922,2449,2448,-1,2922,2448,2923,-1,2923,2448,2447,-1,2923,2447,2924,-1,2924,2447,2446,-1,2924,2446,2925,-1,2925,2446,2445,-1,2925,2445,2926,-1,2926,2445,2444,-1,2926,2444,2927,-1,2927,2444,2443,-1,2927,2443,2928,-1,2928,2443,2442,-1,2928,2442,2929,-1,2929,2442,2441,-1,2929,2441,2930,-1,2930,2441,2440,-1,2930,2440,2931,-1,2931,2440,2439,-1,2931,2439,2678,-1,2678,2439,2438,-1,2932,2933,2934,-1,2935,2936,2937,-1,2938,2939,2940,-1,2941,2942,2943,-1,2944,2945,2946,-1,2947,2948,2949,-1,2950,2951,2952,-1,2953,2954,2955,-1,2956,2957,2958,-1,2959,2960,2961,-1,2962,2963,2964,-1,2965,2966,2967,-1,2968,2969,2970,-1,2971,2972,2973,-1,2974,2975,2976,-1,2977,2978,2979,-1,2980,2981,2982,-1,2983,2984,2985,-1,2986,2987,2988,-1,2989,2990,2811,-1,2991,2992,2813,-1,2993,2994,2815,-1,2995,2996,2817,-1,2997,2998,2819,-1,2999,3000,2821,-1,3001,3002,2824,-1,3003,3004,2826,-1,3005,3006,2828,-1,3007,3008,2830,-1,3009,3010,2832,-1,3011,3012,2834,-1,3013,3014,2836,-1,3015,3016,2838,-1,3017,3018,2840,-1,3019,3020,2842,-1,3021,3022,2844,-1,3023,3024,2846,-1,3025,3026,2848,-1,3027,3028,2850,-1,3029,3030,2852,-1,3031,3032,2854,-1,3033,3034,2856,-1,3035,3036,2858,-1,3037,3038,2860,-1,3039,3040,2862,-1,3041,3042,2864,-1,3043,3044,2866,-1,3045,3046,2868,-1,3047,3048,2870,-1,3049,3050,2872,-1,3051,3052,2874,-1,3053,3054,2876,-1,3055,3056,2878,-1,3057,3058,2880,-1,3059,3060,2882,-1,3061,3062,2884,-1,3063,3064,2886,-1,3065,3066,2888,-1,3067,3068,2890,-1,3069,3070,2892,-1,3071,3072,2894,-1,3073,3074,2896,-1,3075,3076,2898,-1,3077,3078,2900,-1,3079,3080,2902,-1,3081,3082,2904,-1,3083,3084,2906,-1,3085,3086,2908,-1,3087,3088,2910,-1,3089,3090,2912,-1,3091,3092,2914,-1,3093,3094,2916,-1,3095,3096,2918,-1,3097,3098,2920,-1,3099,3100,2922,-1,3101,3102,2924,-1,3103,3104,2926,-1,3105,3106,2928,-1,3107,3108,2930,-1,3109,3110,2678,-1,3111,3112,2690,-1,3113,3114,2711,-1,3115,3116,2713,-1,3117,3118,2715,-1,3119,3120,2717,-1,3121,3122,2719,-1,3123,3124,2721,-1,3125,3126,2723,-1,3127,3128,2725,-1,3129,3130,2727,-1,3131,3132,2729,-1,3133,3134,2731,-1,3135,3136,2733,-1,3137,3138,2735,-1,3139,3140,2737,-1,3141,3142,2739,-1,3143,3144,2741,-1,3145,3146,2743,-1,3147,3148,2745,-1,3149,3150,2747,-1,3151,3152,2749,-1,3153,3154,2751,-1,3155,3156,2753,-1,3157,3158,2755,-1,3159,3160,2757,-1,3161,3162,2759,-1,3163,3164,2761,-1,3165,3166,2763,-1,3167,3168,2765,-1,3169,3170,2767,-1,3171,3172,2769,-1,3173,3174,2771,-1,3175,3176,2773,-1,3177,3178,2775,-1,3179,3180,2777,-1,3181,3182,2779,-1,3183,3184,2781,-1,3185,3186,2783,-1,3187,3188,2785,-1,3189,3190,2787,-1,3191,3192,2789,-1,3193,3194,2791,-1,3195,3196,2793,-1,3197,3198,2795,-1,3199,3200,2797,-1,3201,3202,2799,-1,3203,3204,2801,-1,3205,3206,2805,-1,3207,3208,2564,-1,3209,3210,2566,-1,3211,3212,2568,-1,3213,3214,2570,-1,3215,3216,2572,-1,3217,3218,2574,-1,3219,3220,2576,-1,3221,3222,2578,-1,3223,3224,2580,-1,3225,3226,2582,-1,3227,3228,2584,-1,3229,3230,2586,-1,3231,3232,2588,-1,3233,3234,2590,-1,3235,3236,2592,-1,3237,3238,2594,-1,3239,3240,2596,-1,3241,3242,2598,-1,3243,3244,2600,-1,3245,3246,2602,-1,3247,3248,2604,-1,3249,3250,2606,-1,3251,3252,2608,-1,3253,3254,2610,-1,3255,3256,2612,-1,3257,3258,2614,-1,3259,3260,2616,-1,3261,3262,2618,-1,3263,3264,2620,-1,3265,3266,2622,-1,3267,3268,2624,-1,3269,3270,2626,-1,3271,3272,2628,-1,3273,3274,2630,-1,3275,3276,2632,-1,3277,3278,2634,-1,3279,3280,2636,-1,3281,3282,2638,-1,3283,3284,2640,-1,3285,3286,2642,-1,3287,3288,2644,-1,3289,3290,2646,-1,3291,3292,2648,-1,3293,3294,2650,-1,3295,3296,2652,-1,3297,3298,2654,-1,3299,3300,2656,-1,3301,3302,2658,-1,3303,3304,2660,-1,3305,3306,2662,-1,3307,3308,2664,-1,3309,3310,2666,-1,3311,3312,2668,-1,3313,3314,2670,-1,2200,1923,2199,-1,2199,1923,1922,-1,2199,1922,1912,-1,2806,1907,2200,-1,2200,1907,1906,-1,2200,1906,1923,-1,3315,1904,3316,-1,3316,1904,1903,-1,3316,1903,3317,-1,3317,1903,1901,-1,3317,1901,1900,-1,3318,1893,3319,-1,3319,1893,1899,-1,3319,1899,3315,-1,3315,1899,1898,-1,3315,1898,1904,-1,2677,3320,2676,-1,2676,3320,3321,-1,2676,3321,2675,-1,2675,3321,3322,-1,2675,3322,2674,-1,2674,3322,3323,-1,2674,3323,2673,-1,2673,3323,3324,-1,2673,3324,2672,-1,2672,3324,3325,-1,2672,3325,2671,-1,2670,3314,2669,-1,2668,3312,2667,-1,2666,3310,2665,-1,2664,3308,2663,-1,2662,3306,2661,-1,2660,3304,2659,-1,2658,3302,2657,-1,2656,3300,2655,-1,2654,3298,2653,-1,2652,3296,2651,-1,2650,3294,2649,-1,2648,3292,2647,-1,2646,3290,2645,-1,2644,3288,2643,-1,2642,3286,2641,-1,2640,3284,2639,-1,2638,3282,2637,-1,2636,3280,2635,-1,2634,3278,2633,-1,2632,3276,2631,-1,2630,3274,2629,-1,2628,3272,2627,-1,2626,3270,2625,-1,2624,3268,2623,-1,2622,3266,2621,-1,2620,3264,2619,-1,2618,3262,2617,-1,2616,3260,2615,-1,2614,3258,2613,-1,2612,3256,2611,-1,2610,3254,2609,-1,2608,3252,2607,-1,2606,3250,2605,-1,2604,3248,2603,-1,2602,3246,2601,-1,2600,3244,2599,-1,2598,3242,2597,-1,2596,3240,2595,-1,2594,3238,2593,-1,2592,3236,2591,-1,2590,3234,2589,-1,2588,3232,2587,-1,2586,3230,2585,-1,2584,3228,2583,-1,2582,3226,2581,-1,2580,3224,2579,-1,2578,3222,2577,-1,2576,3220,2575,-1,2574,3218,2573,-1,2572,3216,2571,-1,2570,3214,2569,-1,2568,3212,2567,-1,2566,3210,2565,-1,2564,3208,2563,-1,2805,3206,2804,-1,2804,3206,3326,-1,2804,3326,2803,-1,2803,3326,3327,-1,2803,3327,2802,-1,2801,3204,2800,-1,2799,3202,2798,-1,2797,3200,2796,-1,2795,3198,2794,-1,2793,3196,2792,-1,2791,3194,2790,-1,2789,3192,2788,-1,2787,3190,2786,-1,2785,3188,2784,-1,2783,3186,2782,-1,2781,3184,2780,-1,2779,3182,2778,-1,2777,3180,2776,-1,2775,3178,2774,-1,2773,3176,2772,-1,2771,3174,2770,-1,2769,3172,2768,-1,2767,3170,2766,-1,2765,3168,2764,-1,2763,3166,2762,-1,2761,3164,2760,-1,2759,3162,2758,-1,2757,3160,2756,-1,2755,3158,2754,-1,2753,3156,2752,-1,2751,3154,2750,-1,2749,3152,2748,-1,2747,3150,2746,-1,2745,3148,2744,-1,2743,3146,2742,-1,2741,3144,2740,-1,2739,3142,2738,-1,2737,3140,2736,-1,2735,3138,2734,-1,2733,3136,2732,-1,2731,3134,2730,-1,2729,3132,2728,-1,2727,3130,2726,-1,2725,3128,2724,-1,2723,3126,2722,-1,2721,3124,2720,-1,2719,3122,2718,-1,2717,3120,2716,-1,2715,3118,2714,-1,2713,3116,2712,-1,2711,3114,2710,-1,2690,3112,2689,-1,2689,3112,3328,-1,2689,3328,2688,-1,2688,3328,3329,-1,2688,3329,2687,-1,2687,3329,3330,-1,2687,3330,2686,-1,2686,3330,3331,-1,2686,3331,2685,-1,2685,3331,3332,-1,2685,3332,2684,-1,2684,3332,3333,-1,2684,3333,2683,-1,2683,3333,3334,-1,2683,3334,2682,-1,2682,3334,3335,-1,2682,3335,2681,-1,2681,3335,3336,-1,2681,3336,2680,-1,2680,3336,3337,-1,2680,3337,2679,-1,2678,3110,2931,-1,2930,3108,2929,-1,2928,3106,2927,-1,2926,3104,2925,-1,2924,3102,2923,-1,2922,3100,2921,-1,2920,3098,2919,-1,2918,3096,2917,-1,2916,3094,2915,-1,2914,3092,2913,-1,2912,3090,2911,-1,2910,3088,2909,-1,2908,3086,2907,-1,2906,3084,2905,-1,2904,3082,2903,-1,2902,3080,2901,-1,2900,3078,2899,-1,2898,3076,2897,-1,2896,3074,2895,-1,2894,3072,2893,-1,2892,3070,2891,-1,2890,3068,2889,-1,2888,3066,2887,-1,2886,3064,2885,-1,2884,3062,2883,-1,2882,3060,2881,-1,2880,3058,2879,-1,2878,3056,2877,-1,2876,3054,2875,-1,2874,3052,2873,-1,2872,3050,2871,-1,2870,3048,2869,-1,2868,3046,2867,-1,2866,3044,2865,-1,2864,3042,2863,-1,2862,3040,2861,-1,2860,3038,2859,-1,2858,3036,2857,-1,2856,3034,2855,-1,2854,3032,2853,-1,2852,3030,2851,-1,2850,3028,2849,-1,2848,3026,2847,-1,2846,3024,2845,-1,2844,3022,2843,-1,2842,3020,2841,-1,2840,3018,2839,-1,2838,3016,2837,-1,2836,3014,2835,-1,2834,3012,2833,-1,2832,3010,2831,-1,2830,3008,2829,-1,2828,3006,2827,-1,2826,3004,2825,-1,2824,3002,2823,-1,2823,3002,3338,-1,2823,3338,2822,-1,2821,3000,2820,-1,2819,2998,2818,-1,2817,2996,2816,-1,2815,2994,2814,-1,2813,2992,2812,-1,2811,2990,2810,-1,1900,1907,3317,-1,3317,1907,2806,-1,3317,2806,3316,-1,3316,2806,2807,-1,3316,2807,3315,-1,3315,2807,2808,-1,3315,2808,3319,-1,3319,2808,2809,-1,3319,2809,3339,-1,2187,3320,2188,-1,2188,3320,2677,-1,2188,2677,2189,-1,2187,3340,3320,-1,3320,3340,3341,-1,3320,3341,3321,-1,3321,3341,3342,-1,3321,3342,3322,-1,3322,3342,3343,-1,3322,3343,3323,-1,3323,3343,3344,-1,3323,3344,3324,-1,3345,3325,3346,-1,3346,3325,3324,-1,3346,3324,3347,-1,3347,3324,3344,-1,3345,3348,3325,-1,3325,3348,3313,-1,3325,3313,2671,-1,2671,3313,2670,-1,3349,3314,3350,-1,3350,3314,3313,-1,3350,3313,3351,-1,3351,3313,3348,-1,3349,3352,3314,-1,3314,3352,3311,-1,3314,3311,2669,-1,2669,3311,2668,-1,3353,3312,3354,-1,3354,3312,3311,-1,3354,3311,3355,-1,3355,3311,3352,-1,3353,3356,3312,-1,3312,3356,3309,-1,3312,3309,2667,-1,2667,3309,2666,-1,3357,3310,3358,-1,3358,3310,3309,-1,3358,3309,3359,-1,3359,3309,3356,-1,3357,3360,3310,-1,3310,3360,3307,-1,3310,3307,2665,-1,2665,3307,2664,-1,3361,3308,3362,-1,3362,3308,3307,-1,3362,3307,3363,-1,3363,3307,3360,-1,3361,3364,3308,-1,3308,3364,3305,-1,3308,3305,2663,-1,2663,3305,2662,-1,3365,3306,3366,-1,3366,3306,3305,-1,3366,3305,3367,-1,3367,3305,3364,-1,3365,3368,3306,-1,3306,3368,3303,-1,3306,3303,2661,-1,2661,3303,2660,-1,3369,3304,3370,-1,3370,3304,3303,-1,3370,3303,3371,-1,3371,3303,3368,-1,3369,3372,3304,-1,3304,3372,3301,-1,3304,3301,2659,-1,2659,3301,2658,-1,3373,3302,3374,-1,3374,3302,3301,-1,3374,3301,3375,-1,3375,3301,3372,-1,3373,3376,3302,-1,3302,3376,3299,-1,3302,3299,2657,-1,2657,3299,2656,-1,3377,3300,3378,-1,3378,3300,3299,-1,3378,3299,3379,-1,3379,3299,3376,-1,3377,3380,3300,-1,3300,3380,3297,-1,3300,3297,2655,-1,2655,3297,2654,-1,3381,3298,3382,-1,3382,3298,3297,-1,3382,3297,3383,-1,3383,3297,3380,-1,3381,3384,3298,-1,3298,3384,3295,-1,3298,3295,2653,-1,2653,3295,2652,-1,3385,3296,3386,-1,3386,3296,3295,-1,3386,3295,3387,-1,3387,3295,3384,-1,3385,3388,3296,-1,3296,3388,3293,-1,3296,3293,2651,-1,2651,3293,2650,-1,3389,3294,3390,-1,3390,3294,3293,-1,3390,3293,3391,-1,3391,3293,3388,-1,3389,3392,3294,-1,3294,3392,3291,-1,3294,3291,2649,-1,2649,3291,2648,-1,3393,3292,3394,-1,3394,3292,3291,-1,3394,3291,3395,-1,3395,3291,3392,-1,3393,3396,3292,-1,3292,3396,3289,-1,3292,3289,2647,-1,2647,3289,2646,-1,3397,3290,3398,-1,3398,3290,3289,-1,3398,3289,3399,-1,3399,3289,3396,-1,3397,3400,3290,-1,3290,3400,3287,-1,3290,3287,2645,-1,2645,3287,2644,-1,3401,3288,3402,-1,3402,3288,3287,-1,3402,3287,3403,-1,3403,3287,3400,-1,3401,3404,3288,-1,3288,3404,3285,-1,3288,3285,2643,-1,2643,3285,2642,-1,3405,3286,3406,-1,3406,3286,3285,-1,3406,3285,3407,-1,3407,3285,3404,-1,3405,3408,3286,-1,3286,3408,3283,-1,3286,3283,2641,-1,2641,3283,2640,-1,3409,3284,3410,-1,3410,3284,3283,-1,3410,3283,3411,-1,3411,3283,3408,-1,3409,3412,3284,-1,3284,3412,3281,-1,3284,3281,2639,-1,2639,3281,2638,-1,3413,3282,3414,-1,3414,3282,3281,-1,3414,3281,3415,-1,3415,3281,3412,-1,3413,3416,3282,-1,3282,3416,3279,-1,3282,3279,2637,-1,2637,3279,2636,-1,3417,3280,3418,-1,3418,3280,3279,-1,3418,3279,3419,-1,3419,3279,3416,-1,3417,3420,3280,-1,3280,3420,3277,-1,3280,3277,2635,-1,2635,3277,2634,-1,3421,3278,3422,-1,3422,3278,3277,-1,3422,3277,3423,-1,3423,3277,3420,-1,3421,3424,3278,-1,3278,3424,3275,-1,3278,3275,2633,-1,2633,3275,2632,-1,3425,3276,3426,-1,3426,3276,3275,-1,3426,3275,3427,-1,3427,3275,3424,-1,3425,3428,3276,-1,3276,3428,3273,-1,3276,3273,2631,-1,2631,3273,2630,-1,3429,3274,3430,-1,3430,3274,3273,-1,3430,3273,3431,-1,3431,3273,3428,-1,3429,3432,3274,-1,3274,3432,3271,-1,3274,3271,2629,-1,2629,3271,2628,-1,3433,3272,3434,-1,3434,3272,3271,-1,3434,3271,3435,-1,3435,3271,3432,-1,3433,3436,3272,-1,3272,3436,3269,-1,3272,3269,2627,-1,2627,3269,2626,-1,3437,3270,3438,-1,3438,3270,3269,-1,3438,3269,3439,-1,3439,3269,3436,-1,3437,3440,3270,-1,3270,3440,3267,-1,3270,3267,2625,-1,2625,3267,2624,-1,3441,3268,3442,-1,3442,3268,3267,-1,3442,3267,3443,-1,3443,3267,3440,-1,3441,3444,3268,-1,3268,3444,3265,-1,3268,3265,2623,-1,2623,3265,2622,-1,3445,3266,3446,-1,3446,3266,3265,-1,3446,3265,3447,-1,3447,3265,3444,-1,3445,3448,3266,-1,3266,3448,3263,-1,3266,3263,2621,-1,2621,3263,2620,-1,3449,3264,3450,-1,3450,3264,3263,-1,3450,3263,3451,-1,3451,3263,3448,-1,3449,3452,3264,-1,3264,3452,3261,-1,3264,3261,2619,-1,2619,3261,2618,-1,3453,3262,3454,-1,3454,3262,3261,-1,3454,3261,3455,-1,3455,3261,3452,-1,3453,3456,3262,-1,3262,3456,3259,-1,3262,3259,2617,-1,2617,3259,2616,-1,3457,3260,3458,-1,3458,3260,3259,-1,3458,3259,3459,-1,3459,3259,3456,-1,3457,3460,3260,-1,3260,3460,3257,-1,3260,3257,2615,-1,2615,3257,2614,-1,3461,3258,3462,-1,3462,3258,3257,-1,3462,3257,3463,-1,3463,3257,3460,-1,3461,3464,3258,-1,3258,3464,3255,-1,3258,3255,2613,-1,2613,3255,2612,-1,3465,3256,3466,-1,3466,3256,3255,-1,3466,3255,3467,-1,3467,3255,3464,-1,3465,3468,3256,-1,3256,3468,3253,-1,3256,3253,2611,-1,2611,3253,2610,-1,3469,3254,3470,-1,3470,3254,3253,-1,3470,3253,3471,-1,3471,3253,3468,-1,3469,3472,3254,-1,3254,3472,3251,-1,3254,3251,2609,-1,2609,3251,2608,-1,3473,3252,3474,-1,3474,3252,3251,-1,3474,3251,3475,-1,3475,3251,3472,-1,3473,3476,3252,-1,3252,3476,3249,-1,3252,3249,2607,-1,2607,3249,2606,-1,3477,3250,3478,-1,3478,3250,3249,-1,3478,3249,3479,-1,3479,3249,3476,-1,3477,3480,3250,-1,3250,3480,3247,-1,3250,3247,2605,-1,2605,3247,2604,-1,3481,3248,3482,-1,3482,3248,3247,-1,3482,3247,3483,-1,3483,3247,3480,-1,3481,3484,3248,-1,3248,3484,3245,-1,3248,3245,2603,-1,2603,3245,2602,-1,3485,3246,3486,-1,3486,3246,3245,-1,3486,3245,3487,-1,3487,3245,3484,-1,3485,3488,3246,-1,3246,3488,3243,-1,3246,3243,2601,-1,2601,3243,2600,-1,3489,3244,3490,-1,3490,3244,3243,-1,3490,3243,3491,-1,3491,3243,3488,-1,3489,3492,3244,-1,3244,3492,3241,-1,3244,3241,2599,-1,2599,3241,2598,-1,3493,3242,3494,-1,3494,3242,3241,-1,3494,3241,3495,-1,3495,3241,3492,-1,3493,3496,3242,-1,3242,3496,3239,-1,3242,3239,2597,-1,2597,3239,2596,-1,3497,3240,3498,-1,3498,3240,3239,-1,3498,3239,3499,-1,3499,3239,3496,-1,3497,3500,3240,-1,3240,3500,3237,-1,3240,3237,2595,-1,2595,3237,2594,-1,3501,3238,3502,-1,3502,3238,3237,-1,3502,3237,3503,-1,3503,3237,3500,-1,3501,3504,3238,-1,3238,3504,3235,-1,3238,3235,2593,-1,2593,3235,2592,-1,3505,3236,3506,-1,3506,3236,3235,-1,3506,3235,3507,-1,3507,3235,3504,-1,3505,3508,3236,-1,3236,3508,3233,-1,3236,3233,2591,-1,2591,3233,2590,-1,3509,3234,3510,-1,3510,3234,3233,-1,3510,3233,3511,-1,3511,3233,3508,-1,3509,3512,3234,-1,3234,3512,3231,-1,3234,3231,2589,-1,2589,3231,2588,-1,3513,3232,3514,-1,3514,3232,3231,-1,3514,3231,3515,-1,3515,3231,3512,-1,3513,3516,3232,-1,3232,3516,3229,-1,3232,3229,2587,-1,2587,3229,2586,-1,3517,3230,3518,-1,3518,3230,3229,-1,3518,3229,3519,-1,3519,3229,3516,-1,3517,3520,3230,-1,3230,3520,3227,-1,3230,3227,2585,-1,2585,3227,2584,-1,3521,3228,3522,-1,3522,3228,3227,-1,3522,3227,3523,-1,3523,3227,3520,-1,3521,3524,3228,-1,3228,3524,3225,-1,3228,3225,2583,-1,2583,3225,2582,-1,3525,3226,3526,-1,3526,3226,3225,-1,3526,3225,3527,-1,3527,3225,3524,-1,3525,3528,3226,-1,3226,3528,3223,-1,3226,3223,2581,-1,2581,3223,2580,-1,3529,3224,3530,-1,3530,3224,3223,-1,3530,3223,3531,-1,3531,3223,3528,-1,3529,3532,3224,-1,3224,3532,3221,-1,3224,3221,2579,-1,2579,3221,2578,-1,3533,3222,3534,-1,3534,3222,3221,-1,3534,3221,3535,-1,3535,3221,3532,-1,3533,3536,3222,-1,3222,3536,3219,-1,3222,3219,2577,-1,2577,3219,2576,-1,3537,3220,3538,-1,3538,3220,3219,-1,3538,3219,3539,-1,3539,3219,3536,-1,3537,3540,3220,-1,3220,3540,3217,-1,3220,3217,2575,-1,2575,3217,2574,-1,3541,3218,3542,-1,3542,3218,3217,-1,3542,3217,3543,-1,3543,3217,3540,-1,3541,3544,3218,-1,3218,3544,3215,-1,3218,3215,2573,-1,2573,3215,2572,-1,3545,3216,3546,-1,3546,3216,3215,-1,3546,3215,3547,-1,3547,3215,3544,-1,3545,3548,3216,-1,3216,3548,3213,-1,3216,3213,2571,-1,2571,3213,2570,-1,3549,3214,3550,-1,3550,3214,3213,-1,3550,3213,3551,-1,3551,3213,3548,-1,3549,3552,3214,-1,3214,3552,3211,-1,3214,3211,2569,-1,2569,3211,2568,-1,3553,3212,3554,-1,3554,3212,3211,-1,3554,3211,3555,-1,3555,3211,3552,-1,3553,3556,3212,-1,3212,3556,3209,-1,3212,3209,2567,-1,2567,3209,2566,-1,3557,3210,3558,-1,3558,3210,3209,-1,3558,3209,3559,-1,3559,3209,3556,-1,3557,3560,3210,-1,3210,3560,3207,-1,3210,3207,2565,-1,2565,3207,2564,-1,3561,3208,3562,-1,3562,3208,3207,-1,3562,3207,3563,-1,3563,3207,3560,-1,3561,3564,3208,-1,3208,3564,3205,-1,3208,3205,2563,-1,2563,3205,2805,-1,3564,3565,3205,-1,3205,3565,3566,-1,3205,3566,3206,-1,3206,3566,3567,-1,3206,3567,3326,-1,3567,3568,3326,-1,3326,3568,3569,-1,3326,3569,3327,-1,3327,3569,3570,-1,3570,3571,3327,-1,3327,3571,3203,-1,3327,3203,2802,-1,2802,3203,2801,-1,3571,3572,3203,-1,3203,3572,3573,-1,3203,3573,3204,-1,3204,3573,3574,-1,3574,3575,3204,-1,3204,3575,3201,-1,3204,3201,2800,-1,2800,3201,2799,-1,3575,3576,3201,-1,3201,3576,3577,-1,3201,3577,3202,-1,3202,3577,3578,-1,3578,3579,3202,-1,3202,3579,3199,-1,3202,3199,2798,-1,2798,3199,2797,-1,3579,3580,3199,-1,3199,3580,3581,-1,3199,3581,3200,-1,3200,3581,3582,-1,3582,3583,3200,-1,3200,3583,3197,-1,3200,3197,2796,-1,2796,3197,2795,-1,3583,3584,3197,-1,3197,3584,3585,-1,3197,3585,3198,-1,3198,3585,3586,-1,3586,3587,3198,-1,3198,3587,3195,-1,3198,3195,2794,-1,2794,3195,2793,-1,3587,3588,3195,-1,3195,3588,3589,-1,3195,3589,3196,-1,3196,3589,3590,-1,3590,3591,3196,-1,3196,3591,3193,-1,3196,3193,2792,-1,2792,3193,2791,-1,3591,3592,3193,-1,3193,3592,3593,-1,3193,3593,3194,-1,3194,3593,3594,-1,3594,3595,3194,-1,3194,3595,3191,-1,3194,3191,2790,-1,2790,3191,2789,-1,3595,3596,3191,-1,3191,3596,3597,-1,3191,3597,3192,-1,3192,3597,3598,-1,3598,3599,3192,-1,3192,3599,3189,-1,3192,3189,2788,-1,2788,3189,2787,-1,3599,3600,3189,-1,3189,3600,3601,-1,3189,3601,3190,-1,3190,3601,3602,-1,3602,3603,3190,-1,3190,3603,3187,-1,3190,3187,2786,-1,2786,3187,2785,-1,3603,3604,3187,-1,3187,3604,3605,-1,3187,3605,3188,-1,3188,3605,3606,-1,3606,3607,3188,-1,3188,3607,3185,-1,3188,3185,2784,-1,2784,3185,2783,-1,3607,3608,3185,-1,3185,3608,3609,-1,3185,3609,3186,-1,3186,3609,3610,-1,3610,3611,3186,-1,3186,3611,3183,-1,3186,3183,2782,-1,2782,3183,2781,-1,3611,3612,3183,-1,3183,3612,3613,-1,3183,3613,3184,-1,3184,3613,3614,-1,3614,3615,3184,-1,3184,3615,3181,-1,3184,3181,2780,-1,2780,3181,2779,-1,3615,3616,3181,-1,3181,3616,3617,-1,3181,3617,3182,-1,3182,3617,3618,-1,3618,3619,3182,-1,3182,3619,3179,-1,3182,3179,2778,-1,2778,3179,2777,-1,3619,3620,3179,-1,3179,3620,3621,-1,3179,3621,3180,-1,3180,3621,3622,-1,3622,3623,3180,-1,3180,3623,3177,-1,3180,3177,2776,-1,2776,3177,2775,-1,3623,3624,3177,-1,3177,3624,3625,-1,3177,3625,3178,-1,3178,3625,3626,-1,3626,3627,3178,-1,3178,3627,3175,-1,3178,3175,2774,-1,2774,3175,2773,-1,3627,3628,3175,-1,3175,3628,3629,-1,3175,3629,3176,-1,3176,3629,3630,-1,3630,3631,3176,-1,3176,3631,3173,-1,3176,3173,2772,-1,2772,3173,2771,-1,3631,3632,3173,-1,3173,3632,3633,-1,3173,3633,3174,-1,3174,3633,3634,-1,3634,3635,3174,-1,3174,3635,3171,-1,3174,3171,2770,-1,2770,3171,2769,-1,3635,3636,3171,-1,3171,3636,3637,-1,3171,3637,3172,-1,3172,3637,3638,-1,3638,3639,3172,-1,3172,3639,3169,-1,3172,3169,2768,-1,2768,3169,2767,-1,3639,3640,3169,-1,3169,3640,3641,-1,3169,3641,3170,-1,3170,3641,3642,-1,3642,3643,3170,-1,3170,3643,3167,-1,3170,3167,2766,-1,2766,3167,2765,-1,3643,3644,3167,-1,3167,3644,3645,-1,3167,3645,3168,-1,3168,3645,3646,-1,3646,3647,3168,-1,3168,3647,3165,-1,3168,3165,2764,-1,2764,3165,2763,-1,3647,3648,3165,-1,3165,3648,3649,-1,3165,3649,3166,-1,3166,3649,3650,-1,3650,3651,3166,-1,3166,3651,3163,-1,3166,3163,2762,-1,2762,3163,2761,-1,3651,3652,3163,-1,3163,3652,3653,-1,3163,3653,3164,-1,3164,3653,3654,-1,3654,3655,3164,-1,3164,3655,3161,-1,3164,3161,2760,-1,2760,3161,2759,-1,3655,3656,3161,-1,3161,3656,3657,-1,3161,3657,3162,-1,3162,3657,3658,-1,3658,3659,3162,-1,3162,3659,3159,-1,3162,3159,2758,-1,2758,3159,2757,-1,3659,3660,3159,-1,3159,3660,3661,-1,3159,3661,3160,-1,3160,3661,3662,-1,3662,3663,3160,-1,3160,3663,3157,-1,3160,3157,2756,-1,2756,3157,2755,-1,3663,3664,3157,-1,3157,3664,3665,-1,3157,3665,3158,-1,3158,3665,3666,-1,3666,3667,3158,-1,3158,3667,3155,-1,3158,3155,2754,-1,2754,3155,2753,-1,3667,3668,3155,-1,3155,3668,3669,-1,3155,3669,3156,-1,3156,3669,3670,-1,3670,3671,3156,-1,3156,3671,3153,-1,3156,3153,2752,-1,2752,3153,2751,-1,3671,3672,3153,-1,3153,3672,3673,-1,3153,3673,3154,-1,3154,3673,3674,-1,3674,3675,3154,-1,3154,3675,3151,-1,3154,3151,2750,-1,2750,3151,2749,-1,3675,3676,3151,-1,3151,3676,3677,-1,3151,3677,3152,-1,3152,3677,3678,-1,3678,3679,3152,-1,3152,3679,3149,-1,3152,3149,2748,-1,2748,3149,2747,-1,3679,3680,3149,-1,3149,3680,3681,-1,3149,3681,3150,-1,3150,3681,3682,-1,3682,3683,3150,-1,3150,3683,3147,-1,3150,3147,2746,-1,2746,3147,2745,-1,3683,3684,3147,-1,3147,3684,3685,-1,3147,3685,3148,-1,3148,3685,3686,-1,3686,3687,3148,-1,3148,3687,3145,-1,3148,3145,2744,-1,2744,3145,2743,-1,3687,3688,3145,-1,3145,3688,3689,-1,3145,3689,3146,-1,3146,3689,3690,-1,3690,3691,3146,-1,3146,3691,3143,-1,3146,3143,2742,-1,2742,3143,2741,-1,3691,3692,3143,-1,3143,3692,3693,-1,3143,3693,3144,-1,3144,3693,3694,-1,3694,3695,3144,-1,3144,3695,3141,-1,3144,3141,2740,-1,2740,3141,2739,-1,3695,3696,3141,-1,3141,3696,3697,-1,3141,3697,3142,-1,3142,3697,3698,-1,3698,3699,3142,-1,3142,3699,3139,-1,3142,3139,2738,-1,2738,3139,2737,-1,3699,3700,3139,-1,3139,3700,3701,-1,3139,3701,3140,-1,3140,3701,3702,-1,3702,3703,3140,-1,3140,3703,3137,-1,3140,3137,2736,-1,2736,3137,2735,-1,3703,3704,3137,-1,3137,3704,3705,-1,3137,3705,3138,-1,3138,3705,3706,-1,3706,3707,3138,-1,3138,3707,3135,-1,3138,3135,2734,-1,2734,3135,2733,-1,3707,3708,3135,-1,3135,3708,3709,-1,3135,3709,3136,-1,3136,3709,3710,-1,3710,3711,3136,-1,3136,3711,3133,-1,3136,3133,2732,-1,2732,3133,2731,-1,3711,3712,3133,-1,3133,3712,3713,-1,3133,3713,3134,-1,3134,3713,3714,-1,3714,3715,3134,-1,3134,3715,3131,-1,3134,3131,2730,-1,2730,3131,2729,-1,3715,3716,3131,-1,3131,3716,3717,-1,3131,3717,3132,-1,3132,3717,3718,-1,3718,3719,3132,-1,3132,3719,3129,-1,3132,3129,2728,-1,2728,3129,2727,-1,3719,3720,3129,-1,3129,3720,3721,-1,3129,3721,3130,-1,3130,3721,3722,-1,3722,3723,3130,-1,3130,3723,3127,-1,3130,3127,2726,-1,2726,3127,2725,-1,3723,3724,3127,-1,3127,3724,3725,-1,3127,3725,3128,-1,3128,3725,3726,-1,3726,3727,3128,-1,3128,3727,3125,-1,3128,3125,2724,-1,2724,3125,2723,-1,3727,3728,3125,-1,3125,3728,3729,-1,3125,3729,3126,-1,3126,3729,3730,-1,3730,3731,3126,-1,3126,3731,3123,-1,3126,3123,2722,-1,2722,3123,2721,-1,3731,3732,3123,-1,3123,3732,3733,-1,3123,3733,3124,-1,3124,3733,3734,-1,3734,3735,3124,-1,3124,3735,3121,-1,3124,3121,2720,-1,2720,3121,2719,-1,3735,3736,3121,-1,3121,3736,3737,-1,3121,3737,3122,-1,3122,3737,3738,-1,3738,3739,3122,-1,3122,3739,3119,-1,3122,3119,2718,-1,2718,3119,2717,-1,3739,3740,3119,-1,3119,3740,3741,-1,3119,3741,3120,-1,3120,3741,3742,-1,3742,3743,3120,-1,3120,3743,3117,-1,3120,3117,2716,-1,2716,3117,2715,-1,3743,3744,3117,-1,3117,3744,3745,-1,3117,3745,3118,-1,3118,3745,3746,-1,3746,3747,3118,-1,3118,3747,3115,-1,3118,3115,2714,-1,2714,3115,2713,-1,3747,3748,3115,-1,3115,3748,3749,-1,3115,3749,3116,-1,3116,3749,3750,-1,3750,3751,3116,-1,3116,3751,3113,-1,3116,3113,2712,-1,2712,3113,2711,-1,3751,3752,3113,-1,3113,3752,3753,-1,3113,3753,3114,-1,3114,3753,3754,-1,3114,3754,3755,-1,3755,2986,3114,-1,3114,2986,2988,-1,3114,2988,2710,-1,2710,2988,2709,-1,2987,2983,2988,-1,2988,2983,2985,-1,2988,2985,2709,-1,2709,2985,2708,-1,2984,2980,2985,-1,2985,2980,2982,-1,2985,2982,2708,-1,2708,2982,2707,-1,2981,2977,2982,-1,2982,2977,2979,-1,2982,2979,2707,-1,2707,2979,2706,-1,2978,2974,2979,-1,2979,2974,2976,-1,2979,2976,2706,-1,2706,2976,2705,-1,2975,2971,2976,-1,2976,2971,2973,-1,2976,2973,2705,-1,2705,2973,2704,-1,2972,2968,2973,-1,2973,2968,2970,-1,2973,2970,2704,-1,2704,2970,2703,-1,2969,2965,2970,-1,2970,2965,2967,-1,2970,2967,2703,-1,2703,2967,2702,-1,2966,2962,2967,-1,2967,2962,2964,-1,2967,2964,2702,-1,2702,2964,2701,-1,2963,2959,2964,-1,2964,2959,2961,-1,2964,2961,2701,-1,2701,2961,2700,-1,2960,2956,2961,-1,2961,2956,2958,-1,2961,2958,2700,-1,2700,2958,2699,-1,2957,2953,2958,-1,2958,2953,2955,-1,2958,2955,2699,-1,2699,2955,2698,-1,2954,2950,2955,-1,2955,2950,2952,-1,2955,2952,2698,-1,2698,2952,2697,-1,2951,2947,2952,-1,2952,2947,2949,-1,2952,2949,2697,-1,2697,2949,2696,-1,2948,2944,2949,-1,2949,2944,2946,-1,2949,2946,2696,-1,2696,2946,2695,-1,2945,2941,2946,-1,2946,2941,2943,-1,2946,2943,2695,-1,2695,2943,2694,-1,2942,2938,2943,-1,2943,2938,2940,-1,2943,2940,2694,-1,2694,2940,2693,-1,2939,2935,2940,-1,2940,2935,2937,-1,2940,2937,2693,-1,2693,2937,2692,-1,2936,2932,2937,-1,2937,2932,2934,-1,2937,2934,2692,-1,2692,2934,2691,-1,2933,3756,2934,-1,2934,3756,3111,-1,2934,3111,2691,-1,2691,3111,2690,-1,3756,3757,3111,-1,3111,3757,3758,-1,3111,3758,3112,-1,3112,3758,3759,-1,3112,3759,3328,-1,3328,3759,3760,-1,3328,3760,3329,-1,3329,3760,3761,-1,3329,3761,3330,-1,3330,3761,3762,-1,3330,3762,3331,-1,3331,3762,3763,-1,3331,3763,3332,-1,3332,3763,3764,-1,3332,3764,3333,-1,3333,3764,3765,-1,3333,3765,3334,-1,3334,3765,3766,-1,3334,3766,3335,-1,3335,3766,3767,-1,3335,3767,3336,-1,3768,3337,3769,-1,3769,3337,3336,-1,3769,3336,3770,-1,3770,3336,3767,-1,3768,3771,3337,-1,3337,3771,3109,-1,3337,3109,2679,-1,2679,3109,2678,-1,3772,3110,3773,-1,3773,3110,3109,-1,3773,3109,3774,-1,3774,3109,3771,-1,3772,3775,3110,-1,3110,3775,3107,-1,3110,3107,2931,-1,2931,3107,2930,-1,3776,3108,3777,-1,3777,3108,3107,-1,3777,3107,3778,-1,3778,3107,3775,-1,3776,3779,3108,-1,3108,3779,3105,-1,3108,3105,2929,-1,2929,3105,2928,-1,3780,3106,3781,-1,3781,3106,3105,-1,3781,3105,3782,-1,3782,3105,3779,-1,3780,3783,3106,-1,3106,3783,3103,-1,3106,3103,2927,-1,2927,3103,2926,-1,3784,3104,3785,-1,3785,3104,3103,-1,3785,3103,3786,-1,3786,3103,3783,-1,3784,3787,3104,-1,3104,3787,3101,-1,3104,3101,2925,-1,2925,3101,2924,-1,3788,3102,3789,-1,3789,3102,3101,-1,3789,3101,3790,-1,3790,3101,3787,-1,3788,3791,3102,-1,3102,3791,3099,-1,3102,3099,2923,-1,2923,3099,2922,-1,3792,3100,3793,-1,3793,3100,3099,-1,3793,3099,3794,-1,3794,3099,3791,-1,3792,3795,3100,-1,3100,3795,3097,-1,3100,3097,2921,-1,2921,3097,2920,-1,3796,3098,3797,-1,3797,3098,3097,-1,3797,3097,3798,-1,3798,3097,3795,-1,3796,3799,3098,-1,3098,3799,3095,-1,3098,3095,2919,-1,2919,3095,2918,-1,3800,3096,3801,-1,3801,3096,3095,-1,3801,3095,3802,-1,3802,3095,3799,-1,3800,3803,3096,-1,3096,3803,3093,-1,3096,3093,2917,-1,2917,3093,2916,-1,3804,3094,3805,-1,3805,3094,3093,-1,3805,3093,3806,-1,3806,3093,3803,-1,3804,3807,3094,-1,3094,3807,3091,-1,3094,3091,2915,-1,2915,3091,2914,-1,3808,3092,3809,-1,3809,3092,3091,-1,3809,3091,3810,-1,3810,3091,3807,-1,3808,3811,3092,-1,3092,3811,3089,-1,3092,3089,2913,-1,2913,3089,2912,-1,3812,3090,3813,-1,3813,3090,3089,-1,3813,3089,3814,-1,3814,3089,3811,-1,3812,3815,3090,-1,3090,3815,3087,-1,3090,3087,2911,-1,2911,3087,2910,-1,3816,3088,3817,-1,3817,3088,3087,-1,3817,3087,3818,-1,3818,3087,3815,-1,3816,3819,3088,-1,3088,3819,3085,-1,3088,3085,2909,-1,2909,3085,2908,-1,3820,3086,3821,-1,3821,3086,3085,-1,3821,3085,3822,-1,3822,3085,3819,-1,3820,3823,3086,-1,3086,3823,3083,-1,3086,3083,2907,-1,2907,3083,2906,-1,3824,3084,3825,-1,3825,3084,3083,-1,3825,3083,3826,-1,3826,3083,3823,-1,3824,3827,3084,-1,3084,3827,3081,-1,3084,3081,2905,-1,2905,3081,2904,-1,3828,3082,3829,-1,3829,3082,3081,-1,3829,3081,3830,-1,3830,3081,3827,-1,3828,3831,3082,-1,3082,3831,3079,-1,3082,3079,2903,-1,2903,3079,2902,-1,3832,3080,3833,-1,3833,3080,3079,-1,3833,3079,3834,-1,3834,3079,3831,-1,3832,3835,3080,-1,3080,3835,3077,-1,3080,3077,2901,-1,2901,3077,2900,-1,3836,3078,3837,-1,3837,3078,3077,-1,3837,3077,3838,-1,3838,3077,3835,-1,3836,3839,3078,-1,3078,3839,3075,-1,3078,3075,2899,-1,2899,3075,2898,-1,3840,3076,3841,-1,3841,3076,3075,-1,3841,3075,3842,-1,3842,3075,3839,-1,3840,3843,3076,-1,3076,3843,3073,-1,3076,3073,2897,-1,2897,3073,2896,-1,3844,3074,3845,-1,3845,3074,3073,-1,3845,3073,3846,-1,3846,3073,3843,-1,3844,3847,3074,-1,3074,3847,3071,-1,3074,3071,2895,-1,2895,3071,2894,-1,3848,3072,3849,-1,3849,3072,3071,-1,3849,3071,3850,-1,3850,3071,3847,-1,3848,3851,3072,-1,3072,3851,3069,-1,3072,3069,2893,-1,2893,3069,2892,-1,3852,3070,3853,-1,3853,3070,3069,-1,3853,3069,3854,-1,3854,3069,3851,-1,3852,3855,3070,-1,3070,3855,3067,-1,3070,3067,2891,-1,2891,3067,2890,-1,3856,3068,3857,-1,3857,3068,3067,-1,3857,3067,3858,-1,3858,3067,3855,-1,3856,3859,3068,-1,3068,3859,3065,-1,3068,3065,2889,-1,2889,3065,2888,-1,3860,3066,3861,-1,3861,3066,3065,-1,3861,3065,3862,-1,3862,3065,3859,-1,3860,3863,3066,-1,3066,3863,3063,-1,3066,3063,2887,-1,2887,3063,2886,-1,3864,3064,3865,-1,3865,3064,3063,-1,3865,3063,3866,-1,3866,3063,3863,-1,3864,3867,3064,-1,3064,3867,3061,-1,3064,3061,2885,-1,2885,3061,2884,-1,3868,3062,3869,-1,3869,3062,3061,-1,3869,3061,3870,-1,3870,3061,3867,-1,3868,3871,3062,-1,3062,3871,3059,-1,3062,3059,2883,-1,2883,3059,2882,-1,3872,3060,3873,-1,3873,3060,3059,-1,3873,3059,3874,-1,3874,3059,3871,-1,3872,3875,3060,-1,3060,3875,3057,-1,3060,3057,2881,-1,2881,3057,2880,-1,3876,3058,3877,-1,3877,3058,3057,-1,3877,3057,3878,-1,3878,3057,3875,-1,3876,3879,3058,-1,3058,3879,3055,-1,3058,3055,2879,-1,2879,3055,2878,-1,3880,3056,3881,-1,3881,3056,3055,-1,3881,3055,3882,-1,3882,3055,3879,-1,3880,3883,3056,-1,3056,3883,3053,-1,3056,3053,2877,-1,2877,3053,2876,-1,3884,3054,3885,-1,3885,3054,3053,-1,3885,3053,3886,-1,3886,3053,3883,-1,3884,3887,3054,-1,3054,3887,3051,-1,3054,3051,2875,-1,2875,3051,2874,-1,3888,3052,3889,-1,3889,3052,3051,-1,3889,3051,3890,-1,3890,3051,3887,-1,3888,3891,3052,-1,3052,3891,3049,-1,3052,3049,2873,-1,2873,3049,2872,-1,3892,3050,3893,-1,3893,3050,3049,-1,3893,3049,3894,-1,3894,3049,3891,-1,3892,3895,3050,-1,3050,3895,3047,-1,3050,3047,2871,-1,2871,3047,2870,-1,3896,3048,3897,-1,3897,3048,3047,-1,3897,3047,3898,-1,3898,3047,3895,-1,3896,3899,3048,-1,3048,3899,3045,-1,3048,3045,2869,-1,2869,3045,2868,-1,3900,3046,3901,-1,3901,3046,3045,-1,3901,3045,3902,-1,3902,3045,3899,-1,3900,3903,3046,-1,3046,3903,3043,-1,3046,3043,2867,-1,2867,3043,2866,-1,3904,3044,3905,-1,3905,3044,3043,-1,3905,3043,3906,-1,3906,3043,3903,-1,3904,3907,3044,-1,3044,3907,3041,-1,3044,3041,2865,-1,2865,3041,2864,-1,3908,3042,3909,-1,3909,3042,3041,-1,3909,3041,3910,-1,3910,3041,3907,-1,3908,3911,3042,-1,3042,3911,3039,-1,3042,3039,2863,-1,2863,3039,2862,-1,3912,3040,3913,-1,3913,3040,3039,-1,3913,3039,3914,-1,3914,3039,3911,-1,3912,3915,3040,-1,3040,3915,3037,-1,3040,3037,2861,-1,2861,3037,2860,-1,3916,3038,3917,-1,3917,3038,3037,-1,3917,3037,3918,-1,3918,3037,3915,-1,3916,3919,3038,-1,3038,3919,3035,-1,3038,3035,2859,-1,2859,3035,2858,-1,3920,3036,3921,-1,3921,3036,3035,-1,3921,3035,3922,-1,3922,3035,3919,-1,3920,3923,3036,-1,3036,3923,3033,-1,3036,3033,2857,-1,2857,3033,2856,-1,3924,3034,3925,-1,3925,3034,3033,-1,3925,3033,3926,-1,3926,3033,3923,-1,3924,3927,3034,-1,3034,3927,3031,-1,3034,3031,2855,-1,2855,3031,2854,-1,3928,3032,3929,-1,3929,3032,3031,-1,3929,3031,3930,-1,3930,3031,3927,-1,3928,3931,3032,-1,3032,3931,3029,-1,3032,3029,2853,-1,2853,3029,2852,-1,3932,3030,3933,-1,3933,3030,3029,-1,3933,3029,3934,-1,3934,3029,3931,-1,3932,3935,3030,-1,3030,3935,3027,-1,3030,3027,2851,-1,2851,3027,2850,-1,3936,3028,3937,-1,3937,3028,3027,-1,3937,3027,3938,-1,3938,3027,3935,-1,3936,3939,3028,-1,3028,3939,3025,-1,3028,3025,2849,-1,2849,3025,2848,-1,3940,3026,3941,-1,3941,3026,3025,-1,3941,3025,3942,-1,3942,3025,3939,-1,3940,3943,3026,-1,3026,3943,3023,-1,3026,3023,2847,-1,2847,3023,2846,-1,3944,3024,3945,-1,3945,3024,3023,-1,3945,3023,3946,-1,3946,3023,3943,-1,3944,3947,3024,-1,3024,3947,3021,-1,3024,3021,2845,-1,2845,3021,2844,-1,3948,3022,3949,-1,3949,3022,3021,-1,3949,3021,3950,-1,3950,3021,3947,-1,3948,3951,3022,-1,3022,3951,3019,-1,3022,3019,2843,-1,2843,3019,2842,-1,3952,3020,3953,-1,3953,3020,3019,-1,3953,3019,3954,-1,3954,3019,3951,-1,3952,3955,3020,-1,3020,3955,3017,-1,3020,3017,2841,-1,2841,3017,2840,-1,3956,3018,3957,-1,3957,3018,3017,-1,3957,3017,3958,-1,3958,3017,3955,-1,3956,3959,3018,-1,3018,3959,3015,-1,3018,3015,2839,-1,2839,3015,2838,-1,3960,3016,3961,-1,3961,3016,3015,-1,3961,3015,3962,-1,3962,3015,3959,-1,3960,3963,3016,-1,3016,3963,3013,-1,3016,3013,2837,-1,2837,3013,2836,-1,3964,3014,3965,-1,3965,3014,3013,-1,3965,3013,3966,-1,3966,3013,3963,-1,3964,3967,3014,-1,3014,3967,3011,-1,3014,3011,2835,-1,2835,3011,2834,-1,3968,3012,3969,-1,3969,3012,3011,-1,3969,3011,3970,-1,3970,3011,3967,-1,3968,3971,3012,-1,3012,3971,3009,-1,3012,3009,2833,-1,2833,3009,2832,-1,3972,3010,3973,-1,3973,3010,3009,-1,3973,3009,3974,-1,3974,3009,3971,-1,3972,3975,3010,-1,3010,3975,3007,-1,3010,3007,2831,-1,2831,3007,2830,-1,3976,3008,3977,-1,3977,3008,3007,-1,3977,3007,3978,-1,3978,3007,3975,-1,3976,3979,3008,-1,3008,3979,3005,-1,3008,3005,2829,-1,2829,3005,2828,-1,3980,3006,3981,-1,3981,3006,3005,-1,3981,3005,3982,-1,3982,3005,3979,-1,3980,3983,3006,-1,3006,3983,3003,-1,3006,3003,2827,-1,2827,3003,2826,-1,3984,3004,3985,-1,3985,3004,3003,-1,3985,3003,3986,-1,3986,3003,3983,-1,3984,3987,3004,-1,3004,3987,3001,-1,3004,3001,2825,-1,2825,3001,2824,-1,3987,3988,3001,-1,3001,3988,3989,-1,3001,3989,3002,-1,3002,3989,3990,-1,3002,3990,3338,-1,3338,3990,3991,-1,3991,3992,3338,-1,3338,3992,2999,-1,3338,2999,2822,-1,2822,2999,2821,-1,3992,3993,2999,-1,2999,3993,3994,-1,2999,3994,3000,-1,3000,3994,3995,-1,3995,3996,3000,-1,3000,3996,2997,-1,3000,2997,2820,-1,2820,2997,2819,-1,3996,3997,2997,-1,2997,3997,3998,-1,2997,3998,2998,-1,2998,3998,3999,-1,3999,4000,2998,-1,2998,4000,2995,-1,2998,2995,2818,-1,2818,2995,2817,-1,4000,4001,2995,-1,2995,4001,4002,-1,2995,4002,2996,-1,2996,4002,4003,-1,4003,4004,2996,-1,2996,4004,2993,-1,2996,2993,2816,-1,2816,2993,2815,-1,4004,4005,2993,-1,2993,4005,4006,-1,2993,4006,2994,-1,2994,4006,4007,-1,4007,4008,2994,-1,2994,4008,2991,-1,2994,2991,2814,-1,2814,2991,2813,-1,4008,4009,2991,-1,2991,4009,4010,-1,2991,4010,2992,-1,2992,4010,4011,-1,4011,4012,2992,-1,2992,4012,2989,-1,2992,2989,2812,-1,2812,2989,2811,-1,4012,4013,2989,-1,2989,4013,4014,-1,2989,4014,2990,-1,2990,4014,4015,-1,4015,4016,2990,-1,2990,4016,3339,-1,2990,3339,2810,-1,2810,3339,2809,-1,4016,4017,3339,-1,3339,4017,4018,-1,3339,4018,3319,-1,3319,4018,4019,-1,3319,4019,3318,-1,4020,4021,3765,-1,4022,4023,3762,-1,1830,1829,4024,-1,1865,1864,4003,-1,1754,1880,4011,-1,1751,1889,4017,-1,4019,1894,3318,-1,3318,1894,1893,-1,4017,1889,4018,-1,1889,1891,4018,-1,4018,1891,1896,-1,4018,1896,4019,-1,4019,1896,1895,-1,4019,1895,1894,-1,1751,4017,1752,-1,1752,4017,4016,-1,1752,4016,1886,-1,1886,4016,1887,-1,1887,4016,4015,-1,1887,4015,1888,-1,1888,4015,4014,-1,1888,4014,1883,-1,1883,4014,4013,-1,1883,4013,1884,-1,4011,1880,4012,-1,4012,1880,1882,-1,4012,1882,4013,-1,4013,1882,1885,-1,4013,1885,1884,-1,1754,4011,1755,-1,1755,4011,4010,-1,1755,4010,1877,-1,1877,4010,1878,-1,1878,4010,4009,-1,1878,4009,1879,-1,1879,4009,4008,-1,1879,4008,1872,-1,4005,1867,4006,-1,4006,1867,1876,-1,4006,1876,4007,-1,4007,1876,1875,-1,4007,1875,4008,-1,4008,1875,1873,-1,4008,1873,1872,-1,4003,1864,4004,-1,1864,1871,4004,-1,4004,1871,1870,-1,4004,1870,4005,-1,4005,1870,1868,-1,4005,1868,1867,-1,1865,4003,1866,-1,1866,4003,4002,-1,1866,4002,1863,-1,1863,4002,1861,-1,1861,4002,4001,-1,1861,4001,1757,-1,1757,4001,4000,-1,1757,4000,1758,-1,1758,4000,3999,-1,1758,3999,1858,-1,1856,1854,3997,-1,3997,1854,1853,-1,3997,1853,3998,-1,3998,1853,1860,-1,3998,1860,3999,-1,3999,1860,1859,-1,3999,1859,1858,-1,1856,3997,1857,-1,1857,3997,3996,-1,1857,3996,1850,-1,1850,3996,3995,-1,1850,3995,1851,-1,1851,3995,3994,-1,1851,3994,1852,-1,1845,1844,3991,-1,3991,1844,1761,-1,3991,1761,3992,-1,3992,1761,1760,-1,3992,1760,3993,-1,3993,1760,1847,-1,3993,1847,3994,-1,3994,1847,1849,-1,3994,1849,1852,-1,1845,3991,1846,-1,1846,3991,3990,-1,1846,3990,1839,-1,1839,3990,3989,-1,1839,3989,1840,-1,1834,1833,4025,-1,4025,1833,1832,-1,1838,1837,4026,-1,1832,1838,4025,-1,4025,1838,4026,-1,4025,4026,3984,-1,3984,4026,1837,-1,3984,1837,3987,-1,3987,1837,1836,-1,3987,1836,3988,-1,3988,1836,1843,-1,3988,1843,3989,-1,3989,1843,1842,-1,3989,1842,1840,-1,1829,1827,4024,-1,4024,1827,1826,-1,4024,1826,4025,-1,4025,1826,1835,-1,4025,1835,1834,-1,1830,4027,1821,-1,1821,4027,1822,-1,1817,1816,4028,-1,4028,1816,1825,-1,4028,1825,4027,-1,4027,1825,1824,-1,4027,1824,1822,-1,4029,1820,4028,-1,4028,1820,1819,-1,4028,1819,1817,-1,1812,1815,4030,-1,4030,1815,1814,-1,4030,1814,4029,-1,4029,1814,1813,-1,4029,1813,1820,-1,1807,1764,4031,-1,4031,1764,1763,-1,4031,1763,4030,-1,4030,1763,1810,-1,4030,1810,1812,-1,1803,1802,4032,-1,4032,1802,1809,-1,4032,1809,4031,-1,4031,1809,1808,-1,4031,1808,1807,-1,4033,1799,1806,-1,4033,1806,4032,-1,4032,1806,1805,-1,4032,1805,1803,-1,1798,1797,4034,-1,4034,1797,1801,-1,4034,1801,4033,-1,4033,1801,1800,-1,4033,1800,1799,-1,4035,1793,1767,-1,4035,1767,4034,-1,4034,1767,1766,-1,4034,1766,1798,-1,1789,1788,4036,-1,4036,1788,1795,-1,4036,1795,4035,-1,4035,1795,1794,-1,4035,1794,1793,-1,1786,1785,4037,-1,4037,1785,1792,-1,4037,1792,4036,-1,4036,1792,1791,-1,4036,1791,1789,-1,1786,4037,1787,-1,1787,4037,4038,-1,1787,4038,1781,-1,1777,1784,4039,-1,4039,1784,1783,-1,4039,1783,4038,-1,4038,1783,1780,-1,4038,1780,1781,-1,4040,1779,4039,-1,4039,1779,1778,-1,4039,1778,1777,-1,4041,1773,4040,-1,4040,1773,1772,-1,1772,1770,4040,-1,4040,1770,1769,-1,4040,1769,1779,-1,4042,1635,4041,-1,4041,1635,1775,-1,4041,1775,1773,-1,4043,3341,3340,-1,3341,4043,3342,-1,3342,4043,4044,-1,3342,4044,3343,-1,3343,4044,4045,-1,3343,4045,3344,-1,4046,4047,3347,-1,3351,3348,4048,-1,4048,3348,3345,-1,4048,3345,4047,-1,4047,3345,3346,-1,4047,3346,3347,-1,3350,4049,3349,-1,3349,4049,4050,-1,3353,3354,4051,-1,4051,3354,3355,-1,4051,3355,4050,-1,4050,3355,3352,-1,4050,3352,3349,-1,3356,4052,3359,-1,3359,4052,4053,-1,3363,3360,4054,-1,4054,3360,3357,-1,4054,3357,4053,-1,4053,3357,3358,-1,4053,3358,3359,-1,3362,4055,3361,-1,3361,4055,4056,-1,3365,3366,4057,-1,4057,3366,3367,-1,4057,3367,4056,-1,4056,3367,3364,-1,4056,3364,3361,-1,3368,4058,3371,-1,3371,4058,4059,-1,3375,3372,4060,-1,4060,3372,3369,-1,4060,3369,4059,-1,4059,3369,3370,-1,4059,3370,3371,-1,3374,4061,3373,-1,3373,4061,4062,-1,3377,3378,4063,-1,4063,3378,3379,-1,4063,3379,4062,-1,4062,3379,3376,-1,4062,3376,3373,-1,3380,4064,3383,-1,3383,4064,4065,-1,3387,3384,4066,-1,4066,3384,3381,-1,4066,3381,4065,-1,4065,3381,3382,-1,4065,3382,3383,-1,3386,4067,3385,-1,3385,4067,4068,-1,3389,3390,4069,-1,4069,3390,3391,-1,4069,3391,4068,-1,4068,3391,3388,-1,4068,3388,3385,-1,3392,4070,3395,-1,3395,4070,4071,-1,3399,3396,4072,-1,4072,3396,3393,-1,4072,3393,4071,-1,4071,3393,3394,-1,4071,3394,3395,-1,3398,4073,3397,-1,3397,4073,4074,-1,3401,3402,4075,-1,4075,3402,3403,-1,4075,3403,4074,-1,4074,3403,3400,-1,4074,3400,3397,-1,3404,4076,3407,-1,3407,4076,4077,-1,3411,3408,4078,-1,4078,3408,3405,-1,4078,3405,4077,-1,4077,3405,3406,-1,4077,3406,3407,-1,3410,4079,3409,-1,3409,4079,4080,-1,3413,3414,4081,-1,4081,3414,3415,-1,4081,3415,4080,-1,4080,3415,3412,-1,4080,3412,3409,-1,3416,4082,3419,-1,3419,4082,4083,-1,3423,3420,4084,-1,4084,3420,3417,-1,4084,3417,4083,-1,4083,3417,3418,-1,4083,3418,3419,-1,3422,4085,3421,-1,3421,4085,4086,-1,3425,3426,4087,-1,4087,3426,3427,-1,4087,3427,4086,-1,4086,3427,3424,-1,4086,3424,3421,-1,3428,4088,3431,-1,3431,4088,4089,-1,3435,3432,4090,-1,4090,3432,3429,-1,4090,3429,4089,-1,4089,3429,3430,-1,4089,3430,3431,-1,3434,4091,3433,-1,3433,4091,4092,-1,3437,3438,4093,-1,4093,3438,3439,-1,4093,3439,4092,-1,4092,3439,3436,-1,4092,3436,3433,-1,3440,4094,3443,-1,3443,4094,4095,-1,3447,3444,4096,-1,4096,3444,3441,-1,4096,3441,4095,-1,4095,3441,3442,-1,4095,3442,3443,-1,3446,4097,3445,-1,3445,4097,4098,-1,3449,3450,4099,-1,4099,3450,3451,-1,4099,3451,4098,-1,4098,3451,3448,-1,4098,3448,3445,-1,3452,4100,3455,-1,3455,4100,4101,-1,3459,3456,4102,-1,4102,3456,3453,-1,4102,3453,4101,-1,4101,3453,3454,-1,4101,3454,3455,-1,3458,4103,3457,-1,3457,4103,4104,-1,4105,3463,4104,-1,4104,3463,3460,-1,4104,3460,3457,-1,4106,3461,4105,-1,4105,3461,3462,-1,4105,3462,3463,-1,4107,3467,4106,-1,4106,3467,3464,-1,4106,3464,3461,-1,3471,3468,4108,-1,4108,3468,3465,-1,4108,3465,4107,-1,4107,3465,3466,-1,4107,3466,3467,-1,3470,4109,3469,-1,3469,4109,4110,-1,4111,3475,4110,-1,4110,3475,3472,-1,4110,3472,3469,-1,4112,3473,4111,-1,4111,3473,3474,-1,4111,3474,3475,-1,3477,3478,4113,-1,4113,3478,3479,-1,4113,3479,4112,-1,4112,3479,3476,-1,4112,3476,3473,-1,3480,4114,3483,-1,3483,4114,4115,-1,3487,3484,4116,-1,4116,3484,3481,-1,4116,3481,4115,-1,4115,3481,3482,-1,4115,3482,3483,-1,3486,4117,3485,-1,3485,4117,4118,-1,3489,3490,4119,-1,4119,3490,3491,-1,4119,3491,4118,-1,4118,3491,3488,-1,4118,3488,3485,-1,3492,4120,3495,-1,3495,4120,4121,-1,3499,3496,4122,-1,4122,3496,3493,-1,4122,3493,4121,-1,4121,3493,3494,-1,4121,3494,3495,-1,3498,4123,3497,-1,3497,4123,4124,-1,3501,3502,4125,-1,4125,3502,3503,-1,4125,3503,4124,-1,4124,3503,3500,-1,4124,3500,3497,-1,3504,4126,3507,-1,3507,4126,4127,-1,3511,3508,4128,-1,4128,3508,3505,-1,4128,3505,4127,-1,4127,3505,3506,-1,4127,3506,3507,-1,3510,4129,3509,-1,3509,4129,4130,-1,3513,3514,4131,-1,4131,3514,3515,-1,4131,3515,4130,-1,4130,3515,3512,-1,4130,3512,3509,-1,3516,4132,3519,-1,3519,4132,4133,-1,3523,3520,4134,-1,4134,3520,3517,-1,4134,3517,4133,-1,4133,3517,3518,-1,4133,3518,3519,-1,3522,4135,3521,-1,3521,4135,4136,-1,3525,3526,4137,-1,4137,3526,3527,-1,4137,3527,4136,-1,4136,3527,3524,-1,4136,3524,3521,-1,3528,4138,3531,-1,3531,4138,4139,-1,3535,3532,4140,-1,4140,3532,3529,-1,4140,3529,4139,-1,4139,3529,3530,-1,4139,3530,3531,-1,3534,4141,3533,-1,3533,4141,4142,-1,3537,3538,4143,-1,4143,3538,3539,-1,4143,3539,4142,-1,4142,3539,3536,-1,4142,3536,3533,-1,3540,4144,3543,-1,3543,4144,4145,-1,3547,3544,4146,-1,4146,3544,3541,-1,4146,3541,4145,-1,4145,3541,3542,-1,4145,3542,3543,-1,3546,4147,3545,-1,3545,4147,4148,-1,3549,3550,4149,-1,4149,3550,3551,-1,4149,3551,4148,-1,4148,3551,3548,-1,4148,3548,3545,-1,3552,4150,3555,-1,3555,4150,4151,-1,3559,3556,4152,-1,4152,3556,3553,-1,4152,3553,4151,-1,4151,3553,3554,-1,4151,3554,3555,-1,3558,4153,3557,-1,3557,4153,4154,-1,3561,3562,4155,-1,4155,3562,3563,-1,4155,3563,4154,-1,4154,3563,3560,-1,4154,3560,3557,-1,3564,4156,3565,-1,3565,4156,4157,-1,3569,3568,4158,-1,4158,3568,3567,-1,4158,3567,4157,-1,4157,3567,3566,-1,4157,3566,3565,-1,3570,4159,3571,-1,3571,4159,4160,-1,3575,3574,4161,-1,4161,3574,3573,-1,4161,3573,4160,-1,4160,3573,3572,-1,4160,3572,3571,-1,3576,4162,3577,-1,3577,4162,4163,-1,3581,3580,4164,-1,4164,3580,3579,-1,4164,3579,4163,-1,4163,3579,3578,-1,4163,3578,3577,-1,3582,4165,3583,-1,3583,4165,4166,-1,3587,3586,4167,-1,4167,3586,3585,-1,4167,3585,4166,-1,4166,3585,3584,-1,4166,3584,3583,-1,3588,4168,3589,-1,3589,4168,4169,-1,4170,3591,4169,-1,4169,3591,3590,-1,4169,3590,3589,-1,4171,3593,4170,-1,4170,3593,3592,-1,4170,3592,3591,-1,4172,3595,4171,-1,4171,3595,3594,-1,4171,3594,3593,-1,3599,3598,4173,-1,4173,3598,3597,-1,4173,3597,4172,-1,4172,3597,3596,-1,4172,3596,3595,-1,3600,4174,3601,-1,3601,4174,4175,-1,4176,3603,4175,-1,4175,3603,3602,-1,4175,3602,3601,-1,4177,3605,4176,-1,4176,3605,3604,-1,4176,3604,3603,-1,4178,3607,4177,-1,4177,3607,3606,-1,4177,3606,3605,-1,3611,3610,4179,-1,4179,3610,3609,-1,4179,3609,4178,-1,4178,3609,3608,-1,4178,3608,3607,-1,3612,4180,3613,-1,3613,4180,4181,-1,4182,3615,4181,-1,4181,3615,3614,-1,4181,3614,3613,-1,4183,3617,4182,-1,4182,3617,3616,-1,4182,3616,3615,-1,3621,3620,4184,-1,4184,3620,3619,-1,4184,3619,4183,-1,4183,3619,3618,-1,4183,3618,3617,-1,3622,4185,3623,-1,3623,4185,4186,-1,3627,3626,4187,-1,4187,3626,3625,-1,4187,3625,4186,-1,4186,3625,3624,-1,4186,3624,3623,-1,3628,4188,3629,-1,3629,4188,4189,-1,3633,3632,4190,-1,4190,3632,3631,-1,4190,3631,4189,-1,4189,3631,3630,-1,4189,3630,3629,-1,3634,4191,3635,-1,3635,4191,4192,-1,3639,3638,4193,-1,4193,3638,3637,-1,4193,3637,4192,-1,4192,3637,3636,-1,4192,3636,3635,-1,3640,4194,3641,-1,3641,4194,4195,-1,3645,3644,4196,-1,4196,3644,3643,-1,4196,3643,4195,-1,4195,3643,3642,-1,4195,3642,3641,-1,3646,4197,3647,-1,3647,4197,4198,-1,3651,3650,4199,-1,4199,3650,3649,-1,4199,3649,4198,-1,4198,3649,3648,-1,4198,3648,3647,-1,3652,4200,3653,-1,3653,4200,4201,-1,3657,3656,4202,-1,4202,3656,3655,-1,4202,3655,4201,-1,4201,3655,3654,-1,4201,3654,3653,-1,3658,4203,3659,-1,3659,4203,4204,-1,3663,3662,4205,-1,4205,3662,3661,-1,4205,3661,4204,-1,4204,3661,3660,-1,4204,3660,3659,-1,3664,4206,3665,-1,3665,4206,4207,-1,3669,3668,4208,-1,4208,3668,3667,-1,4208,3667,4207,-1,4207,3667,3666,-1,4207,3666,3665,-1,3670,4209,3671,-1,3671,4209,4210,-1,3675,3674,4211,-1,4211,3674,3673,-1,4211,3673,4210,-1,4210,3673,3672,-1,4210,3672,3671,-1,3676,4212,3677,-1,3677,4212,4213,-1,3681,3680,4214,-1,4214,3680,3679,-1,4214,3679,4213,-1,4213,3679,3678,-1,4213,3678,3677,-1,3682,4215,3683,-1,3683,4215,4216,-1,3687,3686,4217,-1,4217,3686,3685,-1,4217,3685,4216,-1,4216,3685,3684,-1,4216,3684,3683,-1,3688,4218,3689,-1,3689,4218,4219,-1,3693,3692,4220,-1,4220,3692,3691,-1,4220,3691,4219,-1,4219,3691,3690,-1,4219,3690,3689,-1,3694,4221,3695,-1,3695,4221,4222,-1,3699,3698,4223,-1,4223,3698,3697,-1,4223,3697,4222,-1,4222,3697,3696,-1,4222,3696,3695,-1,3700,4224,3701,-1,3701,4224,4225,-1,3705,3704,4226,-1,4226,3704,3703,-1,4226,3703,4225,-1,4225,3703,3702,-1,4225,3702,3701,-1,3706,4227,3707,-1,3707,4227,4228,-1,3711,3710,4229,-1,4229,3710,3709,-1,4229,3709,4228,-1,4228,3709,3708,-1,4228,3708,3707,-1,3712,4230,3713,-1,3713,4230,4231,-1,3717,3716,4232,-1,4232,3716,3715,-1,4232,3715,4231,-1,4231,3715,3714,-1,4231,3714,3713,-1,3718,4233,3719,-1,3719,4233,4234,-1,3723,3722,4235,-1,4235,3722,3721,-1,4235,3721,4234,-1,4234,3721,3720,-1,4234,3720,3719,-1,3724,4236,3725,-1,3725,4236,4237,-1,3729,3728,4238,-1,4238,3728,3727,-1,4238,3727,4237,-1,4237,3727,3726,-1,4237,3726,3725,-1,3730,4239,3731,-1,3731,4239,4240,-1,3735,3734,4241,-1,4241,3734,3733,-1,4241,3733,4240,-1,4240,3733,3732,-1,4240,3732,3731,-1,3736,4242,3737,-1,3737,4242,4243,-1,3741,3740,4244,-1,4244,3740,3739,-1,4244,3739,4243,-1,4243,3739,3738,-1,4243,3738,3737,-1,3742,4245,3743,-1,3743,4245,4246,-1,4247,3745,4246,-1,4246,3745,3744,-1,4246,3744,3743,-1,4248,3747,4247,-1,4247,3747,3746,-1,4247,3746,3745,-1,4249,3749,4248,-1,4248,3749,3748,-1,4248,3748,3747,-1,3753,3752,4250,-1,4250,3752,3751,-1,4250,3751,4249,-1,4249,3751,3750,-1,4249,3750,3749,-1,3754,4251,3755,-1,3755,4251,4252,-1,4253,2987,4252,-1,4252,2987,2986,-1,4252,2986,3755,-1,4254,2984,4253,-1,4253,2984,2983,-1,4253,2983,2987,-1,2978,2977,4255,-1,4255,2977,2981,-1,4255,2981,4254,-1,4254,2981,2980,-1,4254,2980,2984,-1,2974,4256,2975,-1,2975,4256,4257,-1,2969,2968,4258,-1,4258,2968,2972,-1,4258,2972,4257,-1,4257,2972,2971,-1,4257,2971,2975,-1,2965,4259,2966,-1,2966,4259,4260,-1,2960,2959,4261,-1,4261,2959,2963,-1,4261,2963,4260,-1,4260,2963,2962,-1,4260,2962,2966,-1,2956,4262,2957,-1,2957,4262,4263,-1,2951,2950,4264,-1,4264,2950,2954,-1,4264,2954,4263,-1,4263,2954,2953,-1,4263,2953,2957,-1,2947,4265,2948,-1,2948,4265,4266,-1,2942,2941,4267,-1,4267,2941,2945,-1,4267,2945,4266,-1,4266,2945,2944,-1,4266,2944,2948,-1,2938,4268,2939,-1,2939,4268,4269,-1,2933,2932,4270,-1,4270,2932,2936,-1,4270,2936,4269,-1,4269,2936,2935,-1,4269,2935,2939,-1,3756,4271,3757,-1,3757,4271,4272,-1,3761,3760,4273,-1,4273,3760,3759,-1,4273,3759,4272,-1,4272,3759,3758,-1,4272,3758,3757,-1,3762,4023,3763,-1,3763,4023,4274,-1,3763,4274,3764,-1,3765,4021,3766,-1,3766,4021,4275,-1,3766,4275,3767,-1,4276,4277,3770,-1,3774,3771,4278,-1,4278,3771,3768,-1,4278,3768,4277,-1,4277,3768,3769,-1,4277,3769,3770,-1,3773,4279,3772,-1,3772,4279,4280,-1,3776,3777,4281,-1,4281,3777,3778,-1,4281,3778,4280,-1,4280,3778,3775,-1,4280,3775,3772,-1,3779,4282,3782,-1,3782,4282,4283,-1,3786,3783,4284,-1,4284,3783,3780,-1,4284,3780,4283,-1,4283,3780,3781,-1,4283,3781,3782,-1,3785,4285,3784,-1,3784,4285,4286,-1,3788,3789,4287,-1,4287,3789,3790,-1,4287,3790,4286,-1,4286,3790,3787,-1,4286,3787,3784,-1,3791,4288,3794,-1,3794,4288,4289,-1,3798,3795,4290,-1,4290,3795,3792,-1,4290,3792,4289,-1,4289,3792,3793,-1,4289,3793,3794,-1,3797,4291,3796,-1,3796,4291,4292,-1,3800,3801,4293,-1,4293,3801,3802,-1,4293,3802,4292,-1,4292,3802,3799,-1,4292,3799,3796,-1,3803,4294,3806,-1,3806,4294,4295,-1,3810,3807,4296,-1,4296,3807,3804,-1,4296,3804,4295,-1,4295,3804,3805,-1,4295,3805,3806,-1,3809,4297,3808,-1,3808,4297,4298,-1,3812,3813,4299,-1,4299,3813,3814,-1,4299,3814,4298,-1,4298,3814,3811,-1,4298,3811,3808,-1,3815,4300,3818,-1,3818,4300,4301,-1,3822,3819,4302,-1,4302,3819,3816,-1,4302,3816,4301,-1,4301,3816,3817,-1,4301,3817,3818,-1,3821,4303,3820,-1,3820,4303,4304,-1,3824,3825,4305,-1,4305,3825,3826,-1,4305,3826,4304,-1,4304,3826,3823,-1,4304,3823,3820,-1,3827,4306,3830,-1,3830,4306,4307,-1,3834,3831,4308,-1,4308,3831,3828,-1,4308,3828,4307,-1,4307,3828,3829,-1,4307,3829,3830,-1,3833,4309,3832,-1,3832,4309,4310,-1,4311,3838,4310,-1,4310,3838,3835,-1,4310,3835,3832,-1,4312,3836,4311,-1,4311,3836,3837,-1,4311,3837,3838,-1,4313,3842,4312,-1,4312,3842,3839,-1,4312,3839,3836,-1,4314,3840,4313,-1,4313,3840,3841,-1,4313,3841,3842,-1,4315,3846,4314,-1,4314,3846,3843,-1,4314,3843,3840,-1,3850,3847,4316,-1,4316,3847,3844,-1,4316,3844,4315,-1,4315,3844,3845,-1,4315,3845,3846,-1,3849,4317,3848,-1,3848,4317,4318,-1,3852,3853,4319,-1,4319,3853,3854,-1,4319,3854,4318,-1,4318,3854,3851,-1,4318,3851,3848,-1,3855,4320,3858,-1,3858,4320,4321,-1,3862,3859,4322,-1,4322,3859,3856,-1,4322,3856,4321,-1,4321,3856,3857,-1,4321,3857,3858,-1,3861,4323,3860,-1,3860,4323,4324,-1,3864,3865,4325,-1,4325,3865,3866,-1,4325,3866,4324,-1,4324,3866,3863,-1,4324,3863,3860,-1,3867,4326,3870,-1,3870,4326,4327,-1,3874,3871,4328,-1,4328,3871,3868,-1,4328,3868,4327,-1,4327,3868,3869,-1,4327,3869,3870,-1,3873,4329,3872,-1,3872,4329,4330,-1,3876,3877,4331,-1,4331,3877,3878,-1,4331,3878,4330,-1,4330,3878,3875,-1,4330,3875,3872,-1,3879,4332,3882,-1,3882,4332,4333,-1,3886,3883,4334,-1,4334,3883,3880,-1,4334,3880,4333,-1,4333,3880,3881,-1,4333,3881,3882,-1,3885,4335,3884,-1,3884,4335,4336,-1,3888,3889,4337,-1,4337,3889,3890,-1,4337,3890,4336,-1,4336,3890,3887,-1,4336,3887,3884,-1,3891,4338,3894,-1,3894,4338,4339,-1,3898,3895,4340,-1,4340,3895,3892,-1,4340,3892,4339,-1,4339,3892,3893,-1,4339,3893,3894,-1,3897,4341,3896,-1,3896,4341,4342,-1,3900,3901,4343,-1,4343,3901,3902,-1,4343,3902,4342,-1,4342,3902,3899,-1,4342,3899,3896,-1,3903,4344,3906,-1,3906,4344,4345,-1,3910,3907,4346,-1,4346,3907,3904,-1,4346,3904,4345,-1,4345,3904,3905,-1,4345,3905,3906,-1,3909,4347,3908,-1,3908,4347,4348,-1,3912,3913,4349,-1,4349,3913,3914,-1,4349,3914,4348,-1,4348,3914,3911,-1,4348,3911,3908,-1,3915,4350,3918,-1,3918,4350,4351,-1,3922,3919,4352,-1,4352,3919,3916,-1,4352,3916,4351,-1,4351,3916,3917,-1,4351,3917,3918,-1,3921,4353,3920,-1,3920,4353,4354,-1,3924,3925,4355,-1,4355,3925,3926,-1,4355,3926,4354,-1,4354,3926,3923,-1,4354,3923,3920,-1,3927,4356,3930,-1,3930,4356,4357,-1,3934,3931,4358,-1,4358,3931,3928,-1,4358,3928,4357,-1,4357,3928,3929,-1,4357,3929,3930,-1,3933,4359,3932,-1,3932,4359,4360,-1,3936,3937,4361,-1,4361,3937,3938,-1,4361,3938,4360,-1,4360,3938,3935,-1,4360,3935,3932,-1,3939,4362,3942,-1,3942,4362,4363,-1,3946,3943,4364,-1,4364,3943,3940,-1,4364,3940,4363,-1,4363,3940,3941,-1,4363,3941,3942,-1,3945,4365,3944,-1,3944,4365,4366,-1,3944,4366,3947,-1,3947,4366,3950,-1,3950,4366,4367,-1,3950,4367,3949,-1,3949,4367,3948,-1,3948,4367,4042,-1,3948,4042,3951,-1,3951,4042,3954,-1,3954,4042,4041,-1,3954,4041,3953,-1,3953,4041,3952,-1,3952,4041,4040,-1,3952,4040,3955,-1,3955,4040,3958,-1,3958,4040,4039,-1,3958,4039,3957,-1,3957,4039,3956,-1,3956,4039,4038,-1,3956,4038,3959,-1,3959,4038,3962,-1,3962,4038,4037,-1,3962,4037,3961,-1,3961,4037,3960,-1,3960,4037,4036,-1,3960,4036,3963,-1,3963,4036,3966,-1,3966,4036,4035,-1,3966,4035,3965,-1,3965,4035,3964,-1,3964,4035,4034,-1,3964,4034,3967,-1,3967,4034,3970,-1,3970,4034,4033,-1,3970,4033,3969,-1,3969,4033,3968,-1,3968,4033,4032,-1,3968,4032,3971,-1,3971,4032,3974,-1,3974,4032,4031,-1,3974,4031,3973,-1,3973,4031,3972,-1,3972,4031,4030,-1,3972,4030,3975,-1,3975,4030,3978,-1,3978,4030,4029,-1,3978,4029,3977,-1,3977,4029,3976,-1,3976,4029,4028,-1,3976,4028,3979,-1,3979,4028,3982,-1,3982,4028,4027,-1,3982,4027,3981,-1,1830,4024,4027,-1,4027,4024,3980,-1,4027,3980,3981,-1,3984,3985,4025,-1,4025,3985,3986,-1,4025,3986,4024,-1,4024,3986,3983,-1,4024,3983,3980,-1,576,4043,2186,-1,2186,4043,3340,-1,2186,3340,2187,-1,584,4045,583,-1,583,4045,4044,-1,583,4044,580,-1,580,4044,4043,-1,580,4043,578,-1,578,4043,576,-1,584,586,4045,-1,4045,586,4046,-1,4045,4046,3344,-1,3344,4046,3347,-1,593,4048,573,-1,573,4048,4047,-1,573,4047,574,-1,574,4047,4046,-1,574,4046,588,-1,588,4046,586,-1,593,592,4048,-1,4048,592,4049,-1,4048,4049,3351,-1,3351,4049,3350,-1,601,4051,600,-1,600,4051,4050,-1,600,4050,597,-1,597,4050,4049,-1,597,4049,595,-1,595,4049,592,-1,601,603,4051,-1,4051,603,4052,-1,4051,4052,3353,-1,3353,4052,3356,-1,611,4054,610,-1,610,4054,4053,-1,610,4053,607,-1,607,4053,4052,-1,607,4052,606,-1,606,4052,603,-1,611,614,4054,-1,4054,614,4055,-1,4054,4055,3363,-1,3363,4055,3362,-1,622,4057,620,-1,620,4057,4056,-1,620,4056,618,-1,618,4056,4055,-1,618,4055,616,-1,616,4055,614,-1,622,624,4057,-1,4057,624,4058,-1,4057,4058,3365,-1,3365,4058,3368,-1,632,4060,630,-1,630,4060,4059,-1,630,4059,628,-1,628,4059,4058,-1,628,4058,626,-1,626,4058,624,-1,632,634,4060,-1,4060,634,4061,-1,4060,4061,3375,-1,3375,4061,3374,-1,642,4063,640,-1,640,4063,4062,-1,640,4062,638,-1,638,4062,4061,-1,638,4061,636,-1,636,4061,634,-1,642,644,4063,-1,4063,644,4064,-1,4063,4064,3377,-1,3377,4064,3380,-1,652,4066,650,-1,650,4066,4065,-1,650,4065,648,-1,648,4065,4064,-1,648,4064,646,-1,646,4064,644,-1,652,654,4066,-1,4066,654,4067,-1,4066,4067,3387,-1,3387,4067,3386,-1,662,4069,660,-1,660,4069,4068,-1,660,4068,658,-1,658,4068,4067,-1,658,4067,656,-1,656,4067,654,-1,662,664,4069,-1,4069,664,4070,-1,4069,4070,3389,-1,3389,4070,3392,-1,672,4072,670,-1,670,4072,4071,-1,670,4071,668,-1,668,4071,4070,-1,668,4070,666,-1,666,4070,664,-1,672,674,4072,-1,4072,674,4073,-1,4072,4073,3399,-1,3399,4073,3398,-1,682,4075,680,-1,680,4075,4074,-1,680,4074,678,-1,678,4074,4073,-1,678,4073,676,-1,676,4073,674,-1,682,684,4075,-1,4075,684,4076,-1,4075,4076,3401,-1,3401,4076,3404,-1,692,4078,690,-1,690,4078,4077,-1,690,4077,688,-1,688,4077,4076,-1,688,4076,686,-1,686,4076,684,-1,692,694,4078,-1,4078,694,4079,-1,4078,4079,3411,-1,3411,4079,3410,-1,702,4081,700,-1,700,4081,4080,-1,700,4080,698,-1,698,4080,4079,-1,698,4079,696,-1,696,4079,694,-1,702,704,4081,-1,4081,704,4082,-1,4081,4082,3413,-1,3413,4082,3416,-1,712,4084,710,-1,710,4084,4083,-1,710,4083,708,-1,708,4083,4082,-1,708,4082,706,-1,706,4082,704,-1,712,714,4084,-1,4084,714,4085,-1,4084,4085,3423,-1,3423,4085,3422,-1,722,4087,720,-1,720,4087,4086,-1,720,4086,718,-1,718,4086,4085,-1,718,4085,716,-1,716,4085,714,-1,722,724,4087,-1,4087,724,4088,-1,4087,4088,3425,-1,3425,4088,3428,-1,732,4090,730,-1,730,4090,4089,-1,730,4089,728,-1,728,4089,4088,-1,728,4088,726,-1,726,4088,724,-1,732,734,4090,-1,4090,734,4091,-1,4090,4091,3435,-1,3435,4091,3434,-1,742,4093,740,-1,740,4093,4092,-1,740,4092,738,-1,738,4092,4091,-1,738,4091,736,-1,736,4091,734,-1,742,744,4093,-1,4093,744,4094,-1,4093,4094,3437,-1,3437,4094,3440,-1,752,4096,750,-1,750,4096,4095,-1,750,4095,748,-1,748,4095,4094,-1,748,4094,746,-1,746,4094,744,-1,752,754,4096,-1,4096,754,4097,-1,4096,4097,3447,-1,3447,4097,3446,-1,762,4099,760,-1,760,4099,4098,-1,760,4098,758,-1,758,4098,4097,-1,758,4097,756,-1,756,4097,754,-1,762,764,4099,-1,4099,764,4100,-1,4099,4100,3449,-1,3449,4100,3452,-1,772,4102,770,-1,770,4102,4101,-1,770,4101,768,-1,768,4101,4100,-1,768,4100,766,-1,766,4100,764,-1,772,774,4102,-1,4102,774,4103,-1,4102,4103,3459,-1,3459,4103,3458,-1,774,776,4103,-1,4103,776,781,-1,4103,781,4104,-1,4104,781,783,-1,4104,783,4105,-1,783,785,4105,-1,4105,785,787,-1,4105,787,4106,-1,4106,787,789,-1,4106,789,4107,-1,4107,789,791,-1,4107,791,4108,-1,4108,791,793,-1,4108,793,795,-1,795,797,4108,-1,4108,797,4109,-1,4108,4109,3471,-1,3471,4109,3470,-1,797,799,4109,-1,4109,799,801,-1,4109,801,4110,-1,4110,801,803,-1,4110,803,4111,-1,811,4113,809,-1,809,4113,4112,-1,809,4112,807,-1,807,4112,4111,-1,807,4111,805,-1,805,4111,803,-1,811,813,4113,-1,4113,813,4114,-1,4113,4114,3477,-1,3477,4114,3480,-1,821,4116,819,-1,819,4116,4115,-1,819,4115,817,-1,817,4115,4114,-1,817,4114,815,-1,815,4114,813,-1,821,823,4116,-1,4116,823,4117,-1,4116,4117,3487,-1,3487,4117,3486,-1,831,4119,829,-1,829,4119,4118,-1,829,4118,827,-1,827,4118,4117,-1,827,4117,825,-1,825,4117,823,-1,831,833,4119,-1,4119,833,4120,-1,4119,4120,3489,-1,3489,4120,3492,-1,841,4122,839,-1,839,4122,4121,-1,839,4121,837,-1,837,4121,4120,-1,837,4120,835,-1,835,4120,833,-1,841,843,4122,-1,4122,843,4123,-1,4122,4123,3499,-1,3499,4123,3498,-1,851,4125,849,-1,849,4125,4124,-1,849,4124,847,-1,847,4124,4123,-1,847,4123,845,-1,845,4123,843,-1,851,853,4125,-1,4125,853,4126,-1,4125,4126,3501,-1,3501,4126,3504,-1,861,4128,859,-1,859,4128,4127,-1,859,4127,857,-1,857,4127,4126,-1,857,4126,855,-1,855,4126,853,-1,861,863,4128,-1,4128,863,4129,-1,4128,4129,3511,-1,3511,4129,3510,-1,871,4131,869,-1,869,4131,4130,-1,869,4130,867,-1,867,4130,4129,-1,867,4129,865,-1,865,4129,863,-1,871,873,4131,-1,4131,873,4132,-1,4131,4132,3513,-1,3513,4132,3516,-1,881,4134,879,-1,879,4134,4133,-1,879,4133,877,-1,877,4133,4132,-1,877,4132,875,-1,875,4132,873,-1,881,883,4134,-1,4134,883,4135,-1,4134,4135,3523,-1,3523,4135,3522,-1,891,4137,889,-1,889,4137,4136,-1,889,4136,887,-1,887,4136,4135,-1,887,4135,885,-1,885,4135,883,-1,891,893,4137,-1,4137,893,4138,-1,4137,4138,3525,-1,3525,4138,3528,-1,901,4140,899,-1,899,4140,4139,-1,899,4139,897,-1,897,4139,4138,-1,897,4138,895,-1,895,4138,893,-1,901,903,4140,-1,4140,903,4141,-1,4140,4141,3535,-1,3535,4141,3534,-1,911,4143,909,-1,909,4143,4142,-1,909,4142,907,-1,907,4142,4141,-1,907,4141,905,-1,905,4141,903,-1,911,913,4143,-1,4143,913,4144,-1,4143,4144,3537,-1,3537,4144,3540,-1,921,4146,919,-1,919,4146,4145,-1,919,4145,917,-1,917,4145,4144,-1,917,4144,915,-1,915,4144,913,-1,921,923,4146,-1,4146,923,4147,-1,4146,4147,3547,-1,3547,4147,3546,-1,931,4149,929,-1,929,4149,4148,-1,929,4148,927,-1,927,4148,4147,-1,927,4147,925,-1,925,4147,923,-1,931,933,4149,-1,4149,933,4150,-1,4149,4150,3549,-1,3549,4150,3552,-1,941,4152,939,-1,939,4152,4151,-1,939,4151,937,-1,937,4151,4150,-1,937,4150,935,-1,935,4150,933,-1,941,943,4152,-1,4152,943,4153,-1,4152,4153,3559,-1,3559,4153,3558,-1,951,4155,949,-1,949,4155,4154,-1,949,4154,947,-1,947,4154,4153,-1,947,4153,945,-1,945,4153,943,-1,951,953,4155,-1,4155,953,4156,-1,4155,4156,3561,-1,3561,4156,3564,-1,961,4158,959,-1,959,4158,4157,-1,959,4157,957,-1,957,4157,4156,-1,957,4156,955,-1,955,4156,953,-1,961,963,4158,-1,4158,963,4159,-1,4158,4159,3569,-1,3569,4159,3570,-1,971,4161,969,-1,969,4161,4160,-1,969,4160,967,-1,967,4160,4159,-1,967,4159,965,-1,965,4159,963,-1,971,973,4161,-1,4161,973,4162,-1,4161,4162,3575,-1,3575,4162,3576,-1,981,4164,979,-1,979,4164,4163,-1,979,4163,977,-1,977,4163,4162,-1,977,4162,975,-1,975,4162,973,-1,981,983,4164,-1,4164,983,4165,-1,4164,4165,3581,-1,3581,4165,3582,-1,991,4167,989,-1,989,4167,4166,-1,989,4166,987,-1,987,4166,4165,-1,987,4165,985,-1,985,4165,983,-1,991,993,4167,-1,4167,993,4168,-1,4167,4168,3587,-1,3587,4168,3588,-1,993,995,4168,-1,4168,995,997,-1,4168,997,4169,-1,4169,997,999,-1,4169,999,4170,-1,4170,999,1001,-1,4170,1001,4171,-1,4171,1001,1003,-1,1011,4173,1009,-1,1009,4173,4172,-1,1009,4172,1007,-1,1007,4172,4171,-1,1007,4171,1005,-1,1005,4171,1003,-1,1011,1013,4173,-1,4173,1013,4174,-1,4173,4174,3599,-1,3599,4174,3600,-1,1013,1015,4174,-1,4174,1015,1017,-1,4174,1017,4175,-1,4175,1017,1019,-1,4175,1019,4176,-1,1019,1021,4176,-1,4176,1021,1023,-1,4176,1023,4177,-1,4177,1023,1025,-1,4177,1025,4178,-1,1031,4179,1029,-1,1029,4179,4178,-1,1029,4178,1027,-1,1027,4178,1025,-1,1031,1033,4179,-1,4179,1033,4180,-1,4179,4180,3611,-1,3611,4180,3612,-1,1033,779,4180,-1,4180,779,571,-1,4180,571,4181,-1,4181,571,570,-1,4181,570,4182,-1,1041,4184,1039,-1,1039,4184,4183,-1,1039,4183,1037,-1,1037,4183,4182,-1,1037,4182,1035,-1,1035,4182,570,-1,1041,1043,4184,-1,4184,1043,4185,-1,4184,4185,3621,-1,3621,4185,3622,-1,1051,4187,1049,-1,1049,4187,4186,-1,1049,4186,1047,-1,1047,4186,4185,-1,1047,4185,1045,-1,1045,4185,1043,-1,1051,1053,4187,-1,4187,1053,4188,-1,4187,4188,3627,-1,3627,4188,3628,-1,1061,4190,1059,-1,1059,4190,4189,-1,1059,4189,1057,-1,1057,4189,4188,-1,1057,4188,1055,-1,1055,4188,1053,-1,1061,1063,4190,-1,4190,1063,4191,-1,4190,4191,3633,-1,3633,4191,3634,-1,1071,4193,1069,-1,1069,4193,4192,-1,1069,4192,1067,-1,1067,4192,4191,-1,1067,4191,1065,-1,1065,4191,1063,-1,1071,1073,4193,-1,4193,1073,4194,-1,4193,4194,3639,-1,3639,4194,3640,-1,1081,4196,1079,-1,1079,4196,4195,-1,1079,4195,1077,-1,1077,4195,4194,-1,1077,4194,1075,-1,1075,4194,1073,-1,1081,1083,4196,-1,4196,1083,4197,-1,4196,4197,3645,-1,3645,4197,3646,-1,1091,4199,1089,-1,1089,4199,4198,-1,1089,4198,1087,-1,1087,4198,4197,-1,1087,4197,1085,-1,1085,4197,1083,-1,1091,1093,4199,-1,4199,1093,4200,-1,4199,4200,3651,-1,3651,4200,3652,-1,1101,4202,1099,-1,1099,4202,4201,-1,1099,4201,1097,-1,1097,4201,4200,-1,1097,4200,1095,-1,1095,4200,1093,-1,1101,1103,4202,-1,4202,1103,4203,-1,4202,4203,3657,-1,3657,4203,3658,-1,1111,4205,1109,-1,1109,4205,4204,-1,1109,4204,1107,-1,1107,4204,4203,-1,1107,4203,1105,-1,1105,4203,1103,-1,1111,1113,4205,-1,4205,1113,4206,-1,4205,4206,3663,-1,3663,4206,3664,-1,1122,4208,1120,-1,1120,4208,4207,-1,1120,4207,1117,-1,1117,4207,4206,-1,1117,4206,1115,-1,1115,4206,1113,-1,1122,1123,4208,-1,4208,1123,4209,-1,4208,4209,3669,-1,3669,4209,3670,-1,1131,4211,1129,-1,1129,4211,4210,-1,1129,4210,1127,-1,1127,4210,4209,-1,1127,4209,1125,-1,1125,4209,1123,-1,1131,1133,4211,-1,4211,1133,4212,-1,4211,4212,3675,-1,3675,4212,3676,-1,1142,4214,1140,-1,1140,4214,4213,-1,1140,4213,1137,-1,1137,4213,4212,-1,1137,4212,1135,-1,1135,4212,1133,-1,1142,1143,4214,-1,4214,1143,4215,-1,4214,4215,3681,-1,3681,4215,3682,-1,1151,4217,1149,-1,1149,4217,4216,-1,1149,4216,1147,-1,1147,4216,4215,-1,1147,4215,1145,-1,1145,4215,1143,-1,1151,1153,4217,-1,4217,1153,4218,-1,4217,4218,3687,-1,3687,4218,3688,-1,1166,4220,1160,-1,1160,4220,4219,-1,1160,4219,1157,-1,1157,4219,4218,-1,1157,4218,1155,-1,1155,4218,1153,-1,1166,1165,4220,-1,4220,1165,4221,-1,4220,4221,3693,-1,3693,4221,3694,-1,1172,4223,566,-1,566,4223,4222,-1,566,4222,567,-1,567,4222,4221,-1,567,4221,1163,-1,1163,4221,1165,-1,1172,1174,4223,-1,4223,1174,4224,-1,4223,4224,3699,-1,3699,4224,3700,-1,1177,4226,1171,-1,1171,4226,4225,-1,1171,4225,1169,-1,1169,4225,4224,-1,1169,4224,1167,-1,1167,4224,1174,-1,1177,1179,4226,-1,4226,1179,4227,-1,4226,4227,3705,-1,3705,4227,3706,-1,1188,4229,1186,-1,1186,4229,4228,-1,1186,4228,1183,-1,1183,4228,4227,-1,1183,4227,1181,-1,1181,4227,1179,-1,1188,1194,4229,-1,4229,1194,4230,-1,4229,4230,3711,-1,3711,4230,3712,-1,1197,4232,1193,-1,1193,4232,4231,-1,1193,4231,1191,-1,1191,4231,4230,-1,1191,4230,1189,-1,1189,4230,1194,-1,1197,1199,4232,-1,4232,1199,4233,-1,4232,4233,3717,-1,3717,4233,3718,-1,1207,4235,1206,-1,1206,4235,4234,-1,1206,4234,1203,-1,1203,4234,4233,-1,1203,4233,1201,-1,1201,4233,1199,-1,1207,1209,4235,-1,4235,1209,4236,-1,4235,4236,3723,-1,3723,4236,3724,-1,1214,4238,563,-1,563,4238,4237,-1,563,4237,564,-1,564,4237,4236,-1,564,4236,1211,-1,1211,4236,1209,-1,1214,1216,4238,-1,4238,1216,4239,-1,4238,4239,3729,-1,3729,4239,3730,-1,1224,4241,1223,-1,1223,4241,4240,-1,1223,4240,1220,-1,1220,4240,4239,-1,1220,4239,1218,-1,1218,4239,1216,-1,1224,1226,4241,-1,4241,1226,4242,-1,4241,4242,3735,-1,3735,4242,3736,-1,1230,4244,559,-1,559,4244,4243,-1,559,4243,560,-1,560,4243,4242,-1,560,4242,1229,-1,1229,4242,1226,-1,1230,1232,4244,-1,4244,1232,4245,-1,4244,4245,3741,-1,3741,4245,3742,-1,1232,1234,4245,-1,4245,1234,557,-1,4245,557,4246,-1,4246,557,556,-1,4246,556,4247,-1,556,1240,4247,-1,4247,1240,1238,-1,4247,1238,4248,-1,4248,1238,1237,-1,4248,1237,4249,-1,1247,4250,1245,-1,1245,4250,4249,-1,1245,4249,1243,-1,1243,4249,1237,-1,1247,1249,4250,-1,4250,1249,4251,-1,4250,4251,3753,-1,3753,4251,3754,-1,1249,1251,4251,-1,4251,1251,554,-1,4251,554,4252,-1,4252,554,553,-1,4252,553,4253,-1,1263,4255,1254,-1,1254,4255,4254,-1,1254,4254,1255,-1,1255,4254,4253,-1,1255,4253,1257,-1,1257,4253,553,-1,1263,1265,4255,-1,4255,1265,4256,-1,4255,4256,2978,-1,2978,4256,2974,-1,1262,4258,1271,-1,1271,4258,4257,-1,1271,4257,1269,-1,1269,4257,4256,-1,1269,4256,1267,-1,1267,4256,1265,-1,1262,1261,4258,-1,4258,1261,4259,-1,4258,4259,2969,-1,2969,4259,2965,-1,1280,4261,1278,-1,1278,4261,4260,-1,1278,4260,1276,-1,1276,4260,4259,-1,1276,4259,1274,-1,1274,4259,1261,-1,1280,1282,4261,-1,4261,1282,4262,-1,4261,4262,2960,-1,2960,4262,2956,-1,1290,4264,1289,-1,1289,4264,4263,-1,1289,4263,1286,-1,1286,4263,4262,-1,1286,4262,1284,-1,1284,4262,1282,-1,1290,1292,4264,-1,4264,1292,4265,-1,4264,4265,2951,-1,2951,4265,2947,-1,1299,4267,550,-1,550,4267,4266,-1,550,4266,551,-1,551,4266,4265,-1,551,4265,1294,-1,1294,4265,1292,-1,1299,1298,4267,-1,4267,1298,4268,-1,4267,4268,2942,-1,2942,4268,2938,-1,1307,4270,1306,-1,1306,4270,4269,-1,1306,4269,1303,-1,1303,4269,4268,-1,1303,4268,1301,-1,1301,4268,1298,-1,1307,1309,4270,-1,4270,1309,4271,-1,4270,4271,2933,-1,2933,4271,3756,-1,1315,4273,546,-1,546,4273,4272,-1,546,4272,547,-1,547,4272,4271,-1,547,4271,1312,-1,1312,4271,1309,-1,1315,1314,4273,-1,4273,1314,4022,-1,4273,4022,3761,-1,3761,4022,3762,-1,1323,4274,1322,-1,1322,4274,4023,-1,1322,4023,1319,-1,1319,4023,4022,-1,1319,4022,1317,-1,1317,4022,1314,-1,1323,1325,4274,-1,4274,1325,4020,-1,4274,4020,3764,-1,3764,4020,3765,-1,1331,4275,542,-1,542,4275,4021,-1,542,4021,543,-1,543,4021,4020,-1,543,4020,1328,-1,1328,4020,1325,-1,1331,1330,4275,-1,4275,1330,4276,-1,4275,4276,3767,-1,3767,4276,3770,-1,1336,4278,539,-1,539,4278,4277,-1,539,4277,540,-1,540,4277,4276,-1,540,4276,1333,-1,1333,4276,1330,-1,1336,1338,4278,-1,4278,1338,4279,-1,4278,4279,3774,-1,3774,4279,3773,-1,1346,4281,1345,-1,1345,4281,4280,-1,1345,4280,1342,-1,1342,4280,4279,-1,1342,4279,1341,-1,1341,4279,1338,-1,1346,1348,4281,-1,4281,1348,4282,-1,4281,4282,3776,-1,3776,4282,3779,-1,1356,4284,1355,-1,1355,4284,4283,-1,1355,4283,1352,-1,1352,4283,4282,-1,1352,4282,1350,-1,1350,4282,1348,-1,1356,1360,4284,-1,4284,1360,4285,-1,4284,4285,3786,-1,3786,4285,3785,-1,1370,4287,1368,-1,1368,4287,4286,-1,1368,4286,1366,-1,1366,4286,4285,-1,1366,4285,1358,-1,1358,4285,1360,-1,1370,1372,4287,-1,4287,1372,4288,-1,4287,4288,3788,-1,3788,4288,3791,-1,1380,4290,1378,-1,1378,4290,4289,-1,1378,4289,1376,-1,1376,4289,4288,-1,1376,4288,1374,-1,1374,4288,1372,-1,1380,1382,4290,-1,4290,1382,4291,-1,4290,4291,3798,-1,3798,4291,3797,-1,1390,4293,1388,-1,1388,4293,4292,-1,1388,4292,1386,-1,1386,4292,4291,-1,1386,4291,1384,-1,1384,4291,1382,-1,1390,1392,4293,-1,4293,1392,4294,-1,4293,4294,3800,-1,3800,4294,3803,-1,1400,4296,1398,-1,1398,4296,4295,-1,1398,4295,1396,-1,1396,4295,4294,-1,1396,4294,1394,-1,1394,4294,1392,-1,1400,1402,4296,-1,4296,1402,4297,-1,4296,4297,3810,-1,3810,4297,3809,-1,1410,4299,1408,-1,1408,4299,4298,-1,1408,4298,1406,-1,1406,4298,4297,-1,1406,4297,1404,-1,1404,4297,1402,-1,1410,1412,4299,-1,4299,1412,4300,-1,4299,4300,3812,-1,3812,4300,3815,-1,1420,4302,1418,-1,1418,4302,4301,-1,1418,4301,1416,-1,1416,4301,4300,-1,1416,4300,1414,-1,1414,4300,1412,-1,1420,1422,4302,-1,4302,1422,4303,-1,4302,4303,3822,-1,3822,4303,3821,-1,1430,4305,1428,-1,1428,4305,4304,-1,1428,4304,1426,-1,1426,4304,4303,-1,1426,4303,1424,-1,1424,4303,1422,-1,1430,1432,4305,-1,4305,1432,4306,-1,4305,4306,3824,-1,3824,4306,3827,-1,1440,4308,1438,-1,1438,4308,4307,-1,1438,4307,1436,-1,1436,4307,4306,-1,1436,4306,1434,-1,1434,4306,1432,-1,1440,1442,4308,-1,4308,1442,4309,-1,4308,4309,3834,-1,3834,4309,3833,-1,1442,1444,4309,-1,4309,1444,1446,-1,4309,1446,4310,-1,4310,1446,1448,-1,4310,1448,4311,-1,4311,1448,1450,-1,4311,1450,4312,-1,4312,1450,1452,-1,1452,1454,4312,-1,4312,1454,1456,-1,4312,1456,4313,-1,4313,1456,1458,-1,4313,1458,4314,-1,1466,4316,1464,-1,1464,4316,4315,-1,1464,4315,1462,-1,1462,4315,4314,-1,1462,4314,1460,-1,1460,4314,1458,-1,1466,1468,4316,-1,4316,1468,4317,-1,4316,4317,3850,-1,3850,4317,3849,-1,1476,4319,1474,-1,1474,4319,4318,-1,1474,4318,1472,-1,1472,4318,4317,-1,1472,4317,1470,-1,1470,4317,1468,-1,1476,1478,4319,-1,4319,1478,4320,-1,4319,4320,3852,-1,3852,4320,3855,-1,1486,4322,1484,-1,1484,4322,4321,-1,1484,4321,1482,-1,1482,4321,4320,-1,1482,4320,1480,-1,1480,4320,1478,-1,1486,1488,4322,-1,4322,1488,4323,-1,4322,4323,3862,-1,3862,4323,3861,-1,1496,4325,1494,-1,1494,4325,4324,-1,1494,4324,1492,-1,1492,4324,4323,-1,1492,4323,1490,-1,1490,4323,1488,-1,1496,1498,4325,-1,4325,1498,4326,-1,4325,4326,3864,-1,3864,4326,3867,-1,1506,4328,1504,-1,1504,4328,4327,-1,1504,4327,1502,-1,1502,4327,4326,-1,1502,4326,1500,-1,1500,4326,1498,-1,1506,1508,4328,-1,4328,1508,4329,-1,4328,4329,3874,-1,3874,4329,3873,-1,1516,4331,1514,-1,1514,4331,4330,-1,1514,4330,1512,-1,1512,4330,4329,-1,1512,4329,1510,-1,1510,4329,1508,-1,1516,1518,4331,-1,4331,1518,4332,-1,4331,4332,3876,-1,3876,4332,3879,-1,1526,4334,1524,-1,1524,4334,4333,-1,1524,4333,1522,-1,1522,4333,4332,-1,1522,4332,1520,-1,1520,4332,1518,-1,1526,1528,4334,-1,4334,1528,4335,-1,4334,4335,3886,-1,3886,4335,3885,-1,1536,4337,1534,-1,1534,4337,4336,-1,1534,4336,1532,-1,1532,4336,4335,-1,1532,4335,1530,-1,1530,4335,1528,-1,1536,1538,4337,-1,4337,1538,4338,-1,4337,4338,3888,-1,3888,4338,3891,-1,1546,4340,1544,-1,1544,4340,4339,-1,1544,4339,1542,-1,1542,4339,4338,-1,1542,4338,1540,-1,1540,4338,1538,-1,1546,1548,4340,-1,4340,1548,4341,-1,4340,4341,3898,-1,3898,4341,3897,-1,1556,4343,1554,-1,1554,4343,4342,-1,1554,4342,1552,-1,1552,4342,4341,-1,1552,4341,1550,-1,1550,4341,1548,-1,1556,1558,4343,-1,4343,1558,4344,-1,4343,4344,3900,-1,3900,4344,3903,-1,1566,4346,1564,-1,1564,4346,4345,-1,1564,4345,1562,-1,1562,4345,4344,-1,1562,4344,1560,-1,1560,4344,1558,-1,1566,1568,4346,-1,4346,1568,4347,-1,4346,4347,3910,-1,3910,4347,3909,-1,1576,4349,1574,-1,1574,4349,4348,-1,1574,4348,1572,-1,1572,4348,4347,-1,1572,4347,1570,-1,1570,4347,1568,-1,1576,1578,4349,-1,4349,1578,4350,-1,4349,4350,3912,-1,3912,4350,3915,-1,1586,4352,1584,-1,1584,4352,4351,-1,1584,4351,1582,-1,1582,4351,4350,-1,1582,4350,1580,-1,1580,4350,1578,-1,1586,1588,4352,-1,4352,1588,4353,-1,4352,4353,3922,-1,3922,4353,3921,-1,1596,4355,1594,-1,1594,4355,4354,-1,1594,4354,1592,-1,1592,4354,4353,-1,1592,4353,1590,-1,1590,4353,1588,-1,1596,1598,4355,-1,4355,1598,4356,-1,4355,4356,3924,-1,3924,4356,3927,-1,1606,4358,1604,-1,1604,4358,4357,-1,1604,4357,1602,-1,1602,4357,4356,-1,1602,4356,1600,-1,1600,4356,1598,-1,1606,1608,4358,-1,4358,1608,4359,-1,4358,4359,3934,-1,3934,4359,3933,-1,1616,4361,1614,-1,1614,4361,4360,-1,1614,4360,1612,-1,1612,4360,4359,-1,1612,4359,1610,-1,1610,4359,1608,-1,1616,1618,4361,-1,4361,1618,4362,-1,4361,4362,3936,-1,3936,4362,3939,-1,1625,4364,1623,-1,1623,4364,4363,-1,1623,4363,1363,-1,1363,4363,4362,-1,1363,4362,1364,-1,1364,4362,1618,-1,1625,1627,4364,-1,4364,1627,4365,-1,4364,4365,3946,-1,3946,4365,3945,-1,1627,1628,4365,-1,4365,1628,537,-1,4365,537,4366,-1,4366,537,536,-1,4366,536,4367,-1,536,1629,4367,-1,4367,1629,1631,-1,4367,1631,4042,-1,4042,1631,1633,-1,4042,1633,1635,-1,
        ]
    }
}
Shape{
    appearance Appearance {
        material  Material 	{
            diffuseColor 0.0 0.0 0.0
            specularColor 0.0 0.0 0.0
            ambientIntensity 0.0
            transparency 0.0
            shininess 0.5
        }
    }
    geometry IndexedFaceSet {
        ccw TRUE
        solid FALSE
        coord DEF co Coordinate {
            point [
                -0.0958 1.0902 0.4429, -0.0957 1.0902 0.4338, -0.0958 1.0898 0.4429, -0.0957 1.0898 0.4338, -0.0639 1.0925 0.4431, -0.0639 1.0921 0.4431, -0.0644 1.0925 0.514, -0.0644 1.0921 0.514, -0.0541 1.0931 0.5141, -0.0541 1.0927 0.5141, -0.0535 1.0931 0.434, -0.0535 1.0927 0.434, -0.1368 1.0858 0.4321, -0.1368 1.0854 0.4321, -0.149 1.0838 0.4332, -0.149 1.0842 0.4332, -0.1576 1.0825 0.4359, -0.1576 1.0829 0.4359, -0.159 1.0823 0.4366, -0.159 1.0827 0.4366, -0.159 1.0827 0.4465, -0.159 1.0823 0.4465, -0.1512 1.0835 0.4431, -0.1512 1.0839 0.4431, -0.1421 1.0847 0.4414, -0.1421 1.0851 0.4414, -0.1383 1.0852 0.4413, -0.1383 1.0856 0.4413, -0.1303 1.0862 0.4423, -0.1303 1.0866 0.4423, -0.1246 1.0869 0.4446, -0.1246 1.0873 0.4446, -0.1194 1.0874 0.4483, -0.1194 1.0878 0.4483, -0.1178 1.0876 0.4499, -0.1178 1.088 0.4499, -0.114 1.088 0.4553, -0.114 1.0884 0.4553, -0.1114 1.0883 0.4618, -0.1114 1.0887 0.4618, -0.1102 1.0884 0.4698, -0.1102 1.0888 0.4698, -0.1101 1.0884 0.4728, -0.1101 1.0888 0.4728, -0.1105 1.0888 0.4784, -0.1105 1.0884 0.4784, -0.1116 1.0887 0.4839, -0.1116 1.0883 0.4839, -0.1143 1.088 0.4908, -0.1143 1.0884 0.4908, -0.1187 1.0875 0.4968, -0.1187 1.0879 0.4968, -0.1242 1.0869 0.5013, -0.1242 1.0873 0.5013, -0.1305 1.0862 0.5041, -0.1305 1.0866 0.5041, -0.1375 1.0853 0.5054, -0.1375 1.0857 0.5054, -0.1406 1.0849 0.5055, -0.1406 1.0853 0.5055, -0.1504 1.0836 0.5043, -0.1504 1.084 0.5043, -0.1585 1.0824 0.501, -0.1585 1.0828 0.501, -0.1594 1.0823 0.5006, -0.1594 1.0827 0.5006, -0.1595 1.0827 0.5114, -0.1595 1.0823 0.5114, -0.1512 1.0835 0.5139, -0.1512 1.0839 0.5139, -0.1407 1.0849 0.5148, -0.1407 1.0853 0.5148, -0.1405 1.0849 0.5149, -0.1405 1.0853 0.5149, -0.1289 1.0864 0.5135, -0.1289 1.0867 0.5135, -0.1205 1.0873 0.5103, -0.1205 1.0877 0.5103, -0.113 1.0881 0.5051, -0.113 1.0885 0.5051, -0.1111 1.0883 0.5033, -0.1111 1.0887 0.5033, -0.1052 1.0889 0.4957, -0.1052 1.0893 0.4957, -0.1013 1.0893 0.4869, -0.1013 1.0897 0.4869, -0.1002 1.0894 0.4804, -0.0994 1.0899 0.4764, -0.0994 1.0895 0.4764, -0.0993 1.0895 0.4722, -0.0993 1.0899 0.4722, -0.1005 1.0898 0.4603, -0.1002 1.0894 0.4636, -0.1005 1.0894 0.4603, -0.1035 1.0891 0.4517, -0.1035 1.0895 0.4517, -0.1081 1.0886 0.4447, -0.1081 1.089 0.4447, -0.1093 1.0885 0.4432, -0.1093 1.0889 0.4432, -0.1157 1.0878 0.4378, -0.1157 1.0882 0.4378, -0.1233 1.087 0.4342, -0.1233 1.0874 0.4342, -0.1319 1.086 0.4324, -0.1319 1.0864 0.4324, -0.2181 1.0723 0.442, -0.218 1.0724 0.4329, -0.2181 1.0719 0.442, -0.218 1.072 0.4329, -0.1854 1.0785 0.4422, -0.1854 1.0781 0.4422, -0.1856 1.0785 0.4692, -0.1856 1.0781 0.4692, -0.2142 1.0731 0.469, -0.2142 1.0727 0.469, -0.2143 1.0731 0.4781, -0.2143 1.0727 0.4781, -0.1856 1.0785 0.4783, -0.1856 1.0781 0.4783, -0.1858 1.0784 0.504, -0.1858 1.078 0.504, -0.2167 1.0726 0.5038, -0.2167 1.0722 0.5038, -0.2168 1.0726 0.513, -0.2168 1.0722 0.513, -0.1755 1.0802 0.5133, -0.1755 1.0798 0.5133, -0.175 1.0803 0.4332, -0.175 1.0799 0.4332, -0.2332 1.0688 0.4328, -0.2332 1.0692 0.4328, -0.2333 1.0687 0.4554, -0.2337 1.069 0.5128, -0.2337 1.0686 0.5128, -0.2566 1.0638 0.5127, -0.2566 1.0634 0.5127, -0.2868 1.056 0.5019, -0.2868 1.0556 0.5019, -0.2784 1.0578 0.5076, -0.2784 1.0582 0.5076, -0.2688 1.0603 0.5112, -0.2688 1.0607 0.5112, -0.2986 1.0527 0.4734, -0.2986 1.0523 0.4734, -0.2984 1.0528 0.479, -0.2984 1.0524 0.479, -0.2974 1.0531 0.4845, -0.2974 1.0527 0.4845, -0.2944 1.0535 0.4922, -0.2944 1.0539 0.4922, -0.2895 1.0549 0.4991, -0.2895 1.0553 0.4991, -0.2864 1.0561 0.4436, -0.2864 1.0557 0.4436, -0.2924 1.0541 0.4507, -0.2924 1.0545 0.4507, -0.2964 1.0529 0.4589, -0.2964 1.0534 0.4589, -0.2984 1.0524 0.4683, -0.2984 1.0528 0.4683, -0.2552 1.0641 0.4326, -0.2552 1.0637 0.4326, -0.2689 1.0603 0.4342, -0.2689 1.0607 0.4342, -0.278 1.0579 0.4377, -0.278 1.0583 0.4377, -0.2333 1.0687 0.4328, -0.2561 1.0639 0.5035, -0.2561 1.0635 0.5035, -0.2664 1.0609 0.5023, -0.2664 1.0613 0.5023, -0.2733 1.0592 0.4997, -0.2733 1.0596 0.4997, -0.2791 1.0576 0.4958, -0.2791 1.0581 0.4958, -0.2818 1.057 0.4931, -0.2818 1.0574 0.4931, -0.2847 1.0562 0.4885, -0.2847 1.0566 0.4885, -0.2868 1.0556 0.4824, -0.2868 1.056 0.4824, -0.2878 1.0553 0.4732, -0.2878 1.0557 0.4732, -0.2875 1.0554 0.4681, -0.2875 1.0558 0.4681, -0.2859 1.0558 0.4608, -0.2859 1.0563 0.4608, -0.2831 1.0566 0.4548, -0.2831 1.057 0.4548, -0.279 1.0577 0.4499, -0.279 1.0581 0.4499, -0.2776 1.0581 0.4486, -0.2776 1.0585 0.4486, -0.2722 1.0595 0.4452, -0.2722 1.0599 0.4452, -0.2654 1.0612 0.4428, -0.2654 1.0616 0.4428, -0.2552 1.0637 0.4417, -0.2552 1.0641 0.4417, -0.2436 1.0664 0.4418, -0.2436 1.0668 0.4418, -0.244 1.0663 0.5036, -0.244 1.0667 0.5036
            ]
        }
        coordIndex [
            0,1,2,-1,2,1,3,-1,4,0,5,-1,5,0,2,-1,6,4,7,-1,7,4,5,-1,8,6,9,-1,9,6,7,-1,10,8,11,-1,11,8,9,-1,1,10,3,-1,3,10,11,-1,6,8,4,-1,4,8,10,-1,4,10,0,-1,0,10,1,-1,12,13,14,-1,12,14,15,-1,15,14,16,-1,15,16,17,-1,17,16,18,-1,17,18,19,-1,20,19,21,-1,21,19,18,-1,20,21,22,-1,20,22,23,-1,23,22,24,-1,23,24,25,-1,25,24,26,-1,25,26,27,-1,27,26,28,-1,27,28,29,-1,29,28,30,-1,29,30,31,-1,31,30,32,-1,31,32,33,-1,33,32,34,-1,33,34,35,-1,35,34,36,-1,35,36,37,-1,37,36,38,-1,37,38,39,-1,39,38,40,-1,39,40,41,-1,41,40,42,-1,41,42,43,-1,43,42,44,-1,44,42,45,-1,44,45,46,-1,45,47,46,-1,46,47,48,-1,46,48,49,-1,49,48,50,-1,49,50,51,-1,51,50,52,-1,51,52,53,-1,53,52,54,-1,53,54,55,-1,55,54,56,-1,55,56,57,-1,57,56,58,-1,57,58,59,-1,59,58,60,-1,59,60,61,-1,61,60,62,-1,61,62,63,-1,63,62,64,-1,63,64,65,-1,66,65,67,-1,67,65,64,-1,66,67,68,-1,66,68,69,-1,69,68,70,-1,69,70,71,-1,71,70,72,-1,71,72,73,-1,73,72,74,-1,73,74,75,-1,75,74,76,-1,75,76,77,-1,77,76,78,-1,77,78,79,-1,79,78,80,-1,79,80,81,-1,81,80,82,-1,81,82,83,-1,83,82,84,-1,83,84,85,-1,85,84,86,-1,85,86,87,-1,86,88,87,-1,87,88,89,-1,87,89,90,-1,91,90,92,-1,92,90,89,-1,92,93,91,-1,91,93,94,-1,91,94,95,-1,95,94,96,-1,95,96,97,-1,97,96,98,-1,97,98,99,-1,99,98,100,-1,99,100,101,-1,101,100,102,-1,101,102,103,-1,103,102,104,-1,103,104,105,-1,105,104,13,-1,105,13,12,-1,19,20,17,-1,17,20,23,-1,17,23,15,-1,15,23,25,-1,15,25,12,-1,12,25,27,-1,12,27,105,-1,105,27,29,-1,105,29,103,-1,103,29,31,-1,103,31,101,-1,101,31,33,-1,101,33,99,-1,99,33,35,-1,99,35,97,-1,97,35,37,-1,97,37,95,-1,95,37,91,-1,91,37,39,-1,91,39,90,-1,39,41,90,-1,90,41,43,-1,90,43,87,-1,87,43,44,-1,87,44,85,-1,85,44,46,-1,85,46,83,-1,83,46,49,-1,83,49,81,-1,81,49,51,-1,81,51,79,-1,79,51,53,-1,79,53,77,-1,77,53,75,-1,75,53,55,-1,75,55,73,-1,73,55,57,-1,73,57,71,-1,71,57,59,-1,71,59,69,-1,69,59,61,-1,69,61,66,-1,66,61,63,-1,66,63,65,-1,106,107,108,-1,108,107,109,-1,110,106,111,-1,111,106,108,-1,112,110,113,-1,113,110,111,-1,114,112,115,-1,115,112,113,-1,116,114,117,-1,117,114,115,-1,118,116,119,-1,119,116,117,-1,120,118,121,-1,121,118,119,-1,122,120,123,-1,123,120,121,-1,124,122,125,-1,125,122,123,-1,126,124,127,-1,127,124,125,-1,128,126,129,-1,129,126,127,-1,107,128,109,-1,109,128,129,-1,107,106,128,-1,128,106,110,-1,114,116,112,-1,112,116,118,-1,122,124,120,-1,120,124,126,-1,120,126,118,-1,118,126,128,-1,118,128,112,-1,112,128,110,-1,130,131,132,-1,132,131,133,-1,132,133,134,-1,133,135,134,-1,134,135,136,-1,137,138,139,-1,137,139,140,-1,140,139,141,-1,140,141,142,-1,142,141,136,-1,142,136,135,-1,143,144,145,-1,145,144,146,-1,145,146,147,-1,146,148,147,-1,147,148,149,-1,147,149,150,-1,150,149,151,-1,150,151,152,-1,152,151,138,-1,152,138,137,-1,153,154,155,-1,153,155,156,-1,156,155,157,-1,156,157,158,-1,158,157,159,-1,158,159,160,-1,160,159,144,-1,160,144,143,-1,161,162,163,-1,161,163,164,-1,164,163,165,-1,164,165,166,-1,166,165,154,-1,166,154,153,-1,162,161,167,-1,167,161,131,-1,167,131,130,-1,168,169,170,-1,168,170,171,-1,171,170,172,-1,171,172,173,-1,173,172,174,-1,173,174,175,-1,175,174,176,-1,175,176,177,-1,177,176,178,-1,177,178,179,-1,179,178,180,-1,179,180,181,-1,181,180,182,-1,181,182,183,-1,183,182,184,-1,183,184,185,-1,185,184,186,-1,185,186,187,-1,187,186,188,-1,187,188,189,-1,189,188,190,-1,189,190,191,-1,191,190,192,-1,191,192,193,-1,193,192,194,-1,193,194,195,-1,195,194,196,-1,195,196,197,-1,197,196,198,-1,197,198,199,-1,200,201,198,-1,198,201,199,-1,202,203,200,-1,200,203,201,-1,169,168,202,-1,202,168,203,-1,183,185,160,-1,160,185,158,-1,158,185,187,-1,158,187,156,-1,156,187,189,-1,156,189,153,-1,189,191,153,-1,153,191,193,-1,153,193,166,-1,166,193,195,-1,166,195,164,-1,164,195,197,-1,164,197,161,-1,161,197,199,-1,161,199,131,-1,131,199,201,-1,131,201,133,-1,133,201,203,-1,133,203,135,-1,135,203,168,-1,135,168,142,-1,142,168,171,-1,142,171,140,-1,140,171,173,-1,140,173,137,-1,137,173,175,-1,137,175,152,-1,152,175,177,-1,152,177,150,-1,150,177,179,-1,150,179,147,-1,147,179,181,-1,147,181,145,-1,145,181,183,-1,145,183,143,-1,143,183,160,-1,
        ]
    }
}
Shape{
    appearance Appearance {
        material  Material 	{
            diffuseColor 0.9686274509803922 0.8784313725490196 0.6
            specularColor 0.6784313725490196 0.615686274509804 0.4196078431372549
            ambientIntensity 0.8737
            transparency 0.0
            shininess 0.5
        }
    }
    geometry IndexedFaceSet {
        ccw TRUE
        solid FALSE
        coord DEF co Coordinate {
            point [
                -0.244 1.0663 0.5036, -0.2436 1.0664 0.4418, -0.2561 1.0635 0.5035, -0.2552 1.0637 0.4417, -0.2654 1.0612 0.4428, -0.2722 1.0595 0.4452, -0.2776 1.0581 0.4486, -0.279 1.0577 0.4499, -0.2831 1.0566 0.4548, -0.2859 1.0558 0.4608, -0.2875 1.0554 0.4681, -0.2878 1.0553 0.4732, -0.2868 1.0556 0.4824, -0.2847 1.0562 0.4885, -0.2818 1.057 0.4931, -0.2791 1.0576 0.4958, -0.2664 1.0609 0.5023, -0.2733 1.0592 0.4997
            ]
        }
        coordIndex [
            0,1,2,-1,2,1,3,-1,2,3,4,-1,4,5,2,-1,2,5,6,-1,2,6,7,-1,7,8,2,-1,2,8,9,-1,2,9,10,-1,10,11,2,-1,2,11,12,-1,2,12,13,-1,13,14,2,-1,2,14,15,-1,2,15,16,-1,16,15,17,-1,
        ]
    }
}
Shape{
    appearance Appearance {
        material  Material 	{
            diffuseColor 0.0 0.0 0.0
            specularColor 0.0 0.0 0.0
            ambientIntensity 0.0
            transparency 0.0
            shininess 0.5
        }
    }
    geometry IndexedFaceSet {
        ccw TRUE
        solid FALSE
        coord DEF co Coordinate {
            point [
                -0.3748 1.028 0.4318, -0.3634 1.0321 0.4319, -0.3748 1.0276 0.4318, -0.3634 1.0317 0.4319, -0.3629 1.0318 0.4332, -0.3554 1.0349 0.4538, -0.3554 1.0345 0.4538, -0.3221 1.0458 0.454, -0.3221 1.0454 0.454, -0.3142 1.0482 0.4322, -0.3142 1.0477 0.4322, -0.3028 1.0515 0.4323, -0.3028 1.0511 0.4323, -0.3339 1.042 0.5121, -0.3339 1.0416 0.5121, -0.3449 1.0384 0.5121, -0.3449 1.038 0.5121, -0.3629 1.0317 0.4638, -0.3376 1.0404 0.4963, -0.3376 1.0408 0.4963, -0.3254 1.0443 0.4631, -0.3254 1.0447 0.4631, -0.3382 1.0402 0.4987, -0.3382 1.0406 0.4987, -0.339 1.04 0.5019, -0.339 1.0404 0.5019, -0.3392 1.0399 0.5019, -0.3392 1.0403 0.5019, -0.3399 1.0397 0.4985, -0.3399 1.0401 0.4985, -0.3404 1.0395 0.4962, -0.3404 1.0399 0.4962, -0.3523 1.0355 0.4629, -0.3523 1.036 0.4629
            ]
        }
        coordIndex [
            0,1,2,-1,2,1,3,-1,3,1,4,-1,4,1,5,-1,4,5,6,-1,5,7,6,-1,6,7,8,-1,7,9,8,-1,8,9,10,-1,9,11,10,-1,10,11,12,-1,11,13,12,-1,12,13,14,-1,13,15,14,-1,14,15,16,-1,16,15,17,-1,17,15,0,-1,17,0,2,-1,18,19,20,-1,20,19,21,-1,19,18,22,-1,19,22,23,-1,23,22,24,-1,23,24,25,-1,26,27,24,-1,24,27,25,-1,27,26,28,-1,27,28,29,-1,29,28,30,-1,29,30,31,-1,32,33,30,-1,30,33,31,-1,20,21,32,-1,32,21,33,-1,21,7,33,-1,33,7,5,-1,19,13,21,-1,21,13,11,-1,21,11,7,-1,7,11,9,-1,19,23,13,-1,13,23,25,-1,13,25,15,-1,15,25,27,-1,15,27,29,-1,29,31,15,-1,15,31,33,-1,15,33,0,-1,0,33,5,-1,0,5,1,-1,
        ]
    }
}
Shape{
    appearance Appearance {
        material  Material 	{
            diffuseColor 0.9686274509803922 0.8784313725490196 0.6
            specularColor 0.6784313725490196 0.615686274509804 0.4196078431372549
            ambientIntensity 0.8737
            transparency 0.0
            shininess 0.5
        }
    }
    geometry IndexedFaceSet {
        ccw TRUE
        solid FALSE
        coord DEF co Coordinate {
            point [
                -0.3254 1.0443 0.4631, -0.3523 1.0355 0.4629, -0.3376 1.0404 0.4963, -0.3404 1.0395 0.4962, -0.3382 1.0402 0.4987, -0.3399 1.0397 0.4985, -0.339 1.04 0.5019, -0.3392 1.0399 0.5019
            ]
        }
        coordIndex [
            0,1,2,-1,2,1,3,-1,2,3,4,-1,4,3,5,-1,4,5,6,-1,6,5,7,-1,
        ]
    }
}
Shape{
    appearance Appearance {
        material  Material 	{
            diffuseColor 0.0 0.0 0.0
            specularColor 0.0 0.0 0.0
            ambientIntensity 0.0
            transparency 0.0
            shininess 0.5
        }
    }
    geometry IndexedFaceSet {
        ccw TRUE
        solid FALSE
        coord DEF co Coordinate {
            point [
                -0.0957 1.0902 0.3159, -0.0957 1.0902 0.3067, -0.0957 1.0898 0.3159, -0.0957 1.0898 0.3067, -0.063 1.0926 0.3161, -0.063 1.0922 0.3161, -0.0632 1.0926 0.343, -0.0632 1.0922 0.343, -0.0918 1.0905 0.3428, -0.0918 1.0901 0.3428, -0.0919 1.0905 0.352, -0.0919 1.0901 0.352, -0.0633 1.0926 0.3522, -0.0633 1.0922 0.3522, -0.0634 1.0926 0.3778, -0.0634 1.0922 0.3778, -0.0943 1.0903 0.3776, -0.0943 1.0899 0.3776, -0.0944 1.0903 0.3868, -0.0944 1.0899 0.3868, -0.0532 1.0931 0.3871, -0.0532 1.0927 0.3871, -0.0526 1.0932 0.307, -0.0526 1.0928 0.307, -0.1515 1.0838 0.3431, -0.1515 1.0834 0.3431, -0.1507 1.0835 0.3509, -0.1507 1.0839 0.3509, -0.1492 1.0837 0.3554, -0.1492 1.0841 0.3554, -0.1471 1.084 0.3586, -0.1471 1.0844 0.3586, -0.1445 1.0844 0.3612, -0.1445 1.0848 0.3612, -0.1411 1.0848 0.3631, -0.1411 1.0852 0.3631, -0.1369 1.0854 0.3644, -0.1369 1.0858 0.3644, -0.131 1.0861 0.365, -0.131 1.0865 0.365, -0.1512 1.0838 0.3063, -0.1512 1.0835 0.3063, -0.1412 1.0852 0.3064, -0.1412 1.0848 0.3064, -0.1412 1.0852 0.3152, -0.1412 1.0848 0.3152, -0.141 1.0852 0.3152, -0.141 1.0848 0.3152, -0.1234 1.0874 0.3052, -0.1234 1.087 0.3052, -0.1283 1.0864 0.3057, -0.1283 1.0868 0.3057, -0.1324 1.0859 0.3071, -0.1324 1.0863 0.3071, -0.1361 1.0855 0.3094, -0.1361 1.0859 0.3094, -0.1393 1.0851 0.3128, -0.1393 1.0855 0.3128, -0.1102 1.0888 0.3098, -0.1102 1.0884 0.3098, -0.1134 1.0881 0.3075, -0.1134 1.0885 0.3075, -0.1172 1.0877 0.306, -0.1172 1.0881 0.306, -0.123 1.087 0.3052, -0.123 1.0874 0.3052, -0.1054 1.0893 0.322, -0.1054 1.0889 0.322, -0.1058 1.0889 0.3173, -0.1058 1.0892 0.3173, -0.1071 1.0887 0.3139, -0.1071 1.0891 0.3139, -0.1091 1.0885 0.3109, -0.1091 1.0889 0.3109, -0.1245 1.0873 0.3405, -0.1245 1.0869 0.3405, -0.1169 1.0877 0.3387, -0.1169 1.0881 0.3387, -0.1126 1.0882 0.3365, -0.1126 1.0886 0.3365, -0.1095 1.0885 0.3339, -0.1095 1.0889 0.3339, -0.1075 1.0887 0.331, -0.1075 1.0891 0.331, -0.1061 1.0888 0.3275, -0.1061 1.0892 0.3275, -0.1055 1.0889 0.3231, -0.1055 1.0893 0.3231, -0.1414 1.0852 0.3428, -0.1414 1.0848 0.3428, -0.13 1.0866 0.3568, -0.13 1.0862 0.3568, -0.1334 1.0858 0.3564, -0.1334 1.0862 0.3564, -0.1357 1.0855 0.3556, -0.1357 1.0859 0.3556, -0.1375 1.0853 0.3544, -0.1375 1.0857 0.3544, -0.139 1.0851 0.3528, -0.139 1.0855 0.3528, -0.1401 1.0849 0.3507, -0.1401 1.0853 0.3507, -0.1411 1.0848 0.3471, -0.1411 1.0852 0.3471, -0.1112 1.0887 0.35, -0.1112 1.0883 0.35, -0.1181 1.0876 0.3544, -0.1181 1.088 0.3544, -0.1244 1.0869 0.3563, -0.1244 1.0873 0.3563, -0.1112 1.0887 0.3598, -0.1112 1.0883 0.3598, -0.1207 1.0873 0.3638, -0.1207 1.0877 0.3638, -0.1132 1.0881 0.3609, -0.1132 1.0885 0.3609, -0.1414 1.0848 0.3351, -0.1414 1.0852 0.3351, -0.128 1.0865 0.3334, -0.128 1.0869 0.3334, -0.1413 1.0848 0.3296, -0.1413 1.0852 0.3296, -0.1407 1.0849 0.3248, -0.1407 1.0853 0.3248, -0.1393 1.0851 0.3212, -0.1393 1.0855 0.3212, -0.137 1.0854 0.318, -0.137 1.0858 0.318, -0.1359 1.0855 0.317, -0.1359 1.0859 0.317, -0.1331 1.0858 0.315, -0.1331 1.0862 0.315, -0.1301 1.0862 0.3139, -0.1301 1.0866 0.3139, -0.126 1.0867 0.3134, -0.126 1.0871 0.3134, -0.1227 1.0871 0.3138, -0.1227 1.0875 0.3138, -0.1204 1.0873 0.3146, -0.1204 1.0877 0.3146, -0.1184 1.0875 0.316, -0.1184 1.0879 0.316, -0.1176 1.0876 0.3169, -0.1176 1.088 0.3169, -0.1164 1.0878 0.3186, -0.1164 1.0882 0.3186, -0.1158 1.0878 0.3204, -0.1158 1.0882 0.3204, -0.1155 1.0879 0.3227, -0.1155 1.0883 0.3227, -0.1156 1.0878 0.3243, -0.1156 1.0882 0.3243, -0.1162 1.0878 0.3266, -0.1162 1.0882 0.3266, -0.117 1.0877 0.3285, -0.117 1.0881 0.3285, -0.1183 1.0876 0.3299, -0.1183 1.088 0.3299, -0.1196 1.0874 0.3309, -0.1196 1.0878 0.3309, -0.122 1.0872 0.3321, -0.122 1.0875 0.3321
            ]
        }
        coordIndex [
            0,1,2,-1,2,1,3,-1,4,0,5,-1,5,0,2,-1,6,4,7,-1,7,4,5,-1,8,6,9,-1,9,6,7,-1,10,8,11,-1,11,8,9,-1,12,10,13,-1,13,10,11,-1,14,12,15,-1,15,12,13,-1,16,14,17,-1,17,14,15,-1,18,16,19,-1,19,16,17,-1,20,18,21,-1,21,18,19,-1,22,20,23,-1,23,20,21,-1,1,22,3,-1,3,22,23,-1,1,0,22,-1,22,0,4,-1,8,10,6,-1,6,10,12,-1,16,18,14,-1,14,18,20,-1,14,20,12,-1,12,20,22,-1,12,22,6,-1,6,22,4,-1,24,25,26,-1,24,26,27,-1,27,26,28,-1,27,28,29,-1,29,28,30,-1,29,30,31,-1,31,30,32,-1,31,32,33,-1,33,32,34,-1,33,34,35,-1,35,34,36,-1,35,36,37,-1,37,36,38,-1,37,38,39,-1,24,40,25,-1,25,40,41,-1,40,42,41,-1,41,42,43,-1,42,44,43,-1,43,44,45,-1,44,46,45,-1,45,46,47,-1,48,49,50,-1,48,50,51,-1,51,50,52,-1,51,52,53,-1,53,52,54,-1,53,54,55,-1,55,54,56,-1,55,56,57,-1,57,56,47,-1,57,47,46,-1,58,59,60,-1,58,60,61,-1,61,60,62,-1,61,62,63,-1,63,62,64,-1,63,64,65,-1,65,64,49,-1,65,49,48,-1,66,67,68,-1,66,68,69,-1,69,68,70,-1,69,70,71,-1,71,70,72,-1,71,72,73,-1,73,72,59,-1,73,59,58,-1,74,75,76,-1,74,76,77,-1,77,76,78,-1,77,78,79,-1,79,78,80,-1,79,80,81,-1,81,80,82,-1,81,82,83,-1,83,82,84,-1,83,84,85,-1,85,84,86,-1,85,86,87,-1,87,86,67,-1,87,67,66,-1,74,88,75,-1,75,88,89,-1,90,91,92,-1,90,92,93,-1,93,92,94,-1,93,94,95,-1,95,94,96,-1,95,96,97,-1,97,96,98,-1,97,98,99,-1,99,98,100,-1,99,100,101,-1,101,100,102,-1,101,102,103,-1,103,102,89,-1,103,89,88,-1,104,105,106,-1,104,106,107,-1,107,106,108,-1,107,108,109,-1,109,108,91,-1,109,91,90,-1,104,110,105,-1,105,110,111,-1,39,38,112,-1,39,112,113,-1,113,112,114,-1,113,114,115,-1,115,114,111,-1,115,111,110,-1,116,117,118,-1,118,117,119,-1,120,121,116,-1,116,121,117,-1,121,120,122,-1,121,122,123,-1,123,122,124,-1,123,124,125,-1,125,124,126,-1,125,126,127,-1,127,126,128,-1,127,128,129,-1,129,128,130,-1,129,130,131,-1,131,130,132,-1,131,132,133,-1,133,132,134,-1,133,134,135,-1,135,134,136,-1,135,136,137,-1,137,136,138,-1,137,138,139,-1,139,138,140,-1,139,140,141,-1,141,140,142,-1,141,142,143,-1,143,142,144,-1,143,144,145,-1,145,144,146,-1,145,146,147,-1,147,146,148,-1,147,148,149,-1,149,148,150,-1,149,150,151,-1,151,150,152,-1,151,152,153,-1,153,152,154,-1,153,154,155,-1,155,154,156,-1,155,156,157,-1,157,156,158,-1,157,158,159,-1,159,158,160,-1,159,160,161,-1,161,160,118,-1,161,118,119,-1,88,24,103,-1,103,24,27,-1,103,27,101,-1,101,27,29,-1,101,29,99,-1,99,29,31,-1,99,31,97,-1,97,31,33,-1,97,33,95,-1,95,33,35,-1,95,35,93,-1,93,35,37,-1,93,37,90,-1,90,37,39,-1,90,39,109,-1,109,39,113,-1,109,113,107,-1,107,113,115,-1,107,115,104,-1,104,115,110,-1,137,48,135,-1,135,48,51,-1,135,51,133,-1,133,51,53,-1,133,53,131,-1,143,58,141,-1,141,58,61,-1,141,61,139,-1,139,61,63,-1,139,63,137,-1,137,63,65,-1,137,65,48,-1,151,87,149,-1,149,87,66,-1,149,66,147,-1,147,66,69,-1,147,69,145,-1,145,69,71,-1,145,71,143,-1,143,71,73,-1,143,73,58,-1,88,74,159,-1,159,74,77,-1,159,77,157,-1,157,77,79,-1,157,79,155,-1,155,79,81,-1,155,81,153,-1,153,81,83,-1,153,83,151,-1,151,83,85,-1,151,85,87,-1,123,125,44,-1,159,161,88,-1,88,161,119,-1,88,119,24,-1,24,119,117,-1,24,117,121,-1,44,125,46,-1,53,55,131,-1,131,55,57,-1,131,57,129,-1,129,57,46,-1,129,46,127,-1,127,46,125,-1,42,40,44,-1,44,40,24,-1,44,24,123,-1,123,24,121,-1,
        ]
    }
}
Shape{
    appearance Appearance {
        material  Material 	{
            diffuseColor 0.9686274509803922 0.8784313725490196 0.6
            specularColor 0.6784313725490196 0.615686274509804 0.4196078431372549
            ambientIntensity 0.8737
            transparency 0.0
            shininess 0.5
        }
    }
    geometry IndexedFaceSet {
        ccw TRUE
        solid FALSE
        coord DEF co Coordinate {
            point [
                -0.1413 1.0848 0.3296, -0.1414 1.0848 0.3351, -0.128 1.0865 0.3334, -0.1359 1.0855 0.317, -0.137 1.0854 0.318, -0.1331 1.0858 0.315, -0.1393 1.0851 0.3212, -0.1407 1.0849 0.3248, -0.1301 1.0862 0.3139, -0.122 1.0872 0.3321, -0.1196 1.0874 0.3309, -0.1183 1.0876 0.3299, -0.117 1.0877 0.3285, -0.1162 1.0878 0.3266, -0.1156 1.0878 0.3243, -0.1155 1.0879 0.3227, -0.1158 1.0878 0.3204, -0.1164 1.0878 0.3186, -0.1176 1.0876 0.3169, -0.1184 1.0875 0.316, -0.1204 1.0873 0.3146, -0.1227 1.0871 0.3138, -0.126 1.0867 0.3134
            ]
        }
        coordIndex [
            0,1,2,-1,3,4,2,-1,3,2,5,-1,4,6,2,-1,2,6,7,-1,2,7,0,-1,5,2,8,-1,8,2,9,-1,8,9,10,-1,10,11,8,-1,8,11,12,-1,8,12,13,-1,13,14,8,-1,8,14,15,-1,8,15,16,-1,16,17,8,-1,8,17,18,-1,8,18,19,-1,20,21,19,-1,19,21,22,-1,19,22,8,-1,
        ]
    }
}
Shape{
    appearance Appearance {
        material  Material 	{
            diffuseColor 0.0 0.0 0.0
            specularColor 0.0 0.0 0.0
            ambientIntensity 0.0
            transparency 0.0
            shininess 0.5
        }
    }
    geometry IndexedFaceSet {
        ccw TRUE
        solid FALSE
        coord DEF co Coordinate {
            point [
                -0.1813 1.0792 0.313, -0.1813 1.0788 0.313, -0.1747 1.0799 0.3138, -0.1747 1.0803 0.3138, -0.1685 1.0809 0.3163, -0.1685 1.0813 0.3163, -0.1649 1.0814 0.3186, -0.1649 1.0818 0.3186, -0.1648 1.0819 0.3082, -0.1648 1.0815 0.3082, -0.1718 1.0804 0.3057, -0.1718 1.0808 0.3057, -0.1803 1.079 0.3048, -0.1803 1.0794 0.3048, -0.1894 1.0774 0.3058, -0.1894 1.0778 0.3058, -0.1947 1.0765 0.3078, -0.1947 1.0769 0.3078, -0.197 1.076 0.3092, -0.197 1.0764 0.3092, -0.2001 1.0755 0.3119, -0.2001 1.0759 0.3119, -0.2019 1.0751 0.3146, -0.2019 1.0755 0.3146, -0.2031 1.0749 0.3178, -0.2031 1.0753 0.3178, -0.2035 1.0748 0.3215, -0.2035 1.0752 0.3215, -0.2034 1.0752 0.3236, -0.2034 1.0748 0.3236, -0.2031 1.0753 0.3256, -0.2031 1.0749 0.3256, -0.2019 1.0751 0.3285, -0.2019 1.0755 0.3285, -0.2002 1.0754 0.331, -0.2002 1.0758 0.331, -0.1979 1.0759 0.3331, -0.1979 1.0763 0.3331, -0.1912 1.0771 0.3369, -0.1912 1.0775 0.3369, -0.1874 1.0778 0.3385, -0.1874 1.0782 0.3385, -0.1812 1.0788 0.3412, -0.1812 1.0792 0.3412, -0.1777 1.0794 0.3435, -0.1777 1.0798 0.3435, -0.1767 1.0796 0.3446, -0.1767 1.08 0.3446, -0.176 1.0797 0.3459, -0.176 1.0801 0.3459, -0.1756 1.0798 0.3475, -0.1756 1.0802 0.3475, -0.1755 1.0798 0.3488, -0.1755 1.0802 0.3488, -0.1757 1.0797 0.3504, -0.1757 1.0801 0.3504, -0.1762 1.0797 0.3518, -0.1762 1.0801 0.3518, -0.1771 1.0795 0.353, -0.1771 1.0799 0.353, -0.1786 1.0793 0.3544, -0.1786 1.0797 0.3544, -0.1808 1.0789 0.3555, -0.1808 1.0793 0.3555, -0.1835 1.0784 0.3562, -0.1835 1.0788 0.3562, -0.1865 1.0779 0.3564, -0.1865 1.0783 0.3564, -0.1935 1.0767 0.3555, -0.1935 1.0771 0.3555, -0.1992 1.0756 0.3533, -0.1992 1.076 0.3533, -0.201 1.0753 0.3522, -0.201 1.0757 0.3522, -0.2011 1.0757 0.3619, -0.2011 1.0753 0.3619, -0.1946 1.0765 0.3639, -0.1946 1.0769 0.3639, -0.1875 1.0777 0.3646, -0.1875 1.0781 0.3646, -0.1795 1.0791 0.3637, -0.1795 1.0795 0.3637, -0.1741 1.08 0.3616, -0.1741 1.0804 0.3616, -0.1717 1.0804 0.3601, -0.1717 1.0808 0.3601, -0.1685 1.0809 0.3573, -0.1685 1.0813 0.3573, -0.1667 1.0812 0.3545, -0.1667 1.0816 0.3545, -0.1655 1.0813 0.3513, -0.1655 1.0817 0.3513, -0.1652 1.0814 0.348, -0.1652 1.0818 0.348, -0.1656 1.0813 0.3438, -0.1656 1.0817 0.3438, -0.1668 1.0812 0.3408, -0.1668 1.0816 0.3408, -0.1679 1.081 0.3389, -0.1679 1.0814 0.3389, -0.1696 1.0807 0.3372, -0.1696 1.0811 0.3372, -0.1743 1.08 0.334, -0.1743 1.0804 0.334, -0.1802 1.079 0.3313, -0.1802 1.0794 0.3313, -0.1868 1.0779 0.3285, -0.1868 1.0783 0.3285, -0.1907 1.0772 0.3261, -0.1907 1.0776 0.3261, -0.1919 1.077 0.3248, -0.1919 1.0774 0.3248, -0.1927 1.0768 0.3234, -0.1927 1.0772 0.3234, -0.1931 1.0767 0.3219, -0.1931 1.0771 0.3219, -0.1932 1.0767 0.3206, -0.1932 1.0771 0.3206, -0.193 1.0768 0.3187, -0.193 1.0772 0.3187, -0.1925 1.0769 0.3173, -0.1925 1.0773 0.3173, -0.1921 1.0773 0.3166, -0.1921 1.0769 0.3166, -0.1916 1.0774 0.316, -0.1916 1.077 0.316, -0.1904 1.0772 0.315, -0.1904 1.0776 0.315, -0.1895 1.0774 0.3144, -0.1895 1.0778 0.3144, -0.1869 1.0778 0.3135, -0.1869 1.0782 0.3135, -0.1818 1.0787 0.313, -0.1818 1.0791 0.313, -0.2535 1.0645 0.3628, -0.2639 1.062 0.3627, -0.2535 1.0641 0.3628, -0.2639 1.0616 0.3627, -0.2376 1.0682 0.3198, -0.2376 1.0678 0.3198, -0.2369 1.0679 0.3172, -0.2369 1.0683 0.3172, -0.2364 1.0681 0.3152, -0.2364 1.0685 0.3152, -0.2361 1.0685 0.3152, -0.2361 1.0681 0.3152, -0.2349 1.0688 0.3199, -0.2349 1.0684 0.3199, -0.2203 1.0715 0.363, -0.2203 1.0719 0.363, -0.2333 1.0687 0.3246, -0.209 1.0742 0.3631, -0.209 1.0738 0.3631, -0.2311 1.0696 0.3059, -0.2311 1.0692 0.3059, -0.2266 1.0706 0.2955, -0.2266 1.0702 0.2955, -0.2244 1.0706 0.2916, -0.2244 1.071 0.2916, -0.2223 1.0711 0.2895, -0.2223 1.0715 0.2895, -0.2204 1.0715 0.2884, -0.2204 1.0719 0.2884, -0.2182 1.0719 0.2877, -0.2182 1.0723 0.2877, -0.2163 1.0723 0.2875, -0.2163 1.0727 0.2875, -0.2126 1.073 0.288, -0.2126 1.0734 0.288, -0.2106 1.0735 0.2887, -0.2106 1.0739 0.2887, -0.2105 1.0739 0.2798, -0.2105 1.0735 0.2798, -0.2148 1.0726 0.279, -0.2148 1.073 0.279, -0.217 1.0722 0.2789, -0.217 1.0726 0.2789, -0.2212 1.0713 0.2794, -0.2212 1.0717 0.2794, -0.2252 1.0705 0.2809, -0.2252 1.0709 0.2809, -0.2287 1.0697 0.2834, -0.2287 1.0701 0.2834, -0.2288 1.0697 0.2835, -0.2288 1.0701 0.2835, -0.2325 1.0689 0.2877, -0.2325 1.0693 0.2877, -0.2333 1.0687 0.2892, -0.2373 1.0682 0.2968, -0.2373 1.0678 0.2968, -0.2375 1.0678 0.2971, -0.2375 1.0682 0.2971, -0.3175 1.0472 0.3143, -0.3174 1.0472 0.3052, -0.3175 1.0468 0.3143, -0.3174 1.0468 0.3052, -0.2847 1.0566 0.3145, -0.2847 1.0562 0.3145, -0.2849 1.0565 0.3414, -0.2849 1.0561 0.3414, -0.3136 1.0483 0.3412, -0.3136 1.0479 0.3412, -0.3136 1.0483 0.3504, -0.3136 1.0479 0.3504, -0.285 1.0565 0.3506, -0.285 1.0561 0.3506, -0.2852 1.0564 0.3762, -0.2852 1.056 0.3762, -0.3161 1.0476 0.376, -0.3161 1.0472 0.376, -0.3161 1.0476 0.3852, -0.3161 1.0472 0.3852, -0.2749 1.0592 0.3855, -0.2749 1.0588 0.3855, -0.2743 1.0593 0.3055, -0.2743 1.0589 0.3055, -0.3325 1.0425 0.305, -0.3331 1.0423 0.3851, -0.3325 1.0421 0.305, -0.3331 1.0419 0.3851, -0.3559 1.0347 0.385, -0.3559 1.0343 0.385, -0.3629 1.0318 0.3841, -0.3681 1.0304 0.3835, -0.3681 1.03 0.3835, -0.3778 1.0269 0.3799, -0.3778 1.0265 0.3799, -0.3861 1.0238 0.3741, -0.3861 1.0234 0.3741, -0.398 1.0192 0.3456, -0.398 1.0188 0.3456, -0.3977 1.0193 0.3513, -0.3977 1.0189 0.3513, -0.3967 1.0197 0.3568, -0.3967 1.0193 0.3568, -0.3938 1.0204 0.3644, -0.3938 1.0209 0.3644, -0.3889 1.0223 0.3714, -0.3889 1.0228 0.3714, -0.3857 1.024 0.3159, -0.3857 1.0235 0.3159, -0.3917 1.0212 0.3229, -0.3917 1.0217 0.3229, -0.3957 1.0197 0.3312, -0.3957 1.0201 0.3312, -0.3977 1.0189 0.3406, -0.3977 1.0193 0.3406, -0.3683 1.0304 0.3065, -0.3545 1.0352 0.3049, -0.3629 1.0318 0.3059, -0.3545 1.0348 0.3049, -0.3683 1.0299 0.3065, -0.3774 1.0266 0.31, -0.3774 1.027 0.31, -0.3555 1.0349 0.3757, -0.3555 1.0344 0.3757, -0.3658 1.0308 0.3745, -0.3658 1.0313 0.3745, -0.3727 1.0284 0.372, -0.3727 1.0288 0.372, -0.3785 1.0262 0.368, -0.3785 1.0266 0.368, -0.3811 1.0253 0.3654, -0.3811 1.0257 0.3654, -0.3841 1.0241 0.3607, -0.3841 1.0246 0.3607, -0.3862 1.0233 0.3547, -0.3862 1.0238 0.3547, -0.3871 1.023 0.3454, -0.3871 1.0234 0.3454, -0.3868 1.0231 0.3404, -0.3868 1.0235 0.3404, -0.3852 1.0237 0.333, -0.3852 1.0241 0.333, -0.3824 1.0248 0.3271, -0.3824 1.0252 0.3271, -0.3784 1.0263 0.3222, -0.3784 1.0267 0.3222, -0.3769 1.0268 0.3209, -0.3769 1.0272 0.3209, -0.3716 1.0287 0.3174, -0.3716 1.0292 0.3174, -0.3647 1.0312 0.315, -0.3647 1.0316 0.315, -0.3546 1.0348 0.314, -0.3546 1.0352 0.314, -0.3429 1.0387 0.3141, -0.3429 1.0391 0.3141, -0.3434 1.0385 0.3758, -0.3434 1.0389 0.3758
            ]
        }
        coordIndex [
            0,1,2,-1,0,2,3,-1,3,2,4,-1,3,4,5,-1,5,4,6,-1,5,6,7,-1,8,7,9,-1,9,7,6,-1,8,9,10,-1,8,10,11,-1,11,10,12,-1,11,12,13,-1,13,12,14,-1,13,14,15,-1,15,14,16,-1,15,16,17,-1,17,16,18,-1,17,18,19,-1,19,18,20,-1,19,20,21,-1,21,20,22,-1,21,22,23,-1,23,22,24,-1,23,24,25,-1,25,24,26,-1,25,26,27,-1,27,26,28,-1,28,26,29,-1,28,29,30,-1,29,31,30,-1,30,31,32,-1,30,32,33,-1,33,32,34,-1,33,34,35,-1,35,34,36,-1,35,36,37,-1,37,36,38,-1,37,38,39,-1,39,38,40,-1,39,40,41,-1,41,40,42,-1,41,42,43,-1,43,42,44,-1,43,44,45,-1,45,44,46,-1,45,46,47,-1,47,46,48,-1,47,48,49,-1,49,48,50,-1,49,50,51,-1,51,50,52,-1,51,52,53,-1,53,52,54,-1,53,54,55,-1,55,54,56,-1,55,56,57,-1,57,56,58,-1,57,58,59,-1,59,58,60,-1,59,60,61,-1,61,60,62,-1,61,62,63,-1,63,62,64,-1,63,64,65,-1,65,64,66,-1,65,66,67,-1,67,66,68,-1,67,68,69,-1,69,68,70,-1,69,70,71,-1,71,70,72,-1,71,72,73,-1,74,73,75,-1,75,73,72,-1,74,75,76,-1,74,76,77,-1,77,76,78,-1,77,78,79,-1,79,78,80,-1,79,80,81,-1,81,80,82,-1,81,82,83,-1,83,82,84,-1,83,84,85,-1,85,84,86,-1,85,86,87,-1,87,86,88,-1,87,88,89,-1,89,88,90,-1,89,90,91,-1,91,90,92,-1,91,92,93,-1,93,92,94,-1,93,94,95,-1,95,94,96,-1,95,96,97,-1,97,96,98,-1,97,98,99,-1,99,98,100,-1,99,100,101,-1,101,100,102,-1,101,102,103,-1,103,102,104,-1,103,104,105,-1,105,104,106,-1,105,106,107,-1,107,106,108,-1,107,108,109,-1,109,108,110,-1,109,110,111,-1,111,110,112,-1,111,112,113,-1,113,112,114,-1,113,114,115,-1,115,114,116,-1,115,116,117,-1,117,116,118,-1,117,118,119,-1,119,118,120,-1,119,120,121,-1,121,120,122,-1,122,120,123,-1,122,123,124,-1,123,125,124,-1,124,125,126,-1,124,126,127,-1,127,126,128,-1,127,128,129,-1,129,128,130,-1,129,130,131,-1,131,130,132,-1,131,132,133,-1,133,132,1,-1,133,1,0,-1,43,45,23,-1,25,39,23,-1,23,39,41,-1,23,41,43,-1,25,27,39,-1,39,27,28,-1,39,28,30,-1,33,35,30,-1,30,35,37,-1,30,37,39,-1,105,107,45,-1,105,45,103,-1,103,45,101,-1,101,45,47,-1,101,47,99,-1,99,47,97,-1,97,47,49,-1,97,49,95,-1,95,49,51,-1,95,51,93,-1,93,51,53,-1,93,53,91,-1,91,53,55,-1,91,55,89,-1,89,55,57,-1,89,57,87,-1,87,57,85,-1,85,57,59,-1,85,59,83,-1,83,59,61,-1,83,61,81,-1,61,63,81,-1,81,63,65,-1,81,65,79,-1,79,65,67,-1,79,67,77,-1,77,67,69,-1,77,69,74,-1,74,69,71,-1,74,71,73,-1,107,109,45,-1,45,109,111,-1,45,111,23,-1,23,111,113,-1,23,113,115,-1,115,117,23,-1,23,117,119,-1,23,119,21,-1,119,121,21,-1,21,121,122,-1,21,122,19,-1,19,122,124,-1,19,124,17,-1,124,127,17,-1,17,127,129,-1,17,129,15,-1,129,131,15,-1,15,131,133,-1,15,133,13,-1,13,133,0,-1,13,0,11,-1,11,0,3,-1,11,3,8,-1,8,3,5,-1,8,5,7,-1,134,135,136,-1,136,135,137,-1,138,134,139,-1,139,134,136,-1,138,139,140,-1,138,140,141,-1,141,140,142,-1,141,142,143,-1,144,143,145,-1,145,143,142,-1,146,144,147,-1,147,144,145,-1,148,149,150,-1,150,149,146,-1,150,146,147,-1,151,149,152,-1,152,149,148,-1,153,151,154,-1,154,151,152,-1,155,153,156,-1,156,153,154,-1,155,156,157,-1,155,157,158,-1,158,157,159,-1,158,159,160,-1,160,159,161,-1,160,161,162,-1,162,161,163,-1,162,163,164,-1,164,163,165,-1,164,165,166,-1,166,165,167,-1,166,167,168,-1,168,167,169,-1,168,169,170,-1,171,170,172,-1,172,170,169,-1,171,172,173,-1,171,173,174,-1,174,173,175,-1,174,175,176,-1,176,175,177,-1,176,177,178,-1,178,177,179,-1,178,179,180,-1,180,179,181,-1,180,181,182,-1,182,181,183,-1,182,183,184,-1,184,183,185,-1,184,185,186,-1,186,185,187,-1,186,187,188,-1,187,189,188,-1,188,189,190,-1,188,190,191,-1,135,191,137,-1,137,191,190,-1,135,134,191,-1,191,134,138,-1,191,138,141,-1,186,188,153,-1,153,188,191,-1,153,155,186,-1,186,155,158,-1,186,158,184,-1,184,158,160,-1,170,171,168,-1,168,171,174,-1,168,174,166,-1,166,174,176,-1,166,176,164,-1,164,176,178,-1,164,178,162,-1,162,178,180,-1,162,180,160,-1,160,180,182,-1,160,182,184,-1,149,151,146,-1,146,151,153,-1,146,153,144,-1,144,153,191,-1,144,191,143,-1,143,191,141,-1,192,193,194,-1,194,193,195,-1,196,192,197,-1,197,192,194,-1,198,196,199,-1,199,196,197,-1,200,198,201,-1,201,198,199,-1,202,200,203,-1,203,200,201,-1,204,202,205,-1,205,202,203,-1,206,204,207,-1,207,204,205,-1,208,206,209,-1,209,206,207,-1,210,208,211,-1,211,208,209,-1,212,210,213,-1,213,210,211,-1,214,212,215,-1,215,212,213,-1,193,214,195,-1,195,214,215,-1,193,192,214,-1,214,192,196,-1,200,202,198,-1,198,202,204,-1,208,210,206,-1,206,210,212,-1,206,212,204,-1,204,212,214,-1,204,214,198,-1,198,214,196,-1,216,217,218,-1,218,217,219,-1,217,220,219,-1,219,220,221,-1,221,220,222,-1,222,220,223,-1,222,223,224,-1,224,223,225,-1,224,225,226,-1,226,225,227,-1,226,227,228,-1,229,230,231,-1,231,230,232,-1,231,232,233,-1,232,234,233,-1,233,234,235,-1,233,235,236,-1,236,235,237,-1,236,237,238,-1,238,237,228,-1,238,228,227,-1,239,240,241,-1,239,241,242,-1,242,241,243,-1,242,243,244,-1,244,243,245,-1,244,245,246,-1,246,245,230,-1,246,230,229,-1,247,248,249,-1,249,248,250,-1,249,251,247,-1,247,251,252,-1,247,252,253,-1,253,252,240,-1,253,240,239,-1,248,216,250,-1,250,216,218,-1,254,255,256,-1,254,256,257,-1,257,256,258,-1,257,258,259,-1,259,258,260,-1,259,260,261,-1,261,260,262,-1,261,262,263,-1,263,262,264,-1,263,264,265,-1,265,264,266,-1,265,266,267,-1,267,266,268,-1,267,268,269,-1,269,268,270,-1,269,270,271,-1,271,270,272,-1,271,272,273,-1,273,272,274,-1,273,274,275,-1,275,274,276,-1,275,276,277,-1,277,276,278,-1,277,278,279,-1,279,278,280,-1,279,280,281,-1,281,280,282,-1,281,282,283,-1,283,282,284,-1,283,284,285,-1,286,287,284,-1,284,287,285,-1,288,289,286,-1,286,289,287,-1,255,254,288,-1,288,254,289,-1,269,271,246,-1,246,271,244,-1,244,271,273,-1,244,273,242,-1,242,273,275,-1,242,275,239,-1,275,277,239,-1,239,277,279,-1,239,279,253,-1,253,279,281,-1,253,281,247,-1,247,281,283,-1,247,283,248,-1,248,283,285,-1,248,285,216,-1,216,285,287,-1,216,287,217,-1,217,287,289,-1,217,289,220,-1,220,289,254,-1,220,254,223,-1,223,254,257,-1,223,257,225,-1,225,257,259,-1,225,259,227,-1,227,259,261,-1,227,261,238,-1,238,261,263,-1,238,263,236,-1,236,263,265,-1,236,265,233,-1,233,265,267,-1,233,267,231,-1,231,267,269,-1,231,269,229,-1,229,269,246,-1,
        ]
    }
}
Shape{
    appearance Appearance {
        material  Material 	{
            diffuseColor 0.9686274509803922 0.8784313725490196 0.6
            specularColor 0.6784313725490196 0.615686274509804 0.4196078431372549
            ambientIntensity 0.8737
            transparency 0.0
            shininess 0.5
        }
    }
    geometry IndexedFaceSet {
        ccw TRUE
        solid FALSE
        coord DEF co Coordinate {
            point [
                -0.3434 1.0385 0.3758, -0.3429 1.0387 0.3141, -0.3555 1.0344 0.3757, -0.3546 1.0348 0.314, -0.3647 1.0312 0.315, -0.3716 1.0287 0.3174, -0.3769 1.0268 0.3209, -0.3784 1.0263 0.3222, -0.3824 1.0248 0.3271, -0.3852 1.0237 0.333, -0.3785 1.0262 0.368, -0.3828 1.0246 0.3567, -0.3811 1.0253 0.3654, -0.3841 1.0241 0.3607, -0.3868 1.0231 0.3404, -0.3871 1.023 0.3454, -0.3862 1.0233 0.3547, -0.3727 1.0284 0.372, -0.3658 1.0308 0.3745
            ]
        }
        coordIndex [
            0,1,2,-1,2,1,3,-1,3,4,2,-1,2,4,5,-1,2,5,6,-1,6,7,2,-1,2,7,8,-1,2,8,9,-1,10,11,12,-1,12,11,13,-1,9,14,2,-1,2,14,15,-1,2,15,11,-1,11,15,16,-1,11,16,13,-1,10,17,11,-1,11,17,18,-1,11,18,2,-1,
        ]
    }
}
Shape{
    appearance Appearance {
        material  Material 	{
            diffuseColor 0.0 0.0 0.0
            specularColor 0.0 0.0 0.0
            ambientIntensity 0.0
            transparency 0.0
            shininess 0.5
        }
    }
    geometry IndexedFaceSet {
        ccw TRUE
        solid FALSE
        coord DEF co Coordinate {
            point [
                -0.4742 0.986 0.304, -0.4628 0.9915 0.3041, -0.4742 0.9856 0.304, -0.4628 0.991 0.3041, -0.4548 0.9952 0.3261, -0.4548 0.9947 0.3261, -0.4214 1.0098 0.3263, -0.4214 1.0093 0.3263, -0.4136 1.013 0.3045, -0.4136 1.0126 0.3045, -0.4022 1.0176 0.3046, -0.4022 1.0172 0.3046, -0.4332 1.0047 0.3844, -0.4332 1.0043 0.3844, -0.4443 0.9999 0.3843, -0.4443 0.9995 0.3843, -0.437 1.0027 0.3685, -0.437 1.0031 0.3685, -0.4248 1.0079 0.3353, -0.4248 1.0084 0.3353, -0.4376 1.0024 0.371, -0.4376 1.0029 0.371, -0.4383 1.0021 0.3741, -0.4383 1.0025 0.3741, -0.4386 1.002 0.3741, -0.4386 1.0024 0.3741, -0.4393 1.0017 0.3708, -0.4393 1.0021 0.3708, -0.4398 1.0015 0.3685, -0.4398 1.0019 0.3685, -0.4516 0.9962 0.3351, -0.4516 0.9966 0.3351
            ]
        }
        coordIndex [
            0,1,2,-1,2,1,3,-1,1,4,3,-1,3,4,5,-1,4,6,5,-1,5,6,7,-1,6,8,7,-1,7,8,9,-1,8,10,9,-1,9,10,11,-1,10,12,11,-1,11,12,13,-1,12,14,13,-1,13,14,15,-1,14,0,15,-1,15,0,2,-1,16,17,18,-1,18,17,19,-1,17,16,20,-1,17,20,21,-1,21,20,22,-1,21,22,23,-1,24,25,22,-1,22,25,23,-1,25,24,26,-1,25,26,27,-1,27,26,28,-1,27,28,29,-1,30,31,28,-1,28,31,29,-1,18,19,30,-1,30,19,31,-1,19,6,31,-1,31,6,4,-1,17,12,19,-1,19,12,10,-1,19,10,6,-1,6,10,8,-1,17,21,12,-1,12,21,23,-1,12,23,14,-1,14,23,25,-1,14,25,27,-1,27,29,14,-1,14,29,31,-1,14,31,0,-1,0,31,4,-1,0,4,1,-1,
        ]
    }
}
Shape{
    appearance Appearance {
        material  Material 	{
            diffuseColor 0.9686274509803922 0.8784313725490196 0.6
            specularColor 0.6784313725490196 0.615686274509804 0.4196078431372549
            ambientIntensity 0.8737
            transparency 0.0
            shininess 0.5
        }
    }
    geometry IndexedFaceSet {
        ccw TRUE
        solid FALSE
        coord DEF co Coordinate {
            point [
                -0.4248 1.0079 0.3353, -0.4516 0.9962 0.3351, -0.437 1.0027 0.3685, -0.4398 1.0015 0.3685, -0.4376 1.0024 0.371, -0.4393 1.0017 0.3708, -0.4383 1.0021 0.3741, -0.4386 1.002 0.3741
            ]
        }
        coordIndex [
            0,1,2,-1,2,1,3,-1,2,3,4,-1,4,3,5,-1,4,5,6,-1,6,5,7,-1,
        ]
    }
}
Shape{
    appearance Appearance {
        material  Material 	{
            diffuseColor 0.0 0.0 0.0
            specularColor 0.0 0.0 0.0
            ambientIntensity 0.0
            transparency 0.0
            shininess 0.5
        }
    }
    geometry IndexedFaceSet {
        ccw TRUE
        solid FALSE
        coord DEF co Coordinate {
            point [
                0.0339 1.094 0.333, 0.0339 1.0936 0.333, 0.0231 1.0938 0.3475, 0.0231 1.0942 0.3475, 0.0155 1.094 0.3653, 0.0155 1.0944 0.3653, 0.0125 1.094 0.384, 0.0125 1.0944 0.384, 0.0124 1.094 0.3869, 0.0124 1.0944 0.3869, 0.0858 1.0912 0.3077, 0.0858 1.0908 0.3077, 0.068 1.092 0.3112, 0.068 1.0924 0.3112, 0.0505 1.0929 0.3193, 0.0505 1.0933 0.3193, 0.0355 1.0935 0.3313, 0.0355 1.0939 0.3313, 0.0345 1.0935 0.3323, 0.1194 1.088 0.308, 0.1194 1.0876 0.308, 0.1358 1.0861 0.3257, 0.1358 1.0857 0.3257, 0.1354 1.0858 0.3217, 0.1339 1.0863 0.3178, 0.135 1.0862 0.3207, 0.1354 1.0862 0.3217, 0.1339 1.0859 0.3178, 0.1315 1.0862 0.3142, 0.1315 1.0866 0.3142, 0.1295 1.0865 0.3122, 0.1295 1.0869 0.3122, 0.1257 1.0869 0.3097, 0.1257 1.0873 0.3097, 0.1219 1.0873 0.3083, 0.1219 1.0877 0.3083, 0.1347 1.0858 0.3317, 0.1326 1.0865 0.3357, 0.1326 1.0861 0.3357, 0.1296 1.0869 0.339, 0.1296 1.0865 0.339, 0.1261 1.0873 0.3414, 0.1261 1.0869 0.3414, 0.1221 1.0877 0.3428, 0.1221 1.0873 0.3428, 0.118 1.0882 0.3433, 0.118 1.0878 0.3433, 0.1357 1.0861 0.3274, 0.135 1.0862 0.3306, 0.1347 1.0862 0.3317, 0.1357 1.0857 0.3274, 0.1146 1.0885 0.3427, 0.1146 1.0881 0.3427, 0.1158 1.088 0.3428, 0.1158 1.0884 0.3429, 0.1175 1.0878 0.3432, 0.1175 1.0882 0.3432, 0.089 1.0909 0.3425, 0.089 1.0905 0.3425, 0.0477 1.0935 0.3866, 0.0477 1.0931 0.3866, 0.0492 1.093 0.3755, 0.0492 1.0934 0.3755, 0.0531 1.0928 0.3654, 0.0531 1.0932 0.3654, 0.0595 1.0925 0.3566, 0.0595 1.0929 0.3566, 0.0603 1.0924 0.3557, 0.0603 1.0928 0.3557, 0.0688 1.092 0.3489, 0.0688 1.0923 0.3489, 0.0788 1.0913 0.3443, 0.0788 1.0917 0.3443, 0.0918 1.0907 0.4313, 0.0918 1.0903 0.4313, 0.081 1.0911 0.4299, 0.081 1.0915 0.4299, 0.0711 1.0918 0.426, 0.0711 1.0922 0.426, 0.0623 1.0923 0.4198, 0.0623 1.0927 0.4198, 0.0557 1.0927 0.4123, 0.0557 1.0931 0.4123, 0.0505 1.0929 0.4025, 0.0505 1.0933 0.4025, 0.0479 1.093 0.3915, 0.0479 1.0934 0.3915, 0.0964 1.0903 0.4313, 0.0964 1.0899 0.4313, 0.1755 1.0804 0.5031, 0.1755 1.08 0.5031, 0.1687 1.0811 0.5022, 0.1576 1.0832 0.5009, 0.1576 1.0828 0.5009, 0.1397 1.0852 0.4943, 0.1397 1.0856 0.4943, 0.135 1.0862 0.491, 0.1236 1.0872 0.4833, 0.1236 1.0875 0.4833, 0.118 1.0878 0.478, 0.118 1.0882 0.478, 0.1061 1.089 0.4619, 0.1061 1.0894 0.4619, 0.0985 1.0897 0.443, 0.0985 1.0901 0.443, 0.2522 1.0652 0.449, 0.2522 1.0648 0.449, 0.2443 1.0666 0.4656, 0.2443 1.0671 0.4656, 0.2317 1.0694 0.481, 0.2317 1.0698 0.481, 0.2159 1.0727 0.4927, 0.2159 1.0731 0.4927, 0.1973 1.0763 0.5003, 0.1973 1.0767 0.5003, 0.1783 1.0796 0.503, 0.1783 1.08 0.503, 0.2823 1.0572 0.4577, 0.2691 1.0607 0.456, 0.2823 1.0576 0.4577, 0.2691 1.0611 0.456, 0.258 1.0638 0.4519, 0.2564 1.0638 0.4513, 0.2564 1.0642 0.4513, 0.3397 1.0407 0.4012, 0.3397 1.0403 0.4012, 0.3379 1.0409 0.4149, 0.3379 1.0413 0.4149, 0.3329 1.0425 0.4276, 0.3329 1.0429 0.4276, 0.3249 1.045 0.4389, 0.3249 1.0454 0.4389, 0.315 1.048 0.4476, 0.315 1.0484 0.4476, 0.3022 1.0517 0.4543, 0.3022 1.0522 0.4543, 0.3003 1.0523 0.4547, 0.2882 1.0561 0.4575, 0.2882 1.0557 0.4575, 0.3059 1.0511 0.3486, 0.3059 1.0507 0.3486, 0.3182 1.047 0.3563, 0.3182 1.0474 0.3563, 0.3283 1.0439 0.3668, 0.3283 1.0443 0.3668, 0.3351 1.0418 0.3785, 0.3351 1.0422 0.3785, 0.3375 1.0414 0.3854, 0.3375 1.041 0.3854, 0.3391 1.0409 0.3925, 0.3391 1.0405 0.3925, 0.3003 1.0523 0.3591, 0.2995 1.0529 0.3608, 0.2995 1.0525 0.3608, 0.29 1.0556 0.3715, 0.29 1.0552 0.3715, 0.2783 1.0587 0.3795, 0.2783 1.0583 0.3795, 0.2657 1.0619 0.3842, 0.2657 1.0615 0.3842, 0.258 1.0638 0.3851, 0.2521 1.0648 0.3858, 0.2521 1.0652 0.3858, 0.2095 1.0744 0.3661, 0.2095 1.074 0.3661, 0.2194 1.072 0.3752, 0.2194 1.0724 0.3752, 0.2314 1.0695 0.3818, 0.2314 1.0699 0.3818, 0.2451 1.0664 0.3853, 0.2451 1.0668 0.3853, 0.1686 1.0804 0.3871, 0.135 1.0861 0.4044, 0.133 1.0861 0.4054, 0.133 1.0865 0.4054, 0.1155 1.0884 0.3751, 0.1155 1.088 0.3751, 0.1349 1.0857 0.3651, 0.1686 1.0805 0.3475, 0.1955 1.077 0.3336, 0.1955 1.0766 0.3336, 0.1956 1.077 0.3279, 0.1956 1.0766 0.3279, 0.2529 1.065 0.2713, 0.2529 1.0646 0.2713, 0.2391 1.0678 0.2729, 0.2391 1.0682 0.2729, 0.2264 1.0706 0.2777, 0.2264 1.071 0.2777, 0.215 1.0729 0.2855, 0.215 1.0733 0.2855, 0.2061 1.0746 0.2954, 0.2061 1.075 0.2954, 0.1993 1.0759 0.308, 0.1993 1.0763 0.308, 0.1959 1.0765 0.322, 0.1959 1.0769 0.322, 0.3067 1.0509 0.3104, 0.3067 1.0504 0.3104, 0.3011 1.0521 0.2982, 0.3011 1.0525 0.2982, 0.3003 1.0523 0.2973, 0.2927 1.0548 0.2877, 0.2927 1.0544 0.2877, 0.2817 1.0574 0.2792, 0.2817 1.0578 0.2792, 0.2686 1.0608 0.2736, 0.2686 1.0612 0.2736, 0.258 1.0638 0.2719, 0.2551 1.0641 0.2714, 0.2551 1.0645 0.2714, 0.3521 1.0366 0.3381, 0.3521 1.0362 0.3381, 0.3371 1.0411 0.3247, 0.3371 1.0415 0.3247, 0.317 1.0474 0.3138, 0.317 1.0478 0.3138, 0.3755 1.0283 0.4003, 0.3755 1.0279 0.4003, 0.3736 1.0286 0.3809, 0.3736 1.029 0.3809, 0.3663 1.0312 0.3595, 0.3663 1.0317 0.3595, 0.3545 1.0353 0.341, 0.3545 1.0358 0.341, 0.3735 1.0291 0.4188, 0.3705 1.0302 0.4299, 0.3705 1.0298 0.4299, 0.3606 1.0336 0.4499, 0.3606 1.0332 0.4499, 0.3483 1.0379 0.465, 0.3483 1.0374 0.465, 0.3752 1.028 0.4075, 0.3735 1.0287 0.4189, 0.3748 1.0286 0.4075, 0.3022 1.0522 0.4899, 0.2827 1.0576 0.4919, 0.3003 1.0523 0.4901, 0.2827 1.0572 0.4919, 0.3022 1.0518 0.4899, 0.3235 1.0454 0.4826, 0.3235 1.0458 0.4826, 0.3428 1.0393 0.4701, 0.3428 1.0397 0.4701, 0.2696 1.061 0.4906, 0.2696 1.0606 0.4906, 0.2761 1.0589 0.4913, 0.2761 1.0593 0.4913, 0.2443 1.0666 0.5155, 0.2578 1.0635 0.5042, 0.2443 1.067 0.5155, 0.2578 1.0639 0.5042, 0.258 1.0638 0.5039, 0.1759 1.0804 0.5372, 0.1759 1.08 0.5372, 0.2041 1.075 0.5339, 0.2041 1.0754 0.5339, 0.2305 1.0697 0.524, 0.2305 1.0701 0.524, 0.0987 1.0901 0.5071, 0.0987 1.0897 0.5071, 0.1239 1.0871 0.5243, 0.1687 1.0811 0.5364, 0.1524 1.0839 0.5346, 0.1524 1.0835 0.5346, 0.135 1.0861 0.5283, 0.1239 1.0875 0.5243, 0.0682 1.0924 0.4619, 0.0682 1.092 0.4619, 0.0802 1.0912 0.4855, 0.0802 1.0916 0.4855, 0.0146 1.094 0.4045, 0.0146 1.0944 0.4045, 0.0212 1.0939 0.422, 0.0212 1.0943 0.422, 0.0325 1.0936 0.4384, 0.0325 1.094 0.4384, 0.0345 1.0935 0.4402, 0.0477 1.0935 0.4518, 0.0477 1.0931 0.4518, 0.0644 1.0922 0.4606, 0.0644 1.0926 0.4606, 0.2532 1.065 0.3055, 0.2532 1.0646 0.3055, 0.258 1.0638 0.3061, 0.2581 1.0634 0.3061, 0.2581 1.0638 0.3061, 0.2633 1.0621 0.308, 0.2633 1.0625 0.308, 0.2679 1.061 0.3112, 0.2679 1.0614 0.3112, 0.2715 1.0601 0.3153, 0.2715 1.0605 0.3153, 0.2739 1.0594 0.32, 0.2739 1.0599 0.32, 0.2752 1.0591 0.3253, 0.2752 1.0595 0.3253, 0.2751 1.0591 0.3305, 0.2751 1.0595 0.3305, 0.2746 1.0597 0.3332, 0.2746 1.0593 0.3332, 0.2737 1.0599 0.3359, 0.2737 1.0595 0.3359, 0.271 1.0602 0.3408, 0.271 1.0606 0.3408, 0.2672 1.0612 0.3448, 0.2672 1.0616 0.3448, 0.2626 1.0623 0.3477, 0.2626 1.0627 0.3477, 0.258 1.0638 0.3493, 0.2576 1.0635 0.3494, 0.2576 1.0639 0.3494, 0.2529 1.0646 0.3499, 0.2529 1.065 0.3499, 0.2483 1.0657 0.3494, 0.2483 1.0661 0.3494, 0.2431 1.0669 0.3475, 0.2431 1.0673 0.3475, 0.2385 1.068 0.3444, 0.2385 1.0684 0.3444, 0.2348 1.0688 0.3403, 0.2348 1.0692 0.3403, 0.2323 1.0693 0.3356, 0.2323 1.0697 0.3356, 0.231 1.0696 0.3304, 0.231 1.07 0.3304, 0.2311 1.0696 0.3248, 0.2311 1.07 0.3248, 0.2325 1.0693 0.3194, 0.2325 1.0697 0.3194, 0.2352 1.0687 0.3145, 0.2352 1.0691 0.3145, 0.239 1.0678 0.3105, 0.239 1.0682 0.3105, 0.2435 1.0668 0.3077, 0.2435 1.0672 0.3077, 0.2485 1.0657 0.306, 0.2485 1.0661 0.306, 0.1265 1.0872 0.3369, 0.211 1.0741 0.3028
            ]
        }
        coordIndex [
            0,1,2,-1,0,2,3,-1,3,2,4,-1,3,4,5,-1,5,4,6,-1,5,6,7,-1,7,6,8,-1,7,8,9,-1,10,11,12,-1,10,12,13,-1,13,12,14,-1,13,14,15,-1,15,14,16,-1,15,16,17,-1,17,16,0,-1,0,16,18,-1,0,18,1,-1,10,19,11,-1,11,19,20,-1,21,22,23,-1,24,25,23,-1,23,25,26,-1,23,26,21,-1,23,27,24,-1,24,27,28,-1,24,28,29,-1,29,28,30,-1,29,30,31,-1,31,30,32,-1,31,32,33,-1,33,32,34,-1,33,34,35,-1,35,34,20,-1,35,20,19,-1,36,37,38,-1,38,37,39,-1,38,39,40,-1,40,39,41,-1,40,41,42,-1,42,41,43,-1,42,43,44,-1,44,43,45,-1,44,45,46,-1,47,48,36,-1,36,48,49,-1,36,49,37,-1,36,50,47,-1,47,50,22,-1,47,22,21,-1,51,52,53,-1,51,53,54,-1,54,53,55,-1,54,55,56,-1,56,55,46,-1,56,46,45,-1,51,57,52,-1,52,57,58,-1,59,60,61,-1,59,61,62,-1,62,61,63,-1,62,63,64,-1,64,63,65,-1,64,65,66,-1,66,65,67,-1,66,67,68,-1,68,67,69,-1,68,69,70,-1,70,69,71,-1,70,71,72,-1,72,71,58,-1,72,58,57,-1,73,74,75,-1,73,75,76,-1,76,75,77,-1,76,77,78,-1,78,77,79,-1,78,79,80,-1,80,79,81,-1,80,81,82,-1,82,81,83,-1,82,83,84,-1,84,83,85,-1,84,85,86,-1,86,85,60,-1,86,60,59,-1,73,87,74,-1,74,87,88,-1,89,90,91,-1,89,91,92,-1,91,93,92,-1,92,93,94,-1,92,94,95,-1,95,94,96,-1,96,94,97,-1,96,97,98,-1,98,97,99,-1,98,99,100,-1,100,99,101,-1,100,101,102,-1,102,101,103,-1,102,103,104,-1,104,103,88,-1,104,88,87,-1,105,106,107,-1,105,107,108,-1,108,107,109,-1,108,109,110,-1,110,109,111,-1,110,111,112,-1,112,111,113,-1,112,113,114,-1,114,113,115,-1,114,115,116,-1,116,115,90,-1,116,90,89,-1,117,118,119,-1,119,118,120,-1,120,118,121,-1,121,118,122,-1,121,122,123,-1,123,122,106,-1,123,106,105,-1,124,125,126,-1,124,126,127,-1,127,126,128,-1,127,128,129,-1,129,128,130,-1,129,130,131,-1,131,130,132,-1,131,132,133,-1,133,132,134,-1,133,134,135,-1,135,134,136,-1,135,136,137,-1,136,138,137,-1,137,138,117,-1,137,117,119,-1,139,140,141,-1,139,141,142,-1,142,141,143,-1,142,143,144,-1,144,143,145,-1,144,145,146,-1,146,145,147,-1,147,145,148,-1,147,148,149,-1,148,150,149,-1,149,150,125,-1,149,125,124,-1,140,139,151,-1,151,139,152,-1,151,152,153,-1,153,152,154,-1,153,154,155,-1,155,154,156,-1,155,156,157,-1,157,156,158,-1,157,158,159,-1,159,158,160,-1,159,160,161,-1,161,160,162,-1,163,164,165,-1,163,165,166,-1,166,165,167,-1,166,167,168,-1,168,167,169,-1,168,169,170,-1,170,169,161,-1,170,161,162,-1,164,163,171,-1,171,163,172,-1,171,172,173,-1,173,172,174,-1,174,175,173,-1,173,175,176,-1,176,175,177,-1,176,177,178,-1,178,177,179,-1,178,179,180,-1,179,181,180,-1,180,181,182,-1,183,184,185,-1,183,185,186,-1,186,185,187,-1,186,187,188,-1,188,187,189,-1,188,189,190,-1,190,189,191,-1,190,191,192,-1,192,191,193,-1,192,193,194,-1,194,193,195,-1,194,195,196,-1,196,195,182,-1,196,182,181,-1,197,198,199,-1,197,199,200,-1,200,199,201,-1,200,201,202,-1,201,203,202,-1,202,203,204,-1,202,204,205,-1,205,204,206,-1,205,206,207,-1,207,206,208,-1,208,206,209,-1,208,209,210,-1,210,209,184,-1,210,184,183,-1,211,212,213,-1,211,213,214,-1,214,213,215,-1,214,215,216,-1,216,215,198,-1,216,198,197,-1,217,218,219,-1,217,219,220,-1,220,219,221,-1,220,221,222,-1,222,221,223,-1,222,223,224,-1,224,223,212,-1,224,212,211,-1,225,226,227,-1,227,226,228,-1,227,228,229,-1,229,228,230,-1,229,230,231,-1,232,218,217,-1,227,233,225,-1,225,233,232,-1,225,232,234,-1,234,232,217,-1,235,236,237,-1,237,236,238,-1,237,239,235,-1,235,239,240,-1,235,240,241,-1,241,240,242,-1,241,242,243,-1,243,242,231,-1,243,231,230,-1,244,245,246,-1,244,246,247,-1,247,246,238,-1,247,238,236,-1,248,249,250,-1,250,249,251,-1,245,244,249,-1,249,244,252,-1,249,252,251,-1,253,254,255,-1,253,255,256,-1,256,255,257,-1,256,257,258,-1,258,257,248,-1,258,248,250,-1,259,260,261,-1,254,253,262,-1,262,253,263,-1,262,263,264,-1,264,263,265,-1,264,265,261,-1,261,265,266,-1,261,266,259,-1,267,268,269,-1,267,269,270,-1,270,269,260,-1,270,260,259,-1,9,8,271,-1,9,271,272,-1,272,271,273,-1,272,273,274,-1,274,273,275,-1,274,275,276,-1,276,275,277,-1,276,277,278,-1,277,279,278,-1,278,279,280,-1,278,280,281,-1,281,280,268,-1,281,268,267,-1,282,283,284,-1,284,283,285,-1,284,285,286,-1,286,285,287,-1,286,287,288,-1,288,287,289,-1,288,289,290,-1,290,289,291,-1,290,291,292,-1,292,291,293,-1,292,293,294,-1,294,293,295,-1,294,295,296,-1,296,295,297,-1,296,297,298,-1,298,297,299,-1,299,297,300,-1,299,300,301,-1,300,302,301,-1,301,302,303,-1,301,303,304,-1,304,303,305,-1,304,305,306,-1,306,305,307,-1,306,307,308,-1,308,307,309,-1,309,307,310,-1,309,310,311,-1,311,310,312,-1,311,312,313,-1,313,312,314,-1,313,314,315,-1,315,314,316,-1,315,316,317,-1,317,316,318,-1,317,318,319,-1,319,318,320,-1,319,320,321,-1,321,320,322,-1,321,322,323,-1,323,322,324,-1,323,324,325,-1,325,324,326,-1,325,326,327,-1,327,326,328,-1,327,328,329,-1,329,328,330,-1,329,330,331,-1,331,330,332,-1,331,332,333,-1,333,332,334,-1,333,334,335,-1,335,334,336,-1,335,336,337,-1,337,336,283,-1,337,283,282,-1,200,202,139,-1,87,73,267,-1,267,73,76,-1,267,76,281,-1,281,76,78,-1,281,78,278,-1,278,78,276,-1,78,80,276,-1,276,80,82,-1,276,82,274,-1,274,82,84,-1,274,84,272,-1,272,84,86,-1,272,86,9,-1,9,86,59,-1,54,35,51,-1,51,35,19,-1,51,19,57,-1,57,19,10,-1,57,10,72,-1,72,10,13,-1,72,13,70,-1,70,13,15,-1,70,15,68,-1,68,15,17,-1,68,17,66,-1,66,17,0,-1,66,0,64,-1,64,0,3,-1,64,3,62,-1,62,3,5,-1,62,5,59,-1,59,5,7,-1,59,7,9,-1,48,338,49,-1,49,338,37,-1,43,41,338,-1,338,41,39,-1,338,39,37,-1,43,338,45,-1,45,338,29,-1,45,29,31,-1,54,56,35,-1,35,56,45,-1,35,45,33,-1,33,45,31,-1,265,96,266,-1,266,96,98,-1,266,98,259,-1,259,98,100,-1,259,100,270,-1,270,100,102,-1,270,102,267,-1,267,102,104,-1,267,104,87,-1,48,47,21,-1,21,26,48,-1,48,26,25,-1,48,25,338,-1,338,25,24,-1,338,24,29,-1,123,105,108,-1,123,108,121,-1,112,114,256,-1,256,114,253,-1,114,116,253,-1,253,116,89,-1,253,89,263,-1,263,89,92,-1,263,92,265,-1,265,92,95,-1,265,95,96,-1,290,202,288,-1,288,202,205,-1,288,205,286,-1,286,205,207,-1,286,207,284,-1,290,292,202,-1,202,292,294,-1,202,294,139,-1,139,294,296,-1,139,296,298,-1,144,224,211,-1,144,211,142,-1,224,144,222,-1,222,144,146,-1,222,146,220,-1,124,217,149,-1,149,217,220,-1,149,220,147,-1,147,220,146,-1,127,225,124,-1,124,225,234,-1,124,234,217,-1,256,258,112,-1,112,258,250,-1,112,250,110,-1,110,250,251,-1,110,251,108,-1,108,251,252,-1,108,252,121,-1,121,252,244,-1,121,244,120,-1,120,244,247,-1,120,247,119,-1,119,247,236,-1,119,236,137,-1,137,236,235,-1,137,235,135,-1,135,235,241,-1,135,241,133,-1,133,241,243,-1,133,243,131,-1,131,243,230,-1,131,230,129,-1,129,230,228,-1,129,228,127,-1,127,228,226,-1,127,226,225,-1,211,214,142,-1,142,214,216,-1,142,216,139,-1,139,216,197,-1,139,197,200,-1,194,196,339,-1,339,196,181,-1,339,181,179,-1,188,190,339,-1,339,190,192,-1,339,192,194,-1,188,339,163,-1,163,339,179,-1,163,179,172,-1,298,299,139,-1,139,299,301,-1,139,301,152,-1,152,301,304,-1,152,304,154,-1,154,304,306,-1,154,306,156,-1,156,306,308,-1,156,308,158,-1,158,308,309,-1,158,309,160,-1,160,309,311,-1,160,311,162,-1,162,311,313,-1,162,313,170,-1,170,313,315,-1,170,315,168,-1,168,315,317,-1,168,317,166,-1,166,317,319,-1,166,319,163,-1,163,319,321,-1,163,321,323,-1,323,325,163,-1,163,325,327,-1,163,327,188,-1,188,327,329,-1,188,329,331,-1,331,333,188,-1,188,333,335,-1,188,335,186,-1,186,335,337,-1,186,337,183,-1,183,337,282,-1,183,282,210,-1,210,282,284,-1,210,284,208,-1,208,284,207,-1,179,177,172,-1,172,177,175,-1,172,175,174,-1,
        ]
    }
}
Shape{
    appearance Appearance {
        material  Material 	{
            diffuseColor 0.9686274509803922 0.8784313725490196 0.6
            specularColor 0.6784313725490196 0.615686274509804 0.4196078431372549
            ambientIntensity 0.8737
            transparency 0.0
            shininess 0.5
        }
    }
    geometry IndexedFaceSet {
        ccw TRUE
        solid FALSE
        coord DEF co Coordinate {
            point [
                0.2323 1.0693 0.3356, 0.2348 1.0688 0.3403, 0.2427 1.067 0.3346, 0.2385 1.068 0.3444, 0.2431 1.0669 0.3475, 0.2483 1.0657 0.3494, 0.2529 1.0646 0.3499, 0.2325 1.0693 0.3194, 0.2311 1.0696 0.3248, 0.231 1.0696 0.3304, 0.2576 1.0635 0.3494, 0.2626 1.0623 0.3477, 0.2672 1.0612 0.3448, 0.2746 1.0593 0.3332, 0.2737 1.0595 0.3359, 0.271 1.0602 0.3408, 0.2679 1.061 0.3112, 0.2633 1.0621 0.308, 0.2642 1.0619 0.318, 0.2581 1.0634 0.3061, 0.2532 1.0646 0.3055, 0.2751 1.0591 0.3305, 0.2752 1.0591 0.3253, 0.2739 1.0594 0.32, 0.2715 1.0601 0.3153, 0.2485 1.0657 0.306, 0.2435 1.0668 0.3077, 0.239 1.0678 0.3105, 0.2352 1.0687 0.3145
            ]
        }
        coordIndex [
            0,1,2,-1,2,1,3,-1,3,4,2,-1,2,4,5,-1,2,5,6,-1,7,8,2,-1,2,8,9,-1,2,9,0,-1,6,10,2,-1,2,10,11,-1,2,11,12,-1,13,7,14,-1,14,7,2,-1,14,2,15,-1,15,2,12,-1,16,17,18,-1,18,17,19,-1,18,19,20,-1,18,21,22,-1,22,23,18,-1,18,23,24,-1,18,24,16,-1,20,25,18,-1,18,25,26,-1,18,26,27,-1,13,21,7,-1,7,21,18,-1,7,18,28,-1,28,18,27,-1,
        ]
    }
}